2026-02-05 18:37:21,625 - Knowledge - INFO - Created shared MongoDB connection pool
2026-02-05 18:37:21,954 - Knowledge - INFO - Starting Knowledge Graph processing with 20 threads
2026-02-05 18:37:22,128 - Knowledge - INFO - Initial configuration: chunk_size=65536, max_cache_size=500
2026-02-05 18:37:22,270 - Knowledge - INFO - Knowledge Graph concurrency configuration: workers=20, max_batch_size=10, max_concurrent_llm_calls=50
2026-02-05 18:37:23,872 - Knowledge - INFO - 🔍 _load_persisted_knowledge called - checking for Redis optimization
2026-02-05 18:37:24,044 - Knowledge - WARNING - ❌ load_from_redis method not found - Redis support not attached
2026-02-05 18:37:24,226 - Knowledge - INFO - load persisted knowledge: begin
2026-02-05 18:37:24,395 - Knowledge - INFO - Loaded 0 files from persisted knowledge
2026-02-05 18:37:24,577 - Knowledge - INFO - load persisted knowledge: end
2026-02-05 18:37:24,783 - Knowledge - WARNING - No persisted knowledge found. Files will be queued during start()
2026-02-05 18:37:24,946 - Knowledge - INFO - Redis support added with prefix knowledge:b34046x:
2026-02-05 18:37:25,874 - Knowledge - INFO - Starting knowledge initialization for ID: a65waN-b34046x
2026-02-05 18:37:26,013 - Knowledge - INFO - 🔍 Checking Redis for build_id: b34046x
2026-02-05 18:37:26,215 - Knowledge - INFO - 🔍 Full session ID: a65waN-b34046x
2026-02-05 18:37:26,398 - Knowledge - INFO - 🔍 Redis prefix will be: knowledge:b34046x:
2026-02-05 18:37:26,579 - Knowledge - INFO - 🔍 Using attached load_from_redis() method
2026-02-05 18:37:26,761 - Knowledge - INFO - 🔍 Attempting to load knowledge from Redis...
2026-02-05 18:37:26,942 - Knowledge - INFO - 🔍 Using derived instance_id for Redis lookup: b34046x
2026-02-05 18:37:27,101 - Knowledge - WARNING - ❌ No Redis cache found
2026-02-05 18:37:27,275 - Knowledge - INFO - 📁 Loading knowledge from disk...
2026-02-05 18:37:27,467 - Knowledge - INFO - load persisted docinfo: begin
2026-02-05 18:37:27,680 - Knowledge - INFO - load persisted docinfo: end
2026-02-05 18:37:27,868 - Knowledge - INFO - 🔍 _load_persisted_knowledge called - checking for Redis optimization
2026-02-05 18:37:28,032 - Knowledge - INFO - ✅ load_from_redis method found - attempting Redis load
2026-02-05 18:37:28,225 - Knowledge - INFO - 🔍 Attempting to load knowledge from Redis...
2026-02-05 18:37:28,409 - Knowledge - INFO - 🔍 Using derived instance_id for Redis lookup: b34046x
2026-02-05 18:37:28,589 - Knowledge - WARNING - ❌ No Redis cache found
2026-02-05 18:37:28,780 - Knowledge - INFO - ❌ Redis load returned False - falling back to file loading
2026-02-05 18:37:28,941 - Knowledge - INFO - load persisted knowledge: begin
2026-02-05 18:37:29,152 - Knowledge - INFO - Loaded 0 files from persisted knowledge
2026-02-05 18:37:29,343 - Knowledge - INFO - load persisted knowledge: end
2026-02-05 18:37:29,548 - Knowledge - INFO - 📁 Disk load complete in 2.12s
2026-02-05 18:37:29,719 - Knowledge - INFO - Populating ingest queue with source files...
2026-02-05 18:37:30,359 - Knowledge - INFO - Added 1086 files from /app/data/T0015/315875/b34046x/arccore-315875 to ingest queue
2026-02-05 18:37:30,564 - Knowledge - INFO - [WEBSOCKET] Sent: Type=progress_update, Size: 161, Duration: 0ms
2026-02-05 18:37:30,734 - Knowledge - INFO - Worker kw1 created using shared MongoDB connection pool
2026-02-05 18:37:30,900 - Knowledge - INFO - knowledge worker kw1 start
2026-02-05 18:37:30,900 - Knowledge - INFO - Worker kw2 created using shared MongoDB connection pool
2026-02-05 18:37:31,067 - Knowledge - INFO - [kw1] Queue=1086, InProgress=0, PendingWorkers=0/1, Completed=0/1086 (0.0%)
2026-02-05 18:37:31,163 - Knowledge - INFO - knowledge worker kw2 start
2026-02-05 18:37:31,164 - Knowledge - INFO - Worker kw3 created using shared MongoDB connection pool
2026-02-05 18:37:31,281 - Knowledge - INFO - Batch sizing: calculated=10, max_allowed=10, queue=1086, active_workers=0/2
2026-02-05 18:37:31,352 - Knowledge - INFO - [kw2] Queue=1086, InProgress=0, PendingWorkers=0/2, Completed=0/1086 (0.0%)
2026-02-05 18:37:31,444 - Knowledge - INFO - knowledge worker kw3 start
2026-02-05 18:37:31,444 - Knowledge - INFO - Worker kw4 created using shared MongoDB connection pool
2026-02-05 18:37:31,548 - Knowledge - INFO - Worker kw1 processing /app/data/T0015/315875/b34046x/arccore-315875/scripts/compile_examples.sh
2026-02-05 18:37:31,657 - Knowledge - INFO - Batch sizing: calculated=10, max_allowed=10, queue=1086, active_workers=1/3
2026-02-05 18:37:31,735 - Knowledge - INFO - [kw3] Queue=1076, InProgress=0, PendingWorkers=1/3, Completed=0/1086 (0.0%)
2026-02-05 18:37:31,839 - Knowledge - INFO - knowledge worker kw4 start
2026-02-05 18:37:31,839 - Knowledge - INFO - Worker kw5 created using shared MongoDB connection pool
2026-02-05 18:37:31,931 - Knowledge - INFO - Worker kw1 processing /app/data/T0015/315875/b34046x/arccore-315875/scripts/build_arm.sh
2026-02-05 18:37:32,013 - Knowledge - INFO - Worker kw2 processing /app/data/T0015/315875/b34046x/arccore-315875/scripts/req-os.xml
2026-02-05 18:37:32,084 - Knowledge - INFO - Batch sizing: calculated=10, max_allowed=10, queue=1076, active_workers=2/4
2026-02-05 18:37:32,170 - Knowledge - INFO - [kw4] Queue=1066, InProgress=0, PendingWorkers=2/4, Completed=0/1086 (0.0%)
2026-02-05 18:37:32,233 - Knowledge - INFO - knowledge worker kw5 start
2026-02-05 18:37:32,233 - Knowledge - INFO - Worker kw6 created using shared MongoDB connection pool
2026-02-05 18:37:32,328 - Knowledge - INFO - Fast-tracked /app/data/T0015/315875/b34046x/arccore-315875/scripts/build_arm.sh (ext=.sh, size=663)
2026-02-05 18:37:32,417 - Knowledge - INFO - Fast-tracked /app/data/T0015/315875/b34046x/arccore-315875/scripts/req-os.xml (ext=.xml, size=96248)
2026-02-05 18:37:32,508 - Knowledge - INFO - Worker kw3 processing /app/data/T0015/315875/b34046x/arccore-315875/scripts/bootloader_image.mk
2026-02-05 18:37:32,679 - Knowledge - INFO - Batch sizing: calculated=10, max_allowed=10, queue=1066, active_workers=3/5
2026-02-05 18:37:32,790 - Knowledge - INFO - [kw5] Queue=1056, InProgress=0, PendingWorkers=3/5, Completed=0/1086 (0.0%)
2026-02-05 18:37:32,866 - Knowledge - INFO - knowledge worker kw6 start
2026-02-05 18:37:32,867 - Knowledge - INFO - Worker kw7 created using shared MongoDB connection pool
2026-02-05 18:37:32,965 - Knowledge - INFO - Worker kw1 processing /app/data/T0015/315875/b34046x/arccore-315875/scripts/cc_gcc.mk
2026-02-05 18:37:33,040 - Knowledge - INFO - Worker kw2 processing /app/data/T0015/315875/b34046x/arccore-315875/scripts/set_env_win_arm_cs.sh
2026-02-05 18:37:33,154 - Knowledge - INFO - Fast-tracked /app/data/T0015/315875/b34046x/arccore-315875/scripts/bootloader_image.mk (ext=.mk, size=1297)
2026-02-05 18:37:33,240 - Knowledge - INFO - Worker kw4 processing /app/data/T0015/315875/b34046x/arccore-315875/include/EcuM.h
2026-02-05 18:37:33,332 - Knowledge - INFO - Batch sizing: calculated=10, max_allowed=10, queue=1056, active_workers=4/6
2026-02-05 18:37:33,449 - Knowledge - INFO - [kw6] Queue=1046, InProgress=0, PendingWorkers=4/6, Completed=0/1086 (0.0%)
2026-02-05 18:37:33,893 - Knowledge - INFO - Worker kw4 processing /app/data/T0015/315875/b34046x/arccore-315875/include/Eep.h
2026-02-05 18:37:33,524 - Knowledge - INFO - Worker kw8 created using shared MongoDB connection pool
2026-02-05 18:37:33,619 - Knowledge - INFO - Worker kw1 processing /app/data/T0015/315875/b34046x/arccore-315875/scripts/build_example.sh
2026-02-05 18:37:33,680 - Knowledge - INFO - Fast-tracked /app/data/T0015/315875/b34046x/arccore-315875/scripts/set_env_win_arm_cs.sh (ext=.sh, size=1112)
2026-02-05 18:37:33,769 - Knowledge - INFO - Worker kw3 processing /app/data/T0015/315875/b34046x/arccore-315875/scripts/build_ppc.sh
2026-02-05 18:37:33,521 - Knowledge - INFO - knowledge worker kw7 start
2026-02-05 18:37:33,978 - Knowledge - INFO - Worker kw5 processing /app/data/T0015/315875/b34046x/arccore-315875/include/LinIf.h
2026-02-05 18:37:34,048 - Knowledge - INFO - Batch sizing: calculated=10, max_allowed=10, queue=1046, active_workers=5/7
2026-02-05 18:37:34,161 - Knowledge - INFO - Worker kw4 processing /app/data/T0015/315875/b34046x/arccore-315875/include/CanTp_Types.h
2026-02-05 18:37:34,270 - Knowledge - INFO - knowledge worker kw8 start
2026-02-05 18:37:34,270 - Knowledge - INFO - Worker kw9 created using shared MongoDB connection pool
2026-02-05 18:37:34,351 - Knowledge - INFO - Fast-tracked /app/data/T0015/315875/b34046x/arccore-315875/scripts/build_example.sh (ext=.sh, size=720)
2026-02-05 18:37:34,423 - Knowledge - INFO - Worker kw2 processing /app/data/T0015/315875/b34046x/arccore-315875/scripts/build_all.sh
2026-02-05 18:37:34,502 - Knowledge - INFO - Fast-tracked /app/data/T0015/315875/b34046x/arccore-315875/scripts/build_ppc.sh (ext=.sh, size=1558)
2026-02-05 18:37:34,572 - Knowledge - INFO - [kw7] Queue=1036, InProgress=0, PendingWorkers=5/8, Completed=0/1086 (0.0%)
2026-02-05 18:37:34,686 - Knowledge - INFO - Worker kw5 processing /app/data/T0015/315875/b34046x/arccore-315875/include/MemIf_Types.h
2026-02-05 18:37:34,774 - Knowledge - INFO - Worker kw6 processing /app/data/T0015/315875/b34046x/arccore-315875/include/MemIf.h
2026-02-05 18:37:34,898 - Knowledge - INFO - Worker kw4 processing /app/data/T0015/315875/b34046x/arccore-315875/include/Ea_Types.h
2026-02-05 18:37:35,001 - Knowledge - INFO - [kw8] Queue=1026, InProgress=0, PendingWorkers=6/8, Completed=0/1086 (0.0%)
2026-02-05 18:37:35,076 - Knowledge - INFO - knowledge worker kw9 start
2026-02-05 18:37:35,076 - Knowledge - INFO - Worker kw10 created using shared MongoDB connection pool
2026-02-05 18:37:35,171 - Knowledge - INFO - Worker kw1 processing /app/data/T0015/315875/b34046x/arccore-315875/scripts/project_defaults.mk
2026-02-05 18:37:35,262 - Knowledge - INFO - Fast-tracked /app/data/T0015/315875/b34046x/arccore-315875/scripts/build_all.sh (ext=.sh, size=140)
2026-02-05 18:37:35,346 - Knowledge - INFO - Worker kw3 processing /app/data/T0015/315875/b34046x/arccore-315875/scripts/cc_diab.mk
2026-02-05 18:37:35,454 - Knowledge - INFO - Batch sizing: calculated=10, max_allowed=10, queue=1036, active_workers=6/9
2026-02-05 18:37:35,551 - Knowledge - INFO - Worker kw5 processing /app/data/T0015/315875/b34046x/arccore-315875/include/CanSM.h
2026-02-05 18:37:35,661 - Knowledge - INFO - Worker kw6 processing /app/data/T0015/315875/b34046x/arccore-315875/include/hc1x/Adc_ConfigTypes.h
2026-02-05 18:37:35,738 - Knowledge - INFO - Fast-tracked /app/data/T0015/315875/b34046x/arccore-315875/include/Ea_Types.h (ext=.h, size=1106)
2026-02-05 18:37:35,847 - Knowledge - INFO - Batch sizing: calculated=10, max_allowed=10, queue=1026, active_workers=6/9
2026-02-05 18:37:35,929 - Knowledge - INFO - [kw9] Queue=1026, InProgress=0, PendingWorkers=6/9, Completed=0/1086 (0.0%)
2026-02-05 18:37:36,002 - Knowledge - INFO - knowledge worker kw10 start
2026-02-05 18:37:36,002 - Knowledge - INFO - Worker kw11 created using shared MongoDB connection pool
2026-02-05 18:37:36,076 - Knowledge - INFO - Fast-tracked /app/data/T0015/315875/b34046x/arccore-315875/scripts/project_defaults.mk (ext=.mk, size=1881)
2026-02-05 18:37:36,143 - Knowledge - INFO - Worker kw2 processing /app/data/T0015/315875/b34046x/arccore-315875/scripts/rules.mk
2026-02-05 18:37:36,232 - Knowledge - INFO - Worker kw3 processing /app/data/T0015/315875/b34046x/arccore-315875/scripts/cc_iar.mk
2026-02-05 18:37:36,307 - Knowledge - INFO - Worker kw7 processing /app/data/T0015/315875/b34046x/arccore-315875/include/mbox.h
2026-02-05 18:37:36,422 - Knowledge - INFO - Worker kw5 processing /app/data/T0015/315875/b34046x/arccore-315875/include/Os.h
2026-02-05 18:37:36,552 - Knowledge - INFO - Worker kw6 processing /app/data/T0015/315875/b34046x/arccore-315875/include/hc1x/Cpu.h
2026-02-05 18:37:36,634 - Knowledge - INFO - Worker kw4 processing /app/data/T0015/315875/b34046x/arccore-315875/include/Nm_Cbk.h
2026-02-05 18:37:36,747 - Knowledge - INFO - Worker kw8 processing /app/data/T0015/315875/b34046x/arccore-315875/include/Spi.h
2026-02-05 18:37:36,844 - Knowledge - INFO - Batch sizing: calculated=10, max_allowed=10, queue=1026, active_workers=8/10
2026-02-05 18:37:36,921 - Knowledge - INFO - [kw10] Queue=1006, InProgress=0, PendingWorkers=8/10, Completed=0/1086 (0.0%)
2026-02-05 18:37:37,001 - Knowledge - INFO - knowledge worker kw11 start
2026-02-05 18:37:37,005 - Knowledge - INFO - Worker kw12 created using shared MongoDB connection pool
2026-02-05 18:37:37,098 - Knowledge - INFO - Worker kw1 processing /app/data/T0015/315875/b34046x/arccore-315875/scripts/compilers.txt
2026-02-05 18:37:37,190 - Knowledge - INFO - Worker kw2 processing /app/data/T0015/315875/b34046x/arccore-315875/scripts/req.sh
2026-02-05 18:37:37,273 - Knowledge - INFO - Worker kw3 processing /app/data/T0015/315875/b34046x/arccore-315875/include/Dem_Types.h
2026-02-05 18:37:37,346 - Knowledge - INFO - Fast-tracked /app/data/T0015/315875/b34046x/arccore-315875/include/mbox.h (ext=.h, size=1172)
2026-02-05 18:37:37,425 - Knowledge - INFO - Worker kw5 processing /app/data/T0015/315875/b34046x/arccore-315875/include/LinSM_Cbk.h
2026-02-05 18:37:37,539 - Knowledge - INFO - Worker kw6 processing /app/data/T0015/315875/b34046x/arccore-315875/include/hc1x/regs.h
2026-02-05 18:37:37,641 - Knowledge - INFO - Fast-tracked /app/data/T0015/315875/b34046x/arccore-315875/include/Nm_Cbk.h (ext=.h, size=875)
2026-02-05 18:37:37,742 - Knowledge - INFO - Worker kw8 processing /app/data/T0015/315875/b34046x/arccore-315875/include/irq.h
2026-02-05 18:37:37,848 - Knowledge - INFO - Worker kw9 processing /app/data/T0015/315875/b34046x/arccore-315875/include/Pwm.h
2026-02-05 18:37:37,934 - Knowledge - INFO - Batch sizing: calculated=10, max_allowed=10, queue=1006, active_workers=9/11
2026-02-05 18:37:38,013 - Knowledge - INFO - [kw11] Queue=996, InProgress=0, PendingWorkers=9/11, Completed=0/1086 (0.0%)
2026-02-05 18:37:38,098 - Knowledge - INFO - Worker kw13 created using shared MongoDB connection pool
2026-02-05 18:37:38,097 - Knowledge - INFO - knowledge worker kw12 start
2026-02-05 18:37:38,173 - Knowledge - INFO - Fast-tracked /app/data/T0015/315875/b34046x/arccore-315875/scripts/compilers.txt (ext=.txt, size=435)
2026-02-05 18:37:38,254 - Knowledge - INFO - Fast-tracked /app/data/T0015/315875/b34046x/arccore-315875/scripts/req.sh (ext=.sh, size=1066)
2026-02-05 18:37:38,350 - Knowledge - INFO - Worker kw3 processing /app/data/T0015/315875/b34046x/arccore-315875/include/arm/arm_cm3/Adc_ConfigTypes.h
2026-02-05 18:37:38,448 - Knowledge - INFO - Worker kw7 processing /app/data/T0015/315875/b34046x/arccore-315875/include/Ea.h
2026-02-05 18:37:38,528 - Knowledge - INFO - Fast-tracked /app/data/T0015/315875/b34046x/arccore-315875/include/LinSM_Cbk.h (ext=.h, size=1206)
2026-02-05 18:37:38,603 - Knowledge - INFO - Fast-tracked /app/data/T0015/315875/b34046x/arccore-315875/include/hc1x/regs.h (ext=.h, size=1028)
2026-02-05 18:37:38,709 - Knowledge - INFO - Worker kw4 processing /app/data/T0015/315875/b34046x/arccore-315875/include/IoHwAb.h
2026-02-05 18:37:38,804 - Knowledge - INFO - Worker kw8 processing /app/data/T0015/315875/b34046x/arccore-315875/include/PduR_LinIf.h
2026-02-05 18:37:38,876 - Knowledge - INFO - Worker kw9 processing /app/data/T0015/315875/b34046x/arccore-315875/include/Dcm.h
2026-02-05 18:37:38,950 - Knowledge - INFO - Worker kw10 processing /app/data/T0015/315875/b34046x/arccore-315875/include/cirq_buffer.h
2026-02-05 18:37:39,056 - Knowledge - INFO - Batch sizing: calculated=8, max_allowed=10, queue=996, active_workers=10/12
2026-02-05 18:37:39,150 - Knowledge - INFO - knowledge worker kw13 start
2026-02-05 18:37:39,150 - Knowledge - INFO - Worker kw14 created using shared MongoDB connection pool
2026-02-05 18:37:39,241 - Knowledge - INFO - [kw12] Queue=986, InProgress=0, PendingWorkers=10/13, Completed=0/1086 (0.0%)
2026-02-05 18:37:39,314 - Knowledge - INFO - Worker kw1 processing /app/data/T0015/315875/b34046x/arccore-315875/scripts/req_extract.r
2026-02-05 18:37:39,417 - Knowledge - INFO - Worker kw2 processing /app/data/T0015/315875/b34046x/arccore-315875/scripts/version_check.mk
2026-02-05 18:37:39,500 - Knowledge - INFO - Worker kw3 processing /app/data/T0015/315875/b34046x/arccore-315875/include/arm/arm_cm3/Pwm_ConfigTypes.h
2026-02-05 18:37:39,599 - Knowledge - INFO - Worker kw7 processing /app/data/T0015/315875/b34046x/arccore-315875/include/arc.h
2026-02-05 18:37:39,707 - Knowledge - INFO - Worker kw5 processing /app/data/T0015/315875/b34046x/arccore-315875/include/strace.h
2026-02-05 18:37:39,789 - Knowledge - INFO - Worker kw6 processing /app/data/T0015/315875/b34046x/arccore-315875/include/hc1x/irq_defines.h
2026-02-05 18:37:39,879 - Knowledge - INFO - Worker kw4 processing /app/data/T0015/315875/b34046x/arccore-315875/include/Compiler_Cfg.h
2026-02-05 18:37:39,955 - Knowledge - INFO - Fast-tracked /app/data/T0015/315875/b34046x/arccore-315875/include/PduR_LinIf.h (ext=.h, size=1196)
2026-02-05 18:37:40,024 - Knowledge - INFO - Worker kw9 processing /app/data/T0015/315875/b34046x/arccore-315875/include/ComM_Types.h
2026-02-05 18:37:40,115 - Knowledge - INFO - Worker kw10 processing /app/data/T0015/315875/b34046x/arccore-315875/include/shell.h
2026-02-05 18:37:40,211 - Knowledge - INFO - Worker kw11 processing /app/data/T0015/315875/b34046x/arccore-315875/include/Compiler.h
2026-02-05 18:37:40,311 - Knowledge - INFO - [kw13] Queue=978, InProgress=0, PendingWorkers=11/13, Completed=0/1086 (0.0%)
2026-02-05 18:37:40,429 - Knowledge - INFO - knowledge worker kw14 start
2026-02-05 18:37:40,429 - Knowledge - INFO - Worker kw15 created using shared MongoDB connection pool
2026-02-05 18:37:40,531 - Knowledge - INFO - Batch sizing: calculated=8, max_allowed=10, queue=986, active_workers=11/14
2026-02-05 18:37:40,629 - Knowledge - INFO - Worker kw1 processing /app/data/T0015/315875/b34046x/arccore-315875/scripts/pclint/lnt/lint_cmac.h
2026-02-05 18:37:40,719 - Knowledge - INFO - Fast-tracked /app/data/T0015/315875/b34046x/arccore-315875/scripts/version_check.mk (ext=.mk, size=1416)
2026-02-05 18:37:40,804 - Knowledge - INFO - Worker kw3 processing /app/data/T0015/315875/b34046x/arccore-315875/include/arm/arm_cm3/Mcu_ConfigTypes.h
2026-02-05 18:37:40,901 - Knowledge - INFO - Fast-tracked /app/data/T0015/315875/b34046x/arccore-315875/include/arc.h (ext=.h, size=1792)
2026-02-05 18:37:41,001 - Knowledge - INFO - Fast-tracked /app/data/T0015/315875/b34046x/arccore-315875/include/strace.h (ext=.h, size=1054)
2026-02-05 18:37:41,077 - Knowledge - INFO - Worker kw6 processing /app/data/T0015/315875/b34046x/arccore-315875/include/PduR_J1939Tp.h
2026-02-05 18:37:41,155 - Knowledge - INFO - Fast-tracked /app/data/T0015/315875/b34046x/arccore-315875/include/Compiler_Cfg.h (ext=.h, size=958)
2026-02-05 18:37:41,230 - Knowledge - INFO - Worker kw8 processing /app/data/T0015/315875/b34046x/arccore-315875/include/Dio.h
2026-02-05 18:37:41,322 - Knowledge - INFO - Fast-tracked /app/data/T0015/315875/b34046x/arccore-315875/include/ComM_Types.h (ext=.h, size=1630)
2026-02-05 18:37:41,431 - Knowledge - INFO - Fast-tracked /app/data/T0015/315875/b34046x/arccore-315875/include/shell.h (ext=.h, size=737)
2026-02-05 18:37:41,516 - Knowledge - INFO - Worker kw11 processing /app/data/T0015/315875/b34046x/arccore-315875/include/PduR_CanIf.h
2026-02-05 18:37:41,607 - Knowledge - INFO - Batch sizing: calculated=8, max_allowed=10, queue=978, active_workers=11/14
2026-02-05 18:37:41,706 - Knowledge - INFO - [kw14] Queue=978, InProgress=0, PendingWorkers=11/14, Completed=0/1086 (0.0%)
2026-02-05 18:37:41,797 - Knowledge - INFO - knowledge worker kw15 start
2026-02-05 18:37:41,797 - Knowledge - INFO - Worker kw16 created using shared MongoDB connection pool
2026-02-05 18:37:41,886 - Knowledge - INFO - Worker kw12 processing /app/data/T0015/315875/b34046x/arccore-315875/include/LinSM.h
2026-02-05 18:37:41,969 - Knowledge - INFO - Worker kw1 processing /app/data/T0015/315875/b34046x/arccore-315875/scripts/pclint/lnt/co-gcc.h
2026-02-05 18:37:42,082 - Knowledge - INFO - Worker kw2 processing /app/data/T0015/315875/b34046x/arccore-315875/scripts/cc_pclint.mk
2026-02-05 18:37:42,172 - Knowledge - INFO - Worker kw3 processing /app/data/T0015/315875/b34046x/arccore-315875/include/arm/arm_cm3/Port_ConfigTypes.h
2026-02-05 18:37:42,251 - Knowledge - INFO - Worker kw7 processing /app/data/T0015/315875/b34046x/arccore-315875/include/IoHwAb_Internal.h
2026-02-05 18:37:42,357 - Knowledge - INFO - Worker kw5 processing /app/data/T0015/315875/b34046x/arccore-315875/include/Ramlog.h
2026-02-05 18:37:42,428 - Knowledge - INFO - Fast-tracked /app/data/T0015/315875/b34046x/arccore-315875/include/PduR_J1939Tp.h (ext=.h, size=1495)
2026-02-05 18:37:42,498 - Knowledge - INFO - Worker kw4 processing /app/data/T0015/315875/b34046x/arccore-315875/include/Fee_ConfigTypes.h
2026-02-05 18:37:42,611 - Knowledge - INFO - Worker kw8 processing /app/data/T0015/315875/b34046x/arccore-315875/include/CanSM_ConfigTypes.h
2026-02-05 18:37:42,717 - Knowledge - INFO - Worker kw9 processing /app/data/T0015/315875/b34046x/arccore-315875/include/NvM_Cbk.h
2026-02-05 18:37:42,802 - Knowledge - INFO - Worker kw10 processing /app/data/T0015/315875/b34046x/arccore-315875/include/Adc.h
2026-02-05 18:37:42,882 - Knowledge - INFO - Fast-tracked /app/data/T0015/315875/b34046x/arccore-315875/include/PduR_CanIf.h (ext=.h, size=1109)
2026-02-05 18:37:42,991 - Knowledge - INFO - Worker kw13 processing /app/data/T0015/315875/b34046x/arccore-315875/include/Fls_ConfigTypes.h
2026-02-05 18:37:43,103 - Knowledge - INFO - Batch sizing: calculated=8, max_allowed=10, queue=978, active_workers=13/15
2026-02-05 18:37:43,203 - Knowledge - INFO - [kw15] Queue=962, InProgress=0, PendingWorkers=13/15, Completed=0/1086 (0.0%)
2026-02-05 18:37:43,299 - Knowledge - INFO - knowledge worker kw16 start
2026-02-05 18:37:43,299 - Knowledge - INFO - Worker kw17 created using shared MongoDB connection pool
2026-02-05 18:37:43,379 - Knowledge - INFO - Worker kw12 processing /app/data/T0015/315875/b34046x/arccore-315875/include/J1939Tp_Cbk.h
2026-02-05 18:37:43,458 - Knowledge - INFO - Worker kw1 processing /app/data/T0015/315875/b34046x/arccore-315875/scripts/fix_includes.sh
2026-02-05 18:37:43,529 - Knowledge - INFO - Fast-tracked /app/data/T0015/315875/b34046x/arccore-315875/scripts/cc_pclint.mk (ext=.mk, size=363)
2026-02-05 18:37:43,609 - Knowledge - INFO - Worker kw3 processing /app/data/T0015/315875/b34046x/arccore-315875/include/arm/Cpu.h
2026-02-05 18:37:43,710 - Knowledge - INFO - Fast-tracked /app/data/T0015/315875/b34046x/arccore-315875/include/IoHwAb_Internal.h (ext=.h, size=1018)
2026-02-05 18:37:43,793 - Knowledge - INFO - Fast-tracked /app/data/T0015/315875/b34046x/arccore-315875/include/Ramlog.h (ext=.h, size=1765)
2026-02-05 18:37:43,864 - Knowledge - INFO - Worker kw6 processing /app/data/T0015/315875/b34046x/arccore-315875/include/isr.h
2026-02-05 18:37:43,977 - Knowledge - INFO - Worker kw4 processing /app/data/T0015/315875/b34046x/arccore-315875/include/Mcu_Arc.h
2026-02-05 18:37:44,063 - Knowledge - INFO - Fast-tracked /app/data/T0015/315875/b34046x/arccore-315875/include/CanSM_ConfigTypes.h (ext=.h, size=1986)
2026-02-05 18:37:44,184 - Knowledge - INFO - Fast-tracked /app/data/T0015/315875/b34046x/arccore-315875/include/NvM_Cbk.h (ext=.h, size=1015)
2026-02-05 18:37:44,286 - Knowledge - INFO - Worker kw10 processing /app/data/T0015/315875/b34046x/arccore-315875/include/Dcm_Types.h
2026-02-05 18:37:44,366 - Knowledge - INFO - Worker kw11 processing /app/data/T0015/315875/b34046x/arccore-315875/include/CanSM_EcuM.h
2026-02-05 18:37:44,455 - Knowledge - INFO - Worker kw13 processing /app/data/T0015/315875/b34046x/arccore-315875/include/Fee_Cbk.h
2026-02-05 18:37:44,522 - Knowledge - INFO - Worker kw14 processing /app/data/T0015/315875/b34046x/arccore-315875/include/Lin_Types.h
2026-02-05 18:37:44,608 - Knowledge - INFO - Batch sizing: calculated=8, max_allowed=10, queue=962, active_workers=14/16
2026-02-05 18:37:44,709 - Knowledge - INFO - [kw16] Queue=954, InProgress=0, PendingWorkers=14/16, Completed=0/1086 (0.0%)
2026-02-05 18:37:44,814 - Knowledge - INFO - knowledge worker kw17 start
2026-02-05 18:37:44,815 - Knowledge - INFO - Worker kw18 created using shared MongoDB connection pool
2026-02-05 18:37:44,894 - Knowledge - INFO - Fast-tracked /app/data/T0015/315875/b34046x/arccore-315875/include/J1939Tp_Cbk.h (ext=.h, size=1182)
2026-02-05 18:37:44,985 - Knowledge - INFO - Fast-tracked /app/data/T0015/315875/b34046x/arccore-315875/scripts/fix_includes.sh (ext=.sh, size=406)
2026-02-05 18:37:45,072 - Knowledge - INFO - Worker kw2 processing /app/data/T0015/315875/b34046x/arccore-315875/scripts/cc_splint.mk
2026-02-05 18:37:45,188 - Knowledge - INFO - Fast-tracked /app/data/T0015/315875/b34046x/arccore-315875/include/arm/Cpu.h (ext=.h, size=1471)
2026-02-05 18:37:45,268 - Knowledge - INFO - Worker kw7 processing /app/data/T0015/315875/b34046x/arccore-315875/include/LinIf_Types.h
2026-02-05 18:37:45,388 - Knowledge - INFO - Worker kw5 processing /app/data/T0015/315875/b34046x/arccore-315875/include/Can.h
2026-02-05 18:37:45,460 - Knowledge - INFO - Worker kw6 processing /app/data/T0015/315875/b34046x/arccore-315875/include/IoHwAb_Types.h
2026-02-05 18:37:45,551 - Knowledge - INFO - Fast-tracked /app/data/T0015/315875/b34046x/arccore-315875/include/Mcu_Arc.h (ext=.h, size=1854)
2026-02-05 18:37:45,639 - Knowledge - INFO - Worker kw8 processing /app/data/T0015/315875/b34046x/arccore-315875/include/xtoa.h
2026-02-05 18:37:45,715 - Knowledge - INFO - Worker kw9 processing /app/data/T0015/315875/b34046x/arccore-315875/include/Byteorder.h
2026-02-05 18:37:45,799 - Knowledge - INFO - Worker kw10 processing /app/data/T0015/315875/b34046x/arccore-315875/include/io.h
2026-02-05 18:37:45,873 - Knowledge - INFO - Fast-tracked /app/data/T0015/315875/b34046x/arccore-315875/include/CanSM_EcuM.h (ext=.h, size=1036)
2026-02-05 18:37:45,952 - Knowledge - INFO - Fast-tracked /app/data/T0015/315875/b34046x/arccore-315875/include/Fee_Cbk.h (ext=.h, size=1001)
2026-02-05 18:37:46,034 - Knowledge - INFO - Fast-tracked /app/data/T0015/315875/b34046x/arccore-315875/include/Lin_Types.h (ext=.h, size=899)
2026-02-05 18:37:46,096 - Knowledge - INFO - Worker kw15 processing /app/data/T0015/315875/b34046x/arccore-315875/include/Com_Com.h
2026-02-05 18:37:46,207 - Knowledge - INFO - Batch sizing: calculated=8, max_allowed=10, queue=954, active_workers=15/17
2026-02-05 18:37:46,300 - Knowledge - INFO - [kw17] Queue=946, InProgress=0, PendingWorkers=15/17, Completed=0/1086 (0.0%)
2026-02-05 18:37:46,371 - Knowledge - INFO - knowledge worker kw18 start
2026-02-05 18:37:46,372 - Knowledge - INFO - Worker kw19 created using shared MongoDB connection pool
2026-02-05 18:37:46,460 - Knowledge - INFO - Worker kw12 processing /app/data/T0015/315875/b34046x/arccore-315875/include/WdgM.h
2026-02-05 18:37:46,550 - Knowledge - INFO - Fast-tracked /app/data/T0015/315875/b34046x/arccore-315875/scripts/compile_examples.sh (small file (2595 bytes))
2026-02-05 18:37:46,664 - Knowledge - INFO - Fast-tracked /app/data/T0015/315875/b34046x/arccore-315875/scripts/cc_splint.mk (ext=.mk, size=387)
2026-02-05 18:37:46,889 - Knowledge - INFO - Fast-tracked /app/data/T0015/315875/b34046x/arccore-315875/include/LinIf_Types.h (ext=.h, size=951)
2026-02-05 18:37:46,972 - Knowledge - INFO - Worker kw5 processing /app/data/T0015/315875/b34046x/arccore-315875/include/Wdg.h
2026-02-05 18:37:47,058 - Knowledge - INFO - Fast-tracked /app/data/T0015/315875/b34046x/arccore-315875/include/IoHwAb_Types.h (ext=.h, size=1992)
2026-02-05 18:37:47,145 - Knowledge - INFO - Worker kw4 processing /app/data/T0015/315875/b34046x/arccore-315875/include/CalibrationData.h
2026-02-05 18:37:47,231 - Knowledge - INFO - Fast-tracked /app/data/T0015/315875/b34046x/arccore-315875/include/xtoa.h (ext=.h, size=1081)
2026-02-05 18:37:47,355 - Knowledge - INFO - Fast-tracked /app/data/T0015/315875/b34046x/arccore-315875/include/Byteorder.h (ext=.h, size=1481)
2026-02-05 18:37:47,465 - Knowledge - INFO - Worker kw10 processing /app/data/T0015/315875/b34046x/arccore-315875/include/Rte.h
2026-02-05 18:37:47,573 - Knowledge - INFO - Worker kw11 processing /app/data/T0015/315875/b34046x/arccore-315875/include/CanIf_ConfigTypes.h
2026-02-05 18:37:47,629 - Knowledge - INFO - Fast-tracked /app/data/T0015/315875/b34046x/arccore-315875/scripts/cc_iar.mk (small file (2974 bytes))
2026-02-05 18:37:47,654 - Knowledge - INFO - Worker kw13 processing /app/data/T0015/315875/b34046x/arccore-315875/include/Rte_Main.h
2026-02-05 18:37:47,738 - Knowledge - INFO - Worker kw14 processing /app/data/T0015/315875/b34046x/arccore-315875/include/debug.h
2026-02-05 18:37:47,826 - Knowledge - INFO - Fast-tracked /app/data/T0015/315875/b34046x/arccore-315875/include/Com_Com.h (ext=.h, size=1877)
2026-02-05 18:37:47,943 - Knowledge - INFO - Worker kw16 processing /app/data/T0015/315875/b34046x/arccore-315875/include/NvM_Types.h
2026-02-05 18:37:48,037 - Knowledge - INFO - Batch sizing: calculated=8, max_allowed=10, queue=946, active_workers=16/18
2026-02-05 18:37:48,133 - Knowledge - INFO - [kw18] Queue=938, InProgress=0, PendingWorkers=16/18, Completed=0/1086 (0.0%)
2026-02-05 18:37:48,217 - Knowledge - INFO - knowledge worker kw19 start
2026-02-05 18:37:48,217 - Knowledge - INFO - Worker kw20 created using shared MongoDB connection pool
2026-02-05 18:37:48,293 - Knowledge - INFO - Worker kw12 processing /app/data/T0015/315875/b34046x/arccore-315875/include/Test_Cbk.h
2026-02-05 18:37:48,477 - Knowledge - INFO - Worker kw2 processing /app/data/T0015/315875/b34046x/arccore-315875/scripts/cc_cw.mk
2026-02-05 18:37:48,557 - Knowledge - INFO - Worker kw7 processing /app/data/T0015/315875/b34046x/arccore-315875/include/Dem.h
2026-02-05 18:37:48,681 - Knowledge - INFO - Fast-tracked /app/data/T0015/315875/b34046x/arccore-315875/include/Wdg.h (ext=.h, size=1682)
2026-02-05 18:37:48,770 - Knowledge - INFO - Worker kw6 processing /app/data/T0015/315875/b34046x/arccore-315875/include/PduR_Dcm.h
2026-02-05 18:37:48,857 - Knowledge - INFO - Fast-tracked /app/data/T0015/315875/b34046x/arccore-315875/include/CalibrationData.h (ext=.h, size=682)
2026-02-05 18:37:48,937 - Knowledge - INFO - Worker kw8 processing /app/data/T0015/315875/b34046x/arccore-315875/include/ComM.h
2026-02-05 18:37:49,012 - Knowledge - INFO - Worker kw9 processing /app/data/T0015/315875/b34046x/arccore-315875/include/Fee.h
2026-02-05 18:37:49,113 - Knowledge - INFO - Fast-tracked /app/data/T0015/315875/b34046x/arccore-315875/include/Rte.h (ext=.h, size=1362)
2026-02-05 18:37:49,184 - Knowledge - INFO - Worker kw11 processing /app/data/T0015/315875/b34046x/arccore-315875/include/Nm.h
2026-02-05 18:37:49,327 - Knowledge - INFO - Fast-tracked /app/data/T0015/315875/b34046x/arccore-315875/include/Rte_Main.h (ext=.h, size=946)
2026-02-05 18:37:49,410 - Knowledge - INFO - Worker kw14 processing /app/data/T0015/315875/b34046x/arccore-315875/include/Det.h
2026-02-05 18:37:49,491 - Knowledge - INFO - Worker kw15 processing /app/data/T0015/315875/b34046x/arccore-315875/include/CanSM_ComM.h
2026-02-05 18:37:49,570 - Knowledge - INFO - Fast-tracked /app/data/T0015/315875/b34046x/arccore-315875/include/NvM_Types.h (ext=.h, size=1640)
2026-02-05 18:37:49,642 - Knowledge - INFO - Worker kw17 processing /app/data/T0015/315875/b34046x/arccore-315875/include/Com_Sched.h
2026-02-05 18:37:49,711 - Knowledge - INFO - Batch sizing: calculated=8, max_allowed=10, queue=938, active_workers=17/19
2026-02-05 18:37:49,830 - Knowledge - INFO - [kw19] Queue=930, InProgress=0, PendingWorkers=17/19, Completed=0/1086 (0.0%)
2026-02-05 18:37:49,925 - Knowledge - INFO - knowledge worker kw20 start
2026-02-05 18:37:50,033 - Knowledge - INFO - Fast-tracked /app/data/T0015/315875/b34046x/arccore-315875/include/Test_Cbk.h (ext=.h, size=1817)
2026-02-05 18:37:50,121 - Knowledge - INFO - Worker kw2 processing /app/data/T0015/315875/b34046x/arccore-315875/scripts/guess_cc.sh
2026-02-05 18:37:50,219 - Knowledge - INFO - Worker kw7 processing /app/data/T0015/315875/b34046x/arccore-315875/include/Spi_ConfigTypes.h
2026-02-05 18:37:50,313 - Knowledge - INFO - Worker kw5 processing /app/data/T0015/315875/b34046x/arccore-315875/include/EcuM_Types.h
2026-02-05 18:37:50,407 - Knowledge - INFO - Fast-tracked /app/data/T0015/315875/b34046x/arccore-315875/include/PduR_Dcm.h (ext=.h, size=1048)
2026-02-05 18:37:50,621 - Knowledge - INFO - Worker kw8 processing /app/data/T0015/315875/b34046x/arccore-315875/include/CanNm_Cbk.h
2026-02-05 18:37:50,706 - Knowledge - INFO - Worker kw9 processing /app/data/T0015/315875/b34046x/arccore-315875/include/PduR_CanTp.h
2026-02-05 18:37:50,799 - Knowledge - INFO - Worker kw10 processing /app/data/T0015/315875/b34046x/arccore-315875/include/os_config_macros.h
2026-02-05 18:37:50,882 - Knowledge - INFO - Worker kw11 processing /app/data/T0015/315875/b34046x/arccore-315875/include/Com_Types.h
2026-02-05 18:37:50,909 - Knowledge - INFO - Fast-tracked /app/data/T0015/315875/b34046x/arccore-315875/scripts/pclint/lnt/lint_cmac.h (small file (2383 bytes))
2026-02-05 18:37:50,956 - Knowledge - INFO - Worker kw13 processing /app/data/T0015/315875/b34046x/arccore-315875/include/Dcm_Lcfg.h
2026-02-05 18:37:51,044 - Knowledge - INFO - Worker kw14 processing /app/data/T0015/315875/b34046x/arccore-315875/include/perf.h
2026-02-05 18:37:51,115 - Knowledge - INFO - Fast-tracked /app/data/T0015/315875/b34046x/arccore-315875/include/CanSM_ComM.h (ext=.h, size=887)
2026-02-05 18:37:51,196 - Knowledge - INFO - Worker kw16 processing /app/data/T0015/315875/b34046x/arccore-315875/include/ComM_EcuM.h
2026-02-05 18:37:51,332 - Knowledge - INFO - Fast-tracked /app/data/T0015/315875/b34046x/arccore-315875/include/Com_Sched.h (ext=.h, size=1057)
2026-02-05 18:37:51,436 - Knowledge - INFO - Worker kw18 processing /app/data/T0015/315875/b34046x/arccore-315875/include/WdgIf.h
2026-02-05 18:37:51,550 - Knowledge - INFO - Batch sizing: calculated=8, max_allowed=10, queue=930, active_workers=18/20
2026-02-05 18:37:51,627 - Knowledge - INFO - [kw20] Queue=922, InProgress=0, PendingWorkers=18/20, Completed=0/1086 (0.0%)
2026-02-05 18:37:51,731 - Knowledge - INFO - Worker kw12 processing /app/data/T0015/315875/b34046x/arccore-315875/include/Com.h
2026-02-05 18:37:51,845 - Knowledge - INFO - Fast-tracked /app/data/T0015/315875/b34046x/arccore-315875/scripts/guess_cc.sh (ext=.sh, size=1251)
2026-02-05 18:37:51,935 - Knowledge - INFO - Fast-tracked /app/data/T0015/315875/b34046x/arccore-315875/include/Spi_ConfigTypes.h (ext=.h, size=1022)
2026-02-05 18:37:52,022 - Knowledge - INFO - Fast-tracked /app/data/T0015/315875/b34046x/arccore-315875/include/LinIf.h (small file (2593 bytes))
2026-02-05 18:37:52,119 - Knowledge - INFO - Worker kw6 processing /app/data/T0015/315875/b34046x/arccore-315875/include/J1939Tp_ConfigTypes.h
2026-02-05 18:37:52,200 - Knowledge - INFO - Fast-tracked /app/data/T0015/315875/b34046x/arccore-315875/include/CanNm_Cbk.h (ext=.h, size=943)
2026-02-05 18:37:52,285 - Knowledge - INFO - Fast-tracked /app/data/T0015/315875/b34046x/arccore-315875/include/PduR_CanTp.h (ext=.h, size=1355)
2026-02-05 18:37:52,392 - Knowledge - INFO - Worker kw10 processing /app/data/T0015/315875/b34046x/arccore-315875/include/PduR.h
2026-02-05 18:37:52,495 - Knowledge - INFO - Worker kw11 processing /app/data/T0015/315875/b34046x/arccore-315875/include/Lin.h
2026-02-05 18:37:52,569 - Knowledge - INFO - Fast-tracked /app/data/T0015/315875/b34046x/arccore-315875/scripts/pclint/lnt/co-gcc.h (small file (2579 bytes))
2026-02-05 18:37:52,683 - Knowledge - INFO - Worker kw13 processing /app/data/T0015/315875/b34046x/arccore-315875/include/ComM_Dcm.h
2026-02-05 18:37:52,771 - Knowledge - INFO - Fast-tracked /app/data/T0015/315875/b34046x/arccore-315875/include/perf.h (ext=.h, size=189)
2026-02-05 18:37:52,852 - Knowledge - INFO - Worker kw15 processing /app/data/T0015/315875/b34046x/arccore-315875/include/CanNm.h
2026-02-05 18:37:52,947 - Knowledge - INFO - Fast-tracked /app/data/T0015/315875/b34046x/arccore-315875/include/ComM_EcuM.h (ext=.h, size=1018)
2026-02-05 18:37:53,019 - Knowledge - INFO - Worker kw17 processing /app/data/T0015/315875/b34046x/arccore-315875/include/Port.h
2026-02-05 18:37:53,135 - Knowledge - INFO - Fast-tracked /app/data/T0015/315875/b34046x/arccore-315875/include/WdgIf.h (ext=.h, size=1444)
2026-02-05 18:37:53,232 - Knowledge - INFO - Worker kw19 processing /app/data/T0015/315875/b34046x/arccore-315875/include/sleep.h
2026-02-05 18:37:53,308 - Knowledge - INFO - Batch sizing: calculated=8, max_allowed=10, queue=922, active_workers=19/20
2026-02-05 18:37:53,390 - Knowledge - INFO - Worker kw12 processing /app/data/T0015/315875/b34046x/arccore-315875/include/Std_Types.h
2026-02-05 18:37:53,553 - Knowledge - INFO - Worker kw7 processing /app/data/T0015/315875/b34046x/arccore-315875/include/ComM_ConfigTypes.h
2026-02-05 18:37:53,632 - Knowledge - INFO - Fast-tracked /app/data/T0015/315875/b34046x/arccore-315875/include/MemIf_Types.h (small file (2215 bytes))
2026-02-05 18:37:53,832 - Knowledge - INFO - Worker kw8 processing /app/data/T0015/315875/b34046x/arccore-315875/include/Eep_ConfigTypes.h
2026-02-05 18:37:53,931 - Knowledge - INFO - Worker kw9 processing /app/data/T0015/315875/b34046x/arccore-315875/include/CanIf_Cbk.h
2026-02-05 18:37:54,005 - Knowledge - INFO - Worker kw10 processing /app/data/T0015/315875/b34046x/arccore-315875/include/NvM_ConfigTypes.h
2026-02-05 18:37:54,077 - Knowledge - INFO - Worker kw11 processing /app/data/T0015/315875/b34046x/arccore-315875/include/Dcm_Cbk.h
2026-02-05 18:37:54,484 - Knowledge - INFO - Fast-tracked /app/data/T0015/315875/b34046x/arccore-315875/include/ComM_Dcm.h (ext=.h, size=968)
2026-02-05 18:37:54,566 - Knowledge - INFO - Worker kw14 processing /app/data/T0015/315875/b34046x/arccore-315875/include/ppc/mpc55xx.h
2026-02-05 18:37:54,650 - Knowledge - INFO - Worker kw15 processing /app/data/T0015/315875/b34046x/arccore-315875/include/Mcu.h
2026-02-05 18:37:54,765 - Knowledge - INFO - Worker kw16 processing /app/data/T0015/315875/b34046x/arccore-315875/include/NmStack_Types.h
2026-02-05 18:37:54,857 - Knowledge - INFO - Worker kw17 processing /app/data/T0015/315875/b34046x/arccore-315875/include/Fls.h
2026-02-05 18:37:54,963 - Knowledge - INFO - Worker kw18 processing /app/data/T0015/315875/b34046x/arccore-315875/include/timer.h
2026-02-05 18:37:55,055 - Knowledge - INFO - Fast-tracked /app/data/T0015/315875/b34046x/arccore-315875/include/sleep.h (ext=.h, size=1188)
2026-02-05 18:37:55,144 - Knowledge - INFO - Worker kw20 processing /app/data/T0015/315875/b34046x/arccore-315875/clib/clib.h
2026-02-05 18:37:55,229 - Knowledge - INFO - Worker kw12 processing /app/data/T0015/315875/b34046x/arccore-315875/include/bit.h
2026-02-05 18:37:55,334 - Knowledge - INFO - Worker kw7 processing /app/data/T0015/315875/b34046x/arccore-315875/include/CanTp.h
2026-02-05 18:37:55,522 - Knowledge - INFO - Worker kw8 processing /app/data/T0015/315875/b34046x/arccore-315875/include/J1939Tp.h
2026-02-05 18:37:55,624 - Knowledge - INFO - Fast-tracked /app/data/T0015/315875/b34046x/arccore-315875/include/CanIf_Cbk.h (ext=.h, size=1361)
2026-02-05 18:37:55,713 - Knowledge - INFO - Worker kw10 processing /app/data/T0015/315875/b34046x/arccore-315875/include/Gpt.h
2026-02-05 18:37:55,824 - Knowledge - INFO - Fast-tracked /app/data/T0015/315875/b34046x/arccore-315875/include/Dcm_Cbk.h (ext=.h, size=1669)
2026-02-05 18:37:55,912 - Knowledge - INFO - Worker kw13 processing /app/data/T0015/315875/b34046x/arccore-315875/include/device_serial.h
2026-02-05 18:37:55,986 - Knowledge - INFO - Worker kw14 processing /app/data/T0015/315875/b34046x/arccore-315875/include/ppc/Cpu.h
2026-02-05 18:37:56,188 - Knowledge - INFO - Worker kw15 processing /app/data/T0015/315875/b34046x/arccore-315875/include/os_config_funcs.h
2026-02-05 18:37:56,218 - Knowledge - INFO - [LLM_CALL] Completed: cc_gcc.mk:chunk1, Duration: 7834ms, PromptTokens: 4238, CompletionTokens: 59, Cost: $0.00045
2026-02-05 18:37:56,252 - Knowledge - INFO - Fast-tracked /app/data/T0015/315875/b34046x/arccore-315875/include/NmStack_Types.h (ext=.h, size=1629)
2026-02-05 18:37:56,364 - Knowledge - INFO - Worker kw17 processing /app/data/T0015/315875/b34046x/arccore-315875/include/Gpt_ConfigTypes.h
2026-02-05 18:37:56,448 - Knowledge - INFO - Fast-tracked /app/data/T0015/315875/b34046x/arccore-315875/include/timer.h (ext=.h, size=1209)
2026-02-05 18:37:56,510 - Knowledge - INFO - Worker kw19 processing /app/data/T0015/315875/b34046x/arccore-315875/include/EcuM_Cbk.h
2026-02-05 18:37:56,585 - Knowledge - INFO - Fast-tracked /app/data/T0015/315875/b34046x/arccore-315875/clib/clib.h (ext=.h, size=1135)
2026-02-05 18:37:56,666 - Knowledge - INFO - Fast-tracked /app/data/T0015/315875/b34046x/arccore-315875/include/bit.h (ext=.h, size=1466)
2026-02-05 18:37:56,743 - Knowledge - INFO - Worker kw7 processing /app/data/T0015/315875/b34046x/arccore-315875/include/ComM_Nm.h
2026-02-05 18:37:56,958 - Knowledge - INFO - Worker kw9 processing /app/data/T0015/315875/b34046x/arccore-315875/include/Rte_Dem.h
2026-02-05 18:37:57,062 - Knowledge - INFO - Fast-tracked /app/data/T0015/315875/b34046x/arccore-315875/include/cirq_buffer.h (small file (2010 bytes))
2026-02-05 18:37:57,139 - Knowledge - INFO - Fast-tracked /app/data/T0015/315875/b34046x/arccore-315875/include/Compiler.h (small file (2332 bytes))
2026-02-05 18:37:57,225 - Knowledge - INFO - Fast-tracked /app/data/T0015/315875/b34046x/arccore-315875/include/device_serial.h (ext=.h, size=1564)
2026-02-05 18:37:57,352 - Knowledge - INFO - Worker kw14 processing /app/data/T0015/315875/b34046x/arccore-315875/include/ppc/asm_ppc.h
2026-02-05 18:37:57,450 - Knowledge - INFO - Worker kw15 processing /app/data/T0015/315875/b34046x/arccore-315875/include/Fls_SST25xx.h
2026-02-05 18:37:57,550 - Knowledge - INFO - done ingest for /app/data/T0015/315875/b34046x/arccore-315875/scripts/cc_gcc.mk
2026-02-05 18:37:57,630 - Knowledge - INFO - Worker kw16 processing /app/data/T0015/315875/b34046x/arccore-315875/include/CanTp_Cbk.h
2026-02-05 18:37:57,736 - Knowledge - INFO - Fast-tracked /app/data/T0015/315875/b34046x/arccore-315875/include/Gpt_ConfigTypes.h (ext=.h, size=1243)
2026-02-05 18:37:57,816 - Knowledge - INFO - Worker kw18 processing /app/data/T0015/315875/b34046x/arccore-315875/include/PduR_SoAd.h
2026-02-05 18:37:57,894 - Knowledge - INFO - Worker kw19 processing /app/data/T0015/315875/b34046x/arccore-315875/include/CanNm_Internal.h
2026-02-05 18:37:57,970 - Knowledge - INFO - Worker kw20 processing /app/data/T0015/315875/b34046x/arccore-315875/clib/assert.h
2026-02-05 18:37:58,036 - Knowledge - INFO - Worker kw12 processing /app/data/T0015/315875/b34046x/arccore-315875/include/PduR_Types.h
2026-02-05 18:37:58,158 - Knowledge - INFO - Fast-tracked /app/data/T0015/315875/b34046x/arccore-315875/include/ComM_Nm.h (ext=.h, size=1333)
2026-02-05 18:37:58,240 - Knowledge - INFO - Fast-tracked /app/data/T0015/315875/b34046x/arccore-315875/include/Rte_Dem.h (ext=.h, size=1225)
2026-02-05 18:37:58,534 - Knowledge - INFO - Worker kw13 processing /app/data/T0015/315875/b34046x/arccore-315875/include/CanNm_ConfigTypes.h
2026-02-05 18:37:58,611 - Knowledge - INFO - Worker kw14 processing /app/data/T0015/315875/b34046x/arccore-315875/include/MemMap.h
2026-02-05 18:37:58,696 - Knowledge - INFO - Worker kw15 processing /app/data/T0015/315875/b34046x/arccore-315875/include/Nm_ConfigTypes.h
2026-02-05 18:37:58,997 - Knowledge - INFO - Fast-tracked /app/data/T0015/315875/b34046x/arccore-315875/include/CanTp_Cbk.h (ext=.h, size=1189)
2026-02-05 18:37:59,083 - Knowledge - INFO - Worker kw17 processing /app/data/T0015/315875/b34046x/arccore-315875/include/NvM.h
2026-02-05 18:37:59,178 - Knowledge - INFO - Fast-tracked /app/data/T0015/315875/b34046x/arccore-315875/include/PduR_SoAd.h (ext=.h, size=1642)
2026-02-05 18:37:59,366 - Knowledge - INFO - Worker kw19 processing /app/data/T0015/315875/b34046x/arccore-315875/include/PduR_Com.h
2026-02-05 18:37:59,499 - Knowledge - INFO - Fast-tracked /app/data/T0015/315875/b34046x/arccore-315875/clib/assert.h (ext=.h, size=1113)
2026-02-05 18:37:59,574 - Knowledge - INFO - [LLM_CALL] Completed: req_extract.r:chunk1, Duration: 10381ms, PromptTokens: 3738, CompletionTokens: 450, Cost: $0.00055
2026-02-05 18:37:59,603 - Knowledge - INFO - Fast-tracked /app/data/T0015/315875/b34046x/arccore-315875/include/LinSM.h (small file (2643 bytes))
2026-02-05 18:37:59,676 - Knowledge - INFO - Fast-tracked /app/data/T0015/315875/b34046x/arccore-315875/include/Ea.h (small file (2602 bytes))
2026-02-05 18:37:59,750 - Knowledge - INFO - Worker kw9 processing /app/data/T0015/315875/b34046x/arccore-315875/include/Crc.h
2026-02-05 18:37:59,800 - Knowledge - INFO - Fast-tracked /app/data/T0015/315875/b34046x/arccore-315875/include/arm/arm_cm3/Port_ConfigTypes.h (small file (2992 bytes))
2026-02-05 18:37:59,852 - Knowledge - INFO - Fast-tracked /app/data/T0015/315875/b34046x/arccore-315875/include/CanNm_ConfigTypes.h (ext=.h, size=1865)
2026-02-05 18:37:59,924 - Knowledge - INFO - Fast-tracked /app/data/T0015/315875/b34046x/arccore-315875/include/debug.h (small file (2175 bytes))
2026-02-05 18:38:00,020 - Knowledge - INFO - Fast-tracked /app/data/T0015/315875/b34046x/arccore-315875/include/Nm_ConfigTypes.h (ext=.h, size=1135)
2026-02-05 18:38:00,093 - Knowledge - INFO - Worker kw16 processing /app/data/T0015/315875/b34046x/arccore-315875/include/CanIf_Types.h
2026-02-05 18:38:00,204 - Knowledge - INFO - Worker kw17 processing /app/data/T0015/315875/b34046x/arccore-315875/include/LinIf_Cbk.h
2026-02-05 18:38:00,311 - Knowledge - INFO - Worker kw18 processing /app/data/T0015/315875/b34046x/arccore-315875/include/Dem_Lcfg.h
2026-02-05 18:38:00,393 - Knowledge - INFO - Fast-tracked /app/data/T0015/315875/b34046x/arccore-315875/include/PduR_Com.h (ext=.h, size=1054)
2026-02-05 18:38:00,504 - Knowledge - INFO - Worker kw20 processing /app/data/T0015/315875/b34046x/arccore-315875/clib/stdio.h
2026-02-05 18:38:00,570 - Knowledge - INFO - done ingest for /app/data/T0015/315875/b34046x/arccore-315875/scripts/req_extract.r
2026-02-05 18:38:00,671 - Knowledge - INFO - Fast-tracked /app/data/T0015/315875/b34046x/arccore-315875/include/WdgM.h (small file (2861 bytes))
2026-02-05 18:38:00,835 - Knowledge - INFO - Fast-tracked /app/data/T0015/315875/b34046x/arccore-315875/include/Crc.h (ext=.h, size=1556)
2026-02-05 18:38:01,006 - Knowledge - INFO - Worker kw13 processing /app/data/T0015/315875/b34046x/arccore-315875/include/generic/Cpu.h
2026-02-05 18:38:01,114 - Knowledge - INFO - Fast-tracked /app/data/T0015/315875/b34046x/arccore-315875/include/Det.h (small file (2775 bytes))
2026-02-05 18:38:01,208 - Knowledge - INFO - Worker kw15 processing /app/data/T0015/315875/b34046x/arccore-315875/include/Ea_Cbk.h
2026-02-05 18:38:01,320 - Knowledge - INFO - Worker kw16 processing /app/data/T0015/315875/b34046x/arccore-315875/include/alist_i.h
2026-02-05 18:38:01,436 - Knowledge - INFO - Fast-tracked /app/data/T0015/315875/b34046x/arccore-315875/include/LinIf_Cbk.h (ext=.h, size=959)
2026-02-05 18:38:01,522 - Knowledge - INFO - Worker kw18 processing /app/data/T0015/315875/b34046x/arccore-315875/include/sys/queue.h
2026-02-05 18:38:01,626 - Knowledge - INFO - Worker kw19 processing /app/data/T0015/315875/b34046x/arccore-315875/include/Modules.h
2026-02-05 18:38:01,759 - Knowledge - INFO - Worker kw20 processing /app/data/T0015/315875/b34046x/arccore-315875/clib/strtok_r.c
2026-02-05 18:38:01,872 - Knowledge - INFO - Processing batch of 10 files
2026-02-05 18:38:01,934 - Knowledge - INFO - Fast-tracked /app/data/T0015/315875/b34046x/arccore-315875/include/Com.h (small file (3055 bytes))
2026-02-05 18:38:02,110 - Knowledge - INFO - Fast-tracked /app/data/T0015/315875/b34046x/arccore-315875/include/generic/Cpu.h (ext=.h, size=1299)
2026-02-05 18:38:02,283 - Knowledge - INFO - Fast-tracked /app/data/T0015/315875/b34046x/arccore-315875/include/Ea_Cbk.h (ext=.h, size=1002)
2026-02-05 18:38:02,357 - Knowledge - INFO - Fast-tracked /app/data/T0015/315875/b34046x/arccore-315875/include/alist_i.h (ext=.h, size=1817)
2026-02-05 18:38:02,438 - Knowledge - INFO - Worker kw17 processing /app/data/T0015/315875/b34046x/arccore-315875/include/CanSM_Cbk.h
2026-02-05 18:38:02,525 - Knowledge - INFO - Worker kw18 processing /app/data/T0015/315875/b34046x/arccore-315875/include/Platform_Types.h
2026-02-05 18:38:02,616 - Knowledge - INFO - Worker kw19 processing /app/data/T0015/315875/b34046x/arccore-315875/include/ComStack_Types.h
2026-02-05 18:38:02,727 - Knowledge - INFO - Worker kw20 processing /app/data/T0015/315875/b34046x/arccore-315875/clib/clib.c
2026-02-05 18:38:02,797 - Knowledge - INFO - process ingested knowledge for /app/data/T0015/315875/b34046x/arccore-315875/scripts/compile_examples.sh
2026-02-05 18:38:02,963 - Knowledge - INFO - Fast-tracked /app/data/T0015/315875/b34046x/arccore-315875/include/Fee_ConfigTypes.h (small file (1971 bytes))
2026-02-05 18:38:02,987 - Knowledge - INFO - Fast-tracked /app/data/T0015/315875/b34046x/arccore-315875/include/Fls_ConfigTypes.h (small file (2055 bytes))
2026-02-05 18:38:03,276 - Knowledge - INFO - Worker kw16 processing /app/data/T0015/315875/b34046x/arccore-315875/include/WdgIf_Types.h
2026-02-05 18:38:03,281 - Knowledge - INFO - Fast-tracked /app/data/T0015/315875/b34046x/arccore-315875/include/CanNm.h (small file (0 bytes))
2026-02-05 18:38:03,362 - Knowledge - INFO - Fast-tracked /app/data/T0015/315875/b34046x/arccore-315875/include/CanSM_Cbk.h (ext=.h, size=1167)
2026-02-05 18:38:03,447 - Knowledge - INFO - Worker kw18 processing /app/data/T0015/315875/b34046x/arccore-315875/include/PduR_If.h
2026-02-05 18:38:03,525 - Knowledge - INFO - Worker kw19 processing /app/data/T0015/315875/b34046x/arccore-315875/readme.txt
2026-02-05 18:38:03,611 - Knowledge - INFO - Fast-tracked /app/data/T0015/315875/b34046x/arccore-315875/clib/clib.c (ext=.c, size=1251)
2026-02-05 18:38:03,686 - Knowledge - INFO - process ingested knowledge for /app/data/T0015/315875/b34046x/arccore-315875/scripts/build_arm.sh
2026-02-05 18:38:03,970 - Knowledge - INFO - Fast-tracked /app/data/T0015/315875/b34046x/arccore-315875/include/WdgIf_Types.h (ext=.h, size=1128)
2026-02-05 18:38:04,170 - Knowledge - INFO - Worker kw17 processing /app/data/T0015/315875/b34046x/arccore-315875/include/CanIf.h
2026-02-05 18:38:04,287 - Knowledge - INFO - Worker kw18 processing /app/data/T0015/315875/b34046x/arccore-315875/include/WdgM_ConfigTypes.h
2026-02-05 18:38:04,348 - Knowledge - INFO - [LLM_CALL] Completed: cc_diab.mk:chunk1, Duration: 17573ms, PromptTokens: 4200, CompletionTokens: 59, Cost: $0.00044
2026-02-05 18:38:04,404 - Knowledge - INFO - Fast-tracked /app/data/T0015/315875/b34046x/arccore-315875/readme.txt (ext=.txt, size=351)
2026-02-05 18:38:04,519 - Knowledge - INFO - Worker kw20 processing /app/data/T0015/315875/b34046x/arccore-315875/clib/clib_port.c
2026-02-05 18:38:04,607 - Knowledge - INFO - process ingested knowledge for /app/data/T0015/315875/b34046x/arccore-315875/scripts/cc_gcc.mk
2026-02-05 18:38:04,703 - Knowledge - INFO - Worker kw16 processing /app/data/T0015/315875/b34046x/arccore-315875/include/ComM_BusSm.h
2026-02-05 18:38:04,816 - Knowledge - INFO - Fast-tracked /app/data/T0015/315875/b34046x/arccore-315875/include/Port.h (small file (2679 bytes))
2026-02-05 18:38:05,003 - Knowledge - INFO - done ingest for /app/data/T0015/315875/b34046x/arccore-315875/scripts/cc_diab.mk
2026-02-05 18:38:05,114 - Knowledge - INFO - Worker kw19 processing /app/data/T0015/315875/b34046x/arccore-315875/LICENSE.md
2026-02-05 18:38:05,190 - Knowledge - INFO - Worker kw20 processing /app/data/T0015/315875/b34046x/arccore-315875/communication/J1939Tp/J1939Tp_Internal_Packets.h
2026-02-05 18:38:05,276 - Knowledge - INFO - process ingested knowledge for /app/data/T0015/315875/b34046x/arccore-315875/scripts/build_example.sh
2026-02-05 18:38:05,359 - Knowledge - INFO - Fast-tracked /app/data/T0015/315875/b34046x/arccore-315875/include/ComM_BusSm.h (ext=.h, size=1037)
2026-02-05 18:38:05,715 - Knowledge - INFO - Fast-tracked /app/data/T0015/315875/b34046x/arccore-315875/LICENSE.md (ext=.md, size=15174)
2026-02-05 18:38:05,796 - Knowledge - INFO - Worker kw20 processing /app/data/T0015/315875/b34046x/arccore-315875/communication/J1939Tp/J1939Tp_Internal.h
2026-02-05 18:38:05,888 - Knowledge - INFO - process ingested knowledge for /app/data/T0015/315875/b34046x/arccore-315875/scripts/project_defaults.mk
2026-02-05 18:38:06,118 - Knowledge - INFO - Fast-tracked /app/data/T0015/315875/b34046x/arccore-315875/include/EcuM_Cbk.h (small file (2709 bytes))
2026-02-05 18:38:06,223 - Knowledge - INFO - Fast-tracked /app/data/T0015/315875/b34046x/arccore-315875/clib/stdio.h (small file (2091 bytes))
2026-02-05 18:38:06,298 - Knowledge - INFO - process ingested knowledge for /app/data/T0015/315875/b34046x/arccore-315875/scripts/compilers.txt
2026-02-05 18:38:06,472 - Knowledge - INFO - Fast-tracked /app/data/T0015/315875/b34046x/arccore-315875/clib/strtok_r.c (small file (2675 bytes))
2026-02-05 18:38:06,538 - Knowledge - INFO - process ingested knowledge for /app/data/T0015/315875/b34046x/arccore-315875/scripts/req_extract.r
2026-02-05 18:38:06,780 - Knowledge - INFO - process ingested knowledge for /app/data/T0015/315875/b34046x/arccore-315875/scripts/pclint/lnt/lint_cmac.h
2026-02-05 18:38:07,016 - Knowledge - INFO - process ingested knowledge for /app/data/T0015/315875/b34046x/arccore-315875/scripts/pclint/lnt/co-gcc.h
2026-02-05 18:38:07,255 - Knowledge - INFO - process ingested knowledge for /app/data/T0015/315875/b34046x/arccore-315875/scripts/fix_includes.sh
2026-02-05 18:38:08,408 - Knowledge - INFO - [WEBSOCKET] Sent: Type=progress_update, Size: 290, Duration: 0ms
2026-02-05 18:38:08,638 - Knowledge - INFO - [WEBSOCKET] Sent: Type=unknown, Size: ?, Duration: 230ms
2026-02-05 18:38:08,799 - Knowledge - INFO - Progress: 0.9% | Files: 10/1086 | Rate: 0.21 files/sec | Queue: 906
2026-02-05 18:38:09,012 - Knowledge - INFO - [kw1] Queue=906, InProgress=0, PendingWorkers=20/20, Completed=10/1086 (0.9%)
2026-02-05 18:38:09,267 - Knowledge - INFO - [LLM_CALL] Completed: Adc_ConfigTypes.h:chunk1, Duration: 10317ms, PromptTokens: 3458, CompletionTokens: 223, Cost: $0.00044
2026-02-05 18:38:09,289 - Knowledge - INFO - Batch sizing: calculated=8, max_allowed=10, queue=906, active_workers=20/20
2026-02-05 18:38:09,462 - Knowledge - INFO - done ingest for /app/data/T0015/315875/b34046x/arccore-315875/include/arm/arm_cm3/Adc_ConfigTypes.h
2026-02-05 18:38:09,609 - Knowledge - INFO - Async storing batch of 10 embeddings
2026-02-05 18:38:09,891 - Knowledge - INFO - Worker kw1 processing /app/data/T0015/315875/b34046x/arccore-315875/communication/J1939Tp/J1939Tp.c
2026-02-05 18:38:10,138 - Knowledge - INFO - Worker kw1 processing /app/data/T0015/315875/b34046x/arccore-315875/communication/ComM/ComM_Internal.h
2026-02-05 18:38:10,286 - Knowledge - INFO - [LLM_CALL] Completed: Mcu_ConfigTypes.h:chunk1, Duration: 15194ms, PromptTokens: 3206, CompletionTokens: 162, Cost: $0.00039
2026-02-05 18:38:10,448 - Knowledge - INFO - Worker kw1 processing /app/data/T0015/315875/b34046x/arccore-315875/communication/ComM/ComM.c
2026-02-05 18:38:10,578 - Knowledge - INFO - done ingest for /app/data/T0015/315875/b34046x/arccore-315875/include/arm/arm_cm3/Mcu_ConfigTypes.h
2026-02-05 18:38:10,579 - Knowledge - INFO - [LLM_CALL] Completed: cc_cw.mk:chunk1, Duration: 13028ms, PromptTokens: 4486, CompletionTokens: 59, Cost: $0.00047
2026-02-05 18:38:10,676 - Knowledge - INFO - Worker kw1 processing /app/data/T0015/315875/b34046x/arccore-315875/communication/CanSM/CanSM_Internal.h
2026-02-05 18:38:10,953 - Knowledge - INFO - done ingest for /app/data/T0015/315875/b34046x/arccore-315875/scripts/cc_cw.mk
2026-02-05 18:38:11,123 - Knowledge - INFO - Worker kw1 processing /app/data/T0015/315875/b34046x/arccore-315875/communication/CanSM/CanSM.c
2026-02-05 18:38:11,181 - Knowledge - INFO - [LLM_CALL] Completed: Pwm_ConfigTypes.h:chunk1, Duration: 18484ms, PromptTokens: 2826, CompletionTokens: 252, Cost: $0.00038
2026-02-05 18:38:11,404 - Knowledge - INFO - Worker kw1 processing /app/data/T0015/315875/b34046x/arccore-315875/communication/CanTp/CanTp.c
2026-02-05 18:38:11,518 - Knowledge - INFO - done ingest for /app/data/T0015/315875/b34046x/arccore-315875/include/arm/arm_cm3/Pwm_ConfigTypes.h
2026-02-05 18:38:11,706 - Knowledge - INFO - Worker kw1 processing /app/data/T0015/315875/b34046x/arccore-315875/communication/CanIf/CanIf.c
2026-02-05 18:38:11,986 - Knowledge - INFO - Worker kw1 processing /app/data/T0015/315875/b34046x/arccore-315875/communication/CanNm/CanNm.c
2026-02-05 18:38:13,794 - Knowledge - INFO - [LLM_CALL] Completed: rules.mk:chunk1, Duration: 20320ms, PromptTokens: 6738, CompletionTokens: 59, Cost: $0.00070
2026-02-05 18:38:14,071 - Knowledge - INFO - done ingest for /app/data/T0015/315875/b34046x/arccore-315875/scripts/rules.mk
2026-02-05 18:38:14,365 - Knowledge - INFO - Processing batch of 10 files
2026-02-05 18:38:14,585 - Knowledge - INFO - process ingested knowledge for /app/data/T0015/315875/b34046x/arccore-315875/scripts/req-os.xml
2026-02-05 18:38:14,770 - Knowledge - INFO - process ingested knowledge for /app/data/T0015/315875/b34046x/arccore-315875/scripts/set_env_win_arm_cs.sh
2026-02-05 18:38:15,090 - Knowledge - INFO - process ingested knowledge for /app/data/T0015/315875/b34046x/arccore-315875/scripts/build_all.sh
2026-02-05 18:38:15,276 - Knowledge - INFO - process ingested knowledge for /app/data/T0015/315875/b34046x/arccore-315875/scripts/rules.mk
2026-02-05 18:38:15,532 - Knowledge - INFO - process ingested knowledge for /app/data/T0015/315875/b34046x/arccore-315875/scripts/req.sh
2026-02-05 18:38:16,047 - Knowledge - INFO - process ingested knowledge for /app/data/T0015/315875/b34046x/arccore-315875/scripts/version_check.mk
2026-02-05 18:38:16,287 - Knowledge - INFO - [LLM_CALL] Completed: Eep.h:chunk1, Duration: 24019ms, PromptTokens: 2378, CompletionTokens: 531, Cost: $0.00045
2026-02-05 18:38:16,292 - Knowledge - INFO - process ingested knowledge for /app/data/T0015/315875/b34046x/arccore-315875/scripts/cc_pclint.mk
2026-02-05 18:38:16,473 - Knowledge - INFO - done ingest for /app/data/T0015/315875/b34046x/arccore-315875/include/Eep.h
2026-02-05 18:38:16,598 - Knowledge - INFO - process ingested knowledge for /app/data/T0015/315875/b34046x/arccore-315875/scripts/cc_splint.mk
2026-02-05 18:38:16,847 - Knowledge - INFO - process ingested knowledge for /app/data/T0015/315875/b34046x/arccore-315875/scripts/cc_cw.mk
2026-02-05 18:38:16,953 - Knowledge - INFO - [LLM_CALL] Completed: CanTp_Types.h:chunk1, Duration: 22462ms, PromptTokens: 4770, CompletionTokens: 340, Cost: $0.00061
2026-02-05 18:38:17,030 - Knowledge - INFO - process ingested knowledge for /app/data/T0015/315875/b34046x/arccore-315875/scripts/guess_cc.sh
2026-02-05 18:38:17,129 - Knowledge - INFO - done ingest for /app/data/T0015/315875/b34046x/arccore-315875/include/CanTp_Types.h
2026-02-05 18:38:18,165 - Knowledge - INFO - [LLM_CALL] Completed: IoHwAb.h:chunk1, Duration: 20613ms, PromptTokens: 2368, CompletionTokens: 323, Cost: $0.00037
2026-02-05 18:38:18,336 - Knowledge - INFO - done ingest for /app/data/T0015/315875/b34046x/arccore-315875/include/IoHwAb.h
2026-02-05 18:38:19,901 - Knowledge - INFO - [kw2] Queue=898, InProgress=0, PendingWorkers=20/20, Completed=20/1086 (1.8%)
2026-02-05 18:38:20,166 - Knowledge - INFO - Batch sizing: calculated=8, max_allowed=10, queue=898, active_workers=20/20
2026-02-05 18:38:20,370 - Knowledge - INFO - Async storing batch of 10 embeddings
2026-02-05 18:38:20,606 - Knowledge - INFO - Worker kw2 processing /app/data/T0015/315875/b34046x/arccore-315875/communication/Lin/LinSM.c
2026-02-05 18:38:20,770 - Knowledge - INFO - Worker kw2 processing /app/data/T0015/315875/b34046x/arccore-315875/communication/Lin/LinIf.c
2026-02-05 18:38:20,993 - Knowledge - INFO - Worker kw2 processing /app/data/T0015/315875/b34046x/arccore-315875/communication/PduR/PduR_CanIf.c
2026-02-05 18:38:21,222 - Knowledge - INFO - Fast-tracked /app/data/T0015/315875/b34046x/arccore-315875/communication/PduR/PduR_CanIf.c (ext=.c, size=1189)
2026-02-05 18:38:21,304 - Knowledge - INFO - Fast-tracked /app/data/T0015/315875/b34046x/arccore-315875/include/os_config_funcs.h (small file (2079 bytes))
2026-02-05 18:38:21,436 - Knowledge - INFO - Worker kw2 processing /app/data/T0015/315875/b34046x/arccore-315875/communication/PduR/PduR.c
2026-02-05 18:38:21,493 - Knowledge - INFO - Fast-tracked /app/data/T0015/315875/b34046x/arccore-315875/include/ComM_ConfigTypes.h (small file (2299 bytes))
2026-02-05 18:38:21,698 - Knowledge - INFO - Worker kw2 processing /app/data/T0015/315875/b34046x/arccore-315875/communication/PduR/PduR_SoAd.c
2026-02-05 18:38:21,915 - Knowledge - INFO - Worker kw2 processing /app/data/T0015/315875/b34046x/arccore-315875/communication/PduR/PduR_Com.c
2026-02-05 18:38:22,178 - Knowledge - INFO - Fast-tracked /app/data/T0015/315875/b34046x/arccore-315875/communication/PduR/PduR_Com.c (ext=.c, size=1068)
2026-02-05 18:38:22,203 - Knowledge - INFO - [LLM_CALL] Completed: Dcm_Lcfg.h:chunk1, Duration: 18307ms, PromptTokens: 16210, CompletionTokens: 59, Cost: $0.00164
2026-02-05 18:38:22,322 - Knowledge - INFO - Fast-tracked /app/data/T0015/315875/b34046x/arccore-315875/include/Dio.h (small file (2950 bytes))
2026-02-05 18:38:22,390 - Knowledge - INFO - Worker kw2 processing /app/data/T0015/315875/b34046x/arccore-315875/communication/PduR/PduR_CanTp.c
2026-02-05 18:38:22,475 - Knowledge - INFO - done ingest for /app/data/T0015/315875/b34046x/arccore-315875/include/Dcm_Lcfg.h
2026-02-05 18:38:22,662 - Knowledge - INFO - Fast-tracked /app/data/T0015/315875/b34046x/arccore-315875/communication/PduR/PduR_CanTp.c (ext=.c, size=1670)
2026-02-05 18:38:22,812 - Knowledge - INFO - Processing batch of 8 files
2026-02-05 18:38:22,854 - Knowledge - INFO - Worker kw2 processing /app/data/T0015/315875/b34046x/arccore-315875/communication/PduR/PduR_Logic.c
2026-02-05 18:38:22,983 - Knowledge - INFO - process ingested knowledge for /app/data/T0015/315875/b34046x/arccore-315875/include/Fls_ConfigTypes.h
2026-02-05 18:38:23,195 - Knowledge - INFO - process ingested knowledge for /app/data/T0015/315875/b34046x/arccore-315875/include/Fee_Cbk.h
2026-02-05 18:38:23,386 - Knowledge - INFO - process ingested knowledge for /app/data/T0015/315875/b34046x/arccore-315875/include/Rte_Main.h
2026-02-05 18:38:23,594 - Knowledge - INFO - process ingested knowledge for /app/data/T0015/315875/b34046x/arccore-315875/include/Dcm_Lcfg.h
2026-02-05 18:38:23,832 - Knowledge - INFO - process ingested knowledge for /app/data/T0015/315875/b34046x/arccore-315875/include/ComM_Dcm.h
2026-02-05 18:38:24,011 - Knowledge - INFO - process ingested knowledge for /app/data/T0015/315875/b34046x/arccore-315875/include/device_serial.h
2026-02-05 18:38:24,181 - Knowledge - INFO - process ingested knowledge for /app/data/T0015/315875/b34046x/arccore-315875/include/CanNm_ConfigTypes.h
2026-02-05 18:38:24,417 - Knowledge - INFO - process ingested knowledge for /app/data/T0015/315875/b34046x/arccore-315875/include/generic/Cpu.h
2026-02-05 18:38:24,515 - Knowledge - INFO - [LLM_CALL] Completed: Dem_Types.h:chunk1, Duration: 35258ms, PromptTokens: 8224, CompletionTokens: 1602, Cost: $0.00146
2026-02-05 18:38:24,717 - Knowledge - INFO - done ingest for /app/data/T0015/315875/b34046x/arccore-315875/include/Dem_Types.h
2026-02-05 18:38:24,949 - Knowledge - INFO - Processing batch of 10 files
2026-02-05 18:38:25,125 - Knowledge - INFO - process ingested knowledge for /app/data/T0015/315875/b34046x/arccore-315875/scripts/bootloader_image.mk
2026-02-05 18:38:25,390 - Knowledge - INFO - process ingested knowledge for /app/data/T0015/315875/b34046x/arccore-315875/scripts/build_ppc.sh
2026-02-05 18:38:25,416 - Knowledge - INFO - [WEBSOCKET] Sent: Type=progress_update, Size: 290, Duration: 0ms
2026-02-05 18:38:25,523 - Knowledge - INFO - Fast-tracked /app/data/T0015/315875/b34046x/arccore-315875/include/io.h (small file (2913 bytes))
2026-02-05 18:38:25,580 - Knowledge - INFO - process ingested knowledge for /app/data/T0015/315875/b34046x/arccore-315875/scripts/cc_diab.mk
2026-02-05 18:38:25,642 - Knowledge - INFO - [WEBSOCKET] Sent: Type=unknown, Size: ?, Duration: 227ms
2026-02-05 18:38:25,826 - Knowledge - INFO - process ingested knowledge for /app/data/T0015/315875/b34046x/arccore-315875/scripts/cc_iar.mk
2026-02-05 18:38:25,915 - Knowledge - INFO - Progress: 3.5% | Files: 38/1086 | Rate: 0.60 files/sec | Queue: 890
2026-02-05 18:38:26,063 - Knowledge - INFO - process ingested knowledge for /app/data/T0015/315875/b34046x/arccore-315875/include/Dem_Types.h
2026-02-05 18:38:26,186 - Knowledge - INFO - [kw13] Queue=890, InProgress=0, PendingWorkers=20/20, Completed=38/1086 (3.5%)
2026-02-05 18:38:26,290 - Knowledge - INFO - process ingested knowledge for /app/data/T0015/315875/b34046x/arccore-315875/include/arm/arm_cm3/Adc_ConfigTypes.h
2026-02-05 18:38:26,414 - Knowledge - INFO - Batch sizing: calculated=8, max_allowed=10, queue=890, active_workers=20/20
2026-02-05 18:38:26,535 - Knowledge - INFO - process ingested knowledge for /app/data/T0015/315875/b34046x/arccore-315875/include/arm/arm_cm3/Pwm_ConfigTypes.h
2026-02-05 18:38:26,616 - Knowledge - INFO - Async storing batch of 8 embeddings
2026-02-05 18:38:26,704 - Knowledge - INFO - process ingested knowledge for /app/data/T0015/315875/b34046x/arccore-315875/include/arm/arm_cm3/Mcu_ConfigTypes.h
2026-02-05 18:38:26,793 - Knowledge - INFO - Worker kw13 processing /app/data/T0015/315875/b34046x/arccore-315875/communication/PduR/PduR_LinIf.c
2026-02-05 18:38:26,897 - Knowledge - INFO - process ingested knowledge for /app/data/T0015/315875/b34046x/arccore-315875/include/arm/arm_cm3/Port_ConfigTypes.h
2026-02-05 18:38:27,037 - Knowledge - INFO - Fast-tracked /app/data/T0015/315875/b34046x/arccore-315875/include/EcuM_Types.h (small file (0 bytes))
2026-02-05 18:38:27,050 - Knowledge - INFO - Fast-tracked /app/data/T0015/315875/b34046x/arccore-315875/communication/PduR/PduR_LinIf.c (ext=.c, size=1337)
2026-02-05 18:38:27,134 - Knowledge - INFO - process ingested knowledge for /app/data/T0015/315875/b34046x/arccore-315875/include/arm/Cpu.h
2026-02-05 18:38:27,356 - Knowledge - INFO - Worker kw13 processing /app/data/T0015/315875/b34046x/arccore-315875/communication/PduR/PduR_Routing.c
2026-02-05 18:38:27,396 - Knowledge - INFO - Fast-tracked /app/data/T0015/315875/b34046x/arccore-315875/include/hc1x/irq_defines.h (small file (2457 bytes))
2026-02-05 18:38:27,481 - Knowledge - INFO - [LLM_CALL] Completed: EcuM.h:chunk1, Duration: 36969ms, PromptTokens: 4400, CompletionTokens: 1793, Cost: $0.00116
2026-02-05 18:38:27,585 - Knowledge - INFO - Worker kw13 processing /app/data/T0015/315875/b34046x/arccore-315875/communication/PduR/PduR_J1939Tp.c
2026-02-05 18:38:27,797 - Knowledge - INFO - done ingest for /app/data/T0015/315875/b34046x/arccore-315875/include/EcuM.h
2026-02-05 18:38:27,842 - Knowledge - INFO - Fast-tracked /app/data/T0015/315875/b34046x/arccore-315875/communication/J1939Tp/J1939Tp_Internal_Packets.h (small file (2505 bytes))
2026-02-05 18:38:27,882 - Knowledge - INFO - Worker kw13 processing /app/data/T0015/315875/b34046x/arccore-315875/communication/PduR/PduR_Dcm.c
2026-02-05 18:38:28,054 - Knowledge - INFO - [LLM_CALL] Completed: CanIf_Types.h:chunk1, Duration: 22055ms, PromptTokens: 4018, CompletionTokens: 263, Cost: $0.00051
2026-02-05 18:38:28,260 - Knowledge - INFO - Fast-tracked /app/data/T0015/315875/b34046x/arccore-315875/communication/PduR/PduR_Dcm.c (ext=.c, size=1066)
2026-02-05 18:38:28,332 - Knowledge - INFO - done ingest for /app/data/T0015/315875/b34046x/arccore-315875/include/CanIf_Types.h
2026-02-05 18:38:28,410 - Knowledge - INFO - Processing batch of 10 files
2026-02-05 18:38:28,446 - Knowledge - INFO - Worker kw13 processing /app/data/T0015/315875/b34046x/arccore-315875/communication/Nm/Nm.c
2026-02-05 18:38:28,636 - Knowledge - INFO - process ingested knowledge for /app/data/T0015/315875/b34046x/arccore-315875/include/EcuM.h
2026-02-05 18:38:28,641 - Knowledge - INFO - Processing batch of 8 files
2026-02-05 18:38:28,748 - Knowledge - INFO - [kw3] Queue=882, InProgress=0, PendingWorkers=20/20, Completed=56/1086 (5.2%)
2026-02-05 18:38:28,753 - Knowledge - INFO - Worker kw13 processing /app/data/T0015/315875/b34046x/arccore-315875/communication/Com/Com.c
2026-02-05 18:38:28,824 - Knowledge - INFO - process ingested knowledge for /app/data/T0015/315875/b34046x/arccore-315875/include/Eep.h
2026-02-05 18:38:28,942 - Knowledge - INFO - process ingested knowledge for /app/data/T0015/315875/b34046x/arccore-315875/include/NvM_Types.h
2026-02-05 18:38:29,026 - Knowledge - INFO - Batch sizing: calculated=8, max_allowed=10, queue=882, active_workers=20/20
2026-02-05 18:38:29,130 - Knowledge - INFO - Worker kw13 processing /app/data/T0015/315875/b34046x/arccore-315875/communication/Com/Com_misc.h
2026-02-05 18:38:29,250 - Knowledge - INFO - process ingested knowledge for /app/data/T0015/315875/b34046x/arccore-315875/include/CanTp_Types.h
2026-02-05 18:38:29,340 - Knowledge - INFO - process ingested knowledge for /app/data/T0015/315875/b34046x/arccore-315875/include/ComM_EcuM.h
2026-02-05 18:38:29,419 - Knowledge - INFO - Async storing batch of 10 embeddings
2026-02-05 18:38:29,518 - Knowledge - INFO - Worker kw13 processing /app/data/T0015/315875/b34046x/arccore-315875/communication/Com/Com_Cbk.h
2026-02-05 18:38:29,629 - Knowledge - INFO - process ingested knowledge for /app/data/T0015/315875/b34046x/arccore-315875/include/Ea_Types.h
2026-02-05 18:38:29,711 - Knowledge - INFO - process ingested knowledge for /app/data/T0015/315875/b34046x/arccore-315875/include/NmStack_Types.h
2026-02-05 18:38:29,823 - Knowledge - INFO - Worker kw3 processing /app/data/T0015/315875/b34046x/arccore-315875/communication/Com/Com_Sched.c
2026-02-05 18:38:29,942 - Knowledge - INFO - Fast-tracked /app/data/T0015/315875/b34046x/arccore-315875/communication/Com/Com_Cbk.h (ext=.h, size=886)
2026-02-05 18:38:30,021 - Knowledge - INFO - process ingested knowledge for /app/data/T0015/315875/b34046x/arccore-315875/include/Nm_Cbk.h
2026-02-05 18:38:30,117 - Knowledge - INFO - process ingested knowledge for /app/data/T0015/315875/b34046x/arccore-315875/include/CanTp_Cbk.h
2026-02-05 18:38:30,213 - Knowledge - INFO - Worker kw3 processing /app/data/T0015/315875/b34046x/arccore-315875/communication/Com/Com_Arc_Types.h
2026-02-05 18:38:30,423 - Knowledge - INFO - process ingested knowledge for /app/data/T0015/315875/b34046x/arccore-315875/include/IoHwAb.h
2026-02-05 18:38:30,525 - Knowledge - INFO - process ingested knowledge for /app/data/T0015/315875/b34046x/arccore-315875/include/CanIf_Types.h
2026-02-05 18:38:30,628 - Knowledge - INFO - Fast-tracked /app/data/T0015/315875/b34046x/arccore-315875/communication/Com/Com_Arc_Types.h (ext=.h, size=1871)
2026-02-05 18:38:30,699 - Knowledge - INFO - process ingested knowledge for /app/data/T0015/315875/b34046x/arccore-315875/include/Compiler_Cfg.h
2026-02-05 18:38:30,769 - Knowledge - INFO - process ingested knowledge for /app/data/T0015/315875/b34046x/arccore-315875/include/alist_i.h
2026-02-05 18:38:30,838 - Knowledge - INFO - Worker kw3 processing /app/data/T0015/315875/b34046x/arccore-315875/communication/Com/Com_Com.c
2026-02-05 18:38:30,919 - Knowledge - INFO - process ingested knowledge for /app/data/T0015/315875/b34046x/arccore-315875/include/Fee_ConfigTypes.h
2026-02-05 18:38:31,034 - Knowledge - INFO - process ingested knowledge for /app/data/T0015/315875/b34046x/arccore-315875/include/WdgIf_Types.h
2026-02-05 18:38:31,116 - Knowledge - INFO - Worker kw3 processing /app/data/T0015/315875/b34046x/arccore-315875/communication/Com/Com_Internal.h
2026-02-05 18:38:31,240 - Knowledge - INFO - process ingested knowledge for /app/data/T0015/315875/b34046x/arccore-315875/include/Mcu_Arc.h
2026-02-05 18:38:31,345 - Knowledge - INFO - process ingested knowledge for /app/data/T0015/315875/b34046x/arccore-315875/include/ComM_BusSm.h
2026-02-05 18:38:31,472 - Knowledge - INFO - Worker kw3 processing /app/data/T0015/315875/b34046x/arccore-315875/communication/Com/Com_misc.c
2026-02-05 18:38:31,548 - Knowledge - INFO - process ingested knowledge for /app/data/T0015/315875/b34046x/arccore-315875/include/CalibrationData.h
2026-02-05 18:38:31,778 - Knowledge - INFO - Worker kw3 processing /app/data/T0015/315875/b34046x/arccore-315875/arch/arm/arm_cr4/scripts/gcc.mk
2026-02-05 18:38:32,008 - Knowledge - INFO - Fast-tracked /app/data/T0015/315875/b34046x/arccore-315875/arch/arm/arm_cr4/scripts/gcc.mk (ext=.mk, size=285)
2026-02-05 18:38:32,411 - Knowledge - INFO - Worker kw3 processing /app/data/T0015/315875/b34046x/arccore-315875/arch/arm/arm_cr4/kernel/stack.h
2026-02-05 18:38:32,582 - Knowledge - INFO - Fast-tracked /app/data/T0015/315875/b34046x/arccore-315875/arch/arm/arm_cr4/kernel/stack.h (ext=.h, size=1619)
2026-02-05 18:38:32,751 - Knowledge - INFO - Worker kw3 processing /app/data/T0015/315875/b34046x/arccore-315875/arch/arm/arm_cr4/kernel/startup_cr4.s
2026-02-05 18:38:33,254 - Knowledge - INFO - [kw16] Queue=874, InProgress=0, PendingWorkers=20/20, Completed=56/1086 (5.2%)
2026-02-05 18:38:33,439 - Knowledge - INFO - Batch sizing: calculated=8, max_allowed=10, queue=874, active_workers=20/20
2026-02-05 18:38:33,492 - Knowledge - INFO - [kw4] Queue=874, InProgress=0, PendingWorkers=20/20, Completed=56/1086 (5.2%)
2026-02-05 18:38:33,593 - Knowledge - INFO - Async storing batch of 8 embeddings
2026-02-05 18:38:33,822 - Knowledge - INFO - Batch sizing: calculated=8, max_allowed=10, queue=874, active_workers=20/20
2026-02-05 18:38:33,927 - Knowledge - INFO - Worker kw16 processing /app/data/T0015/315875/b34046x/arccore-315875/arch/arm/arm_cr4/kernel/sys_tick.c
2026-02-05 18:38:34,381 - Knowledge - INFO - Async storing batch of 10 embeddings
2026-02-05 18:38:34,587 - Knowledge - INFO - Worker kw16 processing /app/data/T0015/315875/b34046x/arccore-315875/arch/arm/arm_cr4/kernel/irq_types.h
2026-02-05 18:38:34,722 - Knowledge - INFO - Worker kw4 processing /app/data/T0015/315875/b34046x/arccore-315875/arch/arm/arm_cr4/drivers/Dio.c
2026-02-05 18:38:34,787 - Knowledge - INFO - [LLM_CALL] Completed: Std_Types.h:chunk1, Duration: 31877ms, PromptTokens: 2610, CompletionTokens: 341, Cost: $0.00040
2026-02-05 18:38:34,819 - Knowledge - INFO - Worker kw16 processing /app/data/T0015/315875/b34046x/arccore-315875/arch/arm/arm_cr4/kernel/arch_offset.c
2026-02-05 18:38:34,930 - Knowledge - INFO - Worker kw4 processing /app/data/T0015/315875/b34046x/arccore-315875/arch/arm/arm_cr4/drivers/Can.c
2026-02-05 18:38:35,038 - Knowledge - INFO - done ingest for /app/data/T0015/315875/b34046x/arccore-315875/include/Std_Types.h
2026-02-05 18:38:35,211 - Knowledge - INFO - Fast-tracked /app/data/T0015/315875/b34046x/arccore-315875/arch/arm/arm_cr4/kernel/arch_offset.c (ext=.c, size=1509)
2026-02-05 18:38:35,337 - Knowledge - INFO - Worker kw4 processing /app/data/T0015/315875/b34046x/arccore-315875/arch/arm/arm_cm3/scripts/gcc.mk
2026-02-05 18:38:35,525 - Knowledge - INFO - [LLM_CALL] Completed: PduR_Types.h:chunk1, Duration: 22404ms, PromptTokens: 3250, CompletionTokens: 292, Cost: $0.00044
2026-02-05 18:38:35,538 - Knowledge - INFO - Worker kw16 processing /app/data/T0015/315875/b34046x/arccore-315875/arch/arm/arm_cr4/kernel/irq.c
2026-02-05 18:38:35,631 - Knowledge - INFO - Fast-tracked /app/data/T0015/315875/b34046x/arccore-315875/arch/arm/arm_cm3/scripts/gcc.mk (ext=.mk, size=267)
2026-02-05 18:38:35,682 - Knowledge - INFO - Fast-tracked /app/data/T0015/315875/b34046x/arccore-315875/include/Platform_Types.h (small file (2163 bytes))
2026-02-05 18:38:35,733 - Knowledge - INFO - done ingest for /app/data/T0015/315875/b34046x/arccore-315875/include/PduR_Types.h
2026-02-05 18:38:35,844 - Knowledge - INFO - Worker kw16 processing /app/data/T0015/315875/b34046x/arccore-315875/arch/arm/arm_cr4/kernel/core_cr4.h
2026-02-05 18:38:35,940 - Knowledge - INFO - Worker kw4 processing /app/data/T0015/315875/b34046x/arccore-315875/arch/arm/arm_cm3/kernel/core_cm3.c
2026-02-05 18:38:36,056 - Knowledge - INFO - Fast-tracked /app/data/T0015/315875/b34046x/arccore-315875/include/PduR_If.h (small file (2953 bytes))
2026-02-05 18:38:36,218 - Knowledge - INFO - Processing batch of 8 files
2026-02-05 18:38:36,234 - Knowledge - INFO - Worker kw16 processing /app/data/T0015/315875/b34046x/arccore-315875/arch/arm/arm_cr4/kernel/arch.c
2026-02-05 18:38:36,320 - Knowledge - INFO - Worker kw4 processing /app/data/T0015/315875/b34046x/arccore-315875/arch/arm/arm_cm3/kernel/stack.h
2026-02-05 18:38:36,552 - Knowledge - INFO - process ingested knowledge for /app/data/T0015/315875/b34046x/arccore-315875/include/LinSM.h
2026-02-05 18:38:36,647 - Knowledge - INFO - Worker kw16 processing /app/data/T0015/315875/b34046x/arccore-315875/arch/arm/arm_cr4/drivers/Mcu.c
2026-02-05 18:38:36,723 - Knowledge - INFO - Worker kw4 processing /app/data/T0015/315875/b34046x/arccore-315875/arch/arm/arm_cm3/kernel/sys_tick.c
2026-02-05 18:38:36,830 - Knowledge - INFO - process ingested knowledge for /app/data/T0015/315875/b34046x/arccore-315875/include/J1939Tp_Cbk.h
2026-02-05 18:38:36,962 - Knowledge - INFO - Worker kw16 processing /app/data/T0015/315875/b34046x/arccore-315875/arch/arm/arm_cr4/drivers/Port.c
2026-02-05 18:38:37,039 - Knowledge - INFO - Fast-tracked /app/data/T0015/315875/b34046x/arccore-315875/arch/arm/arm_cm3/kernel/sys_tick.c (ext=.c, size=1654)
2026-02-05 18:38:37,156 - Knowledge - INFO - process ingested knowledge for /app/data/T0015/315875/b34046x/arccore-315875/include/WdgM.h
2026-02-05 18:38:37,317 - Knowledge - INFO - Worker kw4 processing /app/data/T0015/315875/b34046x/arccore-315875/arch/arm/arm_cm3/kernel/irq_types.h
2026-02-05 18:38:37,419 - Knowledge - INFO - process ingested knowledge for /app/data/T0015/315875/b34046x/arccore-315875/include/Test_Cbk.h
2026-02-05 18:38:37,551 - Knowledge - INFO - Fast-tracked /app/data/T0015/315875/b34046x/arccore-315875/arch/arm/arm_cm3/kernel/irq_types.h (ext=.h, size=1736)
2026-02-05 18:38:37,667 - Knowledge - INFO - process ingested knowledge for /app/data/T0015/315875/b34046x/arccore-315875/include/Com.h
2026-02-05 18:38:37,821 - Knowledge - INFO - Worker kw4 processing /app/data/T0015/315875/b34046x/arccore-315875/arch/arm/arm_cm3/kernel/stm32f10x.h
2026-02-05 18:38:37,925 - Knowledge - INFO - process ingested knowledge for /app/data/T0015/315875/b34046x/arccore-315875/include/Std_Types.h
2026-02-05 18:38:38,224 - Knowledge - INFO - Fast-tracked /app/data/T0015/315875/b34046x/arccore-315875/arch/arm/arm_cm3/kernel/stm32f10x.h (ext=.h, size=629882)
2026-02-05 18:38:38,268 - Knowledge - INFO - [LLM_CALL] Completed: CanSM.h:chunk1, Duration: 42859ms, PromptTokens: 2658, CompletionTokens: 353, Cost: $0.00041
2026-02-05 18:38:38,376 - Knowledge - INFO - process ingested knowledge for /app/data/T0015/315875/b34046x/arccore-315875/include/bit.h
2026-02-05 18:38:38,560 - Knowledge - INFO - done ingest for /app/data/T0015/315875/b34046x/arccore-315875/include/CanSM.h
2026-02-05 18:38:38,680 - Knowledge - INFO - process ingested knowledge for /app/data/T0015/315875/b34046x/arccore-315875/include/PduR_Types.h
2026-02-05 18:38:40,999 - Knowledge - INFO - [LLM_CALL] Completed: Can.h:chunk1, Duration: 33496ms, PromptTokens: 5870, CompletionTokens: 781, Cost: $0.00090
2026-02-05 18:38:41,203 - Knowledge - INFO - done ingest for /app/data/T0015/315875/b34046x/arccore-315875/include/Can.h
2026-02-05 18:38:42,217 - Knowledge - INFO - Fast-tracked /app/data/T0015/315875/b34046x/arccore-315875/include/ComStack_Types.h (small file (2804 bytes))
2026-02-05 18:38:42,358 - Knowledge - INFO - [WEBSOCKET] Sent: Type=progress_update, Size: 292, Duration: 0ms
2026-02-05 18:38:42,611 - Knowledge - INFO - [WEBSOCKET] Sent: Type=unknown, Size: ?, Duration: 253ms
2026-02-05 18:38:42,659 - Knowledge - INFO - Fast-tracked /app/data/T0015/315875/b34046x/arccore-315875/include/J1939Tp_ConfigTypes.h (small file (2975 bytes))
2026-02-05 18:38:42,808 - Knowledge - INFO - Progress: 5.9% | Files: 64/1086 | Rate: 0.79 files/sec | Queue: 858
2026-02-05 18:38:43,320 - Knowledge - INFO - [kw12] Queue=858, InProgress=0, PendingWorkers=20/20, Completed=64/1086 (5.9%)
2026-02-05 18:38:43,546 - Knowledge - INFO - [LLM_CALL] Completed: Os.h:chunk1, Duration: 42797ms, PromptTokens: 9390, CompletionTokens: 937, Cost: $0.00131
2026-02-05 18:38:43,580 - Knowledge - INFO - Batch sizing: calculated=8, max_allowed=10, queue=858, active_workers=20/20
2026-02-05 18:38:43,735 - Knowledge - INFO - Fast-tracked /app/data/T0015/315875/b34046x/arccore-315875/include/Eep_ConfigTypes.h (small file (0 bytes))
2026-02-05 18:38:43,767 - Knowledge - INFO - done ingest for /app/data/T0015/315875/b34046x/arccore-315875/include/Os.h
2026-02-05 18:38:43,767 - Knowledge - INFO - [LLM_CALL] Completed: CanTp.h:chunk1, Duration: 21986ms, PromptTokens: 2582, CompletionTokens: 373, Cost: $0.00041
2026-02-05 18:38:44,235 - Knowledge - INFO - Fast-tracked /app/data/T0015/315875/b34046x/arccore-315875/include/J1939Tp.h (small file (2525 bytes))
2026-02-05 18:38:44,390 - Knowledge - INFO - done ingest for /app/data/T0015/315875/b34046x/arccore-315875/include/CanTp.h
2026-02-05 18:38:44,391 - Knowledge - INFO - Async storing batch of 8 embeddings
2026-02-05 18:38:44,622 - Knowledge - INFO - Fast-tracked /app/data/T0015/315875/b34046x/arccore-315875/communication/PduR/PduR_J1939Tp.c (small file (2629 bytes))
2026-02-05 18:38:44,760 - Knowledge - INFO - Worker kw12 processing /app/data/T0015/315875/b34046x/arccore-315875/arch/arm/arm_cm3/kernel/core_cm3.h
2026-02-05 18:38:45,048 - Knowledge - INFO - Worker kw12 processing /app/data/T0015/315875/b34046x/arccore-315875/arch/arm/arm_cm3/kernel/arch_stack.h
2026-02-05 18:38:45,336 - Knowledge - INFO - Worker kw12 processing /app/data/T0015/315875/b34046x/arccore-315875/arch/arm/arm_cm3/kernel/arch_offset.c
2026-02-05 18:38:45,542 - Knowledge - INFO - Processing batch of 10 files
2026-02-05 18:38:45,669 - Knowledge - INFO - Fast-tracked /app/data/T0015/315875/b34046x/arccore-315875/arch/arm/arm_cm3/kernel/arch_offset.c (ext=.c, size=1514)
2026-02-05 18:38:45,817 - Knowledge - INFO - process ingested knowledge for /app/data/T0015/315875/b34046x/arccore-315875/include/LinIf.h
2026-02-05 18:38:45,930 - Knowledge - INFO - Worker kw12 processing /app/data/T0015/315875/b34046x/arccore-315875/arch/arm/arm_cm3/kernel/irq.c
2026-02-05 18:38:46,058 - Knowledge - INFO - process ingested knowledge for /app/data/T0015/315875/b34046x/arccore-315875/include/MemIf_Types.h
2026-02-05 18:38:46,173 - Knowledge - INFO - Worker kw12 processing /app/data/T0015/315875/b34046x/arccore-315875/arch/arm/arm_cm3/kernel/startup_stm32f10x.s
2026-02-05 18:38:46,289 - Knowledge - INFO - process ingested knowledge for /app/data/T0015/315875/b34046x/arccore-315875/include/CanSM.h
2026-02-05 18:38:46,440 - Knowledge - INFO - Worker kw12 processing /app/data/T0015/315875/b34046x/arccore-315875/arch/arm/arm_cm3/kernel/arch.c
2026-02-05 18:38:46,598 - Knowledge - INFO - process ingested knowledge for /app/data/T0015/315875/b34046x/arccore-315875/include/Os.h
2026-02-05 18:38:46,735 - Knowledge - INFO - Worker kw12 processing /app/data/T0015/315875/b34046x/arccore-315875/arch/arm/arm_cm3/drivers/timer_dwt.c
2026-02-05 18:38:46,819 - Knowledge - INFO - process ingested knowledge for /app/data/T0015/315875/b34046x/arccore-315875/include/LinSM_Cbk.h
2026-02-05 18:38:47,003 - Knowledge - INFO - Worker kw12 processing /app/data/T0015/315875/b34046x/arccore-315875/arch/arm/arm_cm3/drivers/STM32_ETH_Driver/src/stm32_eth.c
2026-02-05 18:38:47,213 - Knowledge - INFO - process ingested knowledge for /app/data/T0015/315875/b34046x/arccore-315875/include/strace.h
2026-02-05 18:38:47,345 - Knowledge - INFO - Fast-tracked /app/data/T0015/315875/b34046x/arccore-315875/arch/arm/arm_cm3/drivers/STM32_ETH_Driver/src/stm32_eth.c (ext=.c, size=116330)
2026-02-05 18:38:47,463 - Knowledge - INFO - process ingested knowledge for /app/data/T0015/315875/b34046x/arccore-315875/include/Ramlog.h
2026-02-05 18:38:47,782 - Knowledge - INFO - process ingested knowledge for /app/data/T0015/315875/b34046x/arccore-315875/include/Can.h
2026-02-05 18:38:48,053 - Knowledge - INFO - process ingested knowledge for /app/data/T0015/315875/b34046x/arccore-315875/include/Wdg.h
2026-02-05 18:38:48,292 - Knowledge - INFO - process ingested knowledge for /app/data/T0015/315875/b34046x/arccore-315875/include/EcuM_Types.h
2026-02-05 18:38:52,726 - Knowledge - INFO - [LLM_CALL] Completed: Fls_SST25xx.h:chunk1, Duration: 31219ms, PromptTokens: 2606, CompletionTokens: 871, Cost: $0.00061
2026-02-05 18:38:52,946 - Knowledge - INFO - done ingest for /app/data/T0015/315875/b34046x/arccore-315875/include/Fls_SST25xx.h
2026-02-05 18:38:54,232 - Knowledge - INFO - [LLM_CALL] Completed: Mcu.h:chunk1, Duration: 50152ms, PromptTokens: 4242, CompletionTokens: 933, Cost: $0.00080
2026-02-05 18:38:54,462 - Knowledge - INFO - done ingest for /app/data/T0015/315875/b34046x/arccore-315875/include/Mcu.h
2026-02-05 18:38:54,542 - Knowledge - INFO - [kw5] Queue=850, InProgress=0, PendingWorkers=20/20, Completed=74/1086 (6.8%)
2026-02-05 18:38:54,780 - Knowledge - INFO - Batch sizing: calculated=8, max_allowed=10, queue=850, active_workers=20/20
2026-02-05 18:38:54,975 - Knowledge - INFO - [LLM_CALL] Completed: Dem.h:chunk1, Duration: 54210ms, PromptTokens: 5914, CompletionTokens: 1325, Cost: $0.00112
2026-02-05 18:38:55,290 - Knowledge - INFO - done ingest for /app/data/T0015/315875/b34046x/arccore-315875/include/Dem.h
2026-02-05 18:38:55,308 - Knowledge - INFO - Async storing batch of 10 embeddings
2026-02-05 18:38:55,681 - Knowledge - INFO - Worker kw5 processing /app/data/T0015/315875/b34046x/arccore-315875/arch/arm/arm_cm3/drivers/STM32_ETH_Driver/inc/stm32_eth.h
2026-02-05 18:38:55,904 - Knowledge - INFO - Worker kw5 processing /app/data/T0015/315875/b34046x/arccore-315875/arch/arm/arm_cm3/drivers/Gpt.c
2026-02-05 18:38:56,028 - Knowledge - INFO - Processing batch of 8 files
2026-02-05 18:38:56,207 - Knowledge - INFO - Worker kw5 processing /app/data/T0015/315875/b34046x/arccore-315875/arch/arm/arm_cm3/drivers/Mcu.c
2026-02-05 18:38:56,312 - Knowledge - INFO - process ingested knowledge for /app/data/T0015/315875/b34046x/arccore-315875/include/Com_Com.h
2026-02-05 18:38:56,578 - Knowledge - INFO - Worker kw5 processing /app/data/T0015/315875/b34046x/arccore-315875/arch/arm/arm_cm3/drivers/Port.c
2026-02-05 18:38:56,623 - Knowledge - INFO - process ingested knowledge for /app/data/T0015/315875/b34046x/arccore-315875/include/CanSM_ComM.h
2026-02-05 18:38:56,851 - Knowledge - INFO - Worker kw5 processing /app/data/T0015/315875/b34046x/arccore-315875/arch/arm/arm_cm3/drivers/Fls.c
2026-02-05 18:38:57,058 - Knowledge - INFO - process ingested knowledge for /app/data/T0015/315875/b34046x/arccore-315875/include/CanNm.h
2026-02-05 18:38:57,240 - Knowledge - INFO - [LLM_CALL] Completed: Modules.h:chunk1, Duration: 32753ms, PromptTokens: 2862, CompletionTokens: 562, Cost: $0.00051
2026-02-05 18:38:57,293 - Knowledge - INFO - Worker kw5 processing /app/data/T0015/315875/b34046x/arccore-315875/arch/arm/arm_cm3/drivers/Adc.c
2026-02-05 18:38:57,406 - Knowledge - INFO - process ingested knowledge for /app/data/T0015/315875/b34046x/arccore-315875/include/Mcu.h
2026-02-05 18:38:57,523 - Knowledge - INFO - done ingest for /app/data/T0015/315875/b34046x/arccore-315875/include/Modules.h
2026-02-05 18:38:57,539 - Knowledge - INFO - Processing batch of 10 files
2026-02-05 18:38:57,737 - Knowledge - INFO - Worker kw5 processing /app/data/T0015/315875/b34046x/arccore-315875/arch/arm/arm_cm3/drivers/Pwm.c
2026-02-05 18:38:57,814 - Knowledge - INFO - process ingested knowledge for /app/data/T0015/315875/b34046x/arccore-315875/include/os_config_funcs.h
2026-02-05 18:38:58,086 - Knowledge - INFO - process ingested knowledge for /app/data/T0015/315875/b34046x/arccore-315875/include/mbox.h
2026-02-05 18:38:58,203 - Knowledge - INFO - Worker kw5 processing /app/data/T0015/315875/b34046x/arccore-315875/arch/arm/arm_cm3/drivers/STM32F10x_StdPeriph_Driver/src/stm32f10x_crc.c
2026-02-05 18:38:58,278 - Knowledge - INFO - process ingested knowledge for /app/data/T0015/315875/b34046x/arccore-315875/include/Fls_SST25xx.h
2026-02-05 18:38:58,404 - Knowledge - INFO - process ingested knowledge for /app/data/T0015/315875/b34046x/arccore-315875/include/Ea.h
2026-02-05 18:38:58,648 - Knowledge - INFO - Fast-tracked /app/data/T0015/315875/b34046x/arccore-315875/arch/arm/arm_cm3/drivers/STM32_ETH_Driver/inc/stm32_eth.h (small file (0 bytes))
2026-02-05 18:38:58,690 - Knowledge - INFO - process ingested knowledge for /app/data/T0015/315875/b34046x/arccore-315875/include/Nm_ConfigTypes.h
2026-02-05 18:38:58,795 - Knowledge - INFO - process ingested knowledge for /app/data/T0015/315875/b34046x/arccore-315875/include/arc.h
2026-02-05 18:38:59,088 - Knowledge - INFO - process ingested knowledge for /app/data/T0015/315875/b34046x/arccore-315875/include/Ea_Cbk.h
2026-02-05 18:38:59,337 - Knowledge - INFO - process ingested knowledge for /app/data/T0015/315875/b34046x/arccore-315875/include/IoHwAb_Internal.h
2026-02-05 18:38:59,934 - Knowledge - INFO - process ingested knowledge for /app/data/T0015/315875/b34046x/arccore-315875/include/LinIf_Types.h
2026-02-05 18:39:00,529 - Knowledge - INFO - process ingested knowledge for /app/data/T0015/315875/b34046x/arccore-315875/include/Dem.h
2026-02-05 18:39:01,003 - Knowledge - INFO - process ingested knowledge for /app/data/T0015/315875/b34046x/arccore-315875/include/Spi_ConfigTypes.h
2026-02-05 18:39:01,079 - Knowledge - INFO - [LLM_CALL] Completed: irq.h:chunk1, Duration: 55287ms, PromptTokens: 2698, CompletionTokens: 470, Cost: $0.00046
2026-02-05 18:39:01,394 - Knowledge - INFO - done ingest for /app/data/T0015/315875/b34046x/arccore-315875/include/irq.h
2026-02-05 18:39:01,417 - Knowledge - INFO - process ingested knowledge for /app/data/T0015/315875/b34046x/arccore-315875/include/ComM_ConfigTypes.h
2026-02-05 18:39:01,441 - Knowledge - INFO - [LLM_CALL] Completed: clib_port.c:chunk1, Duration: 54795ms, PromptTokens: 5428, CompletionTokens: 682, Cost: $0.00082
2026-02-05 18:39:01,936 - Knowledge - INFO - process ingested knowledge for /app/data/T0015/315875/b34046x/arccore-315875/include/CanTp.h
2026-02-05 18:39:02,086 - Knowledge - INFO - done ingest for /app/data/T0015/315875/b34046x/arccore-315875/clib/clib_port.c
2026-02-05 18:39:02,374 - Knowledge - INFO - process ingested knowledge for /app/data/T0015/315875/b34046x/arccore-315875/include/ComM_Nm.h
2026-02-05 18:39:04,482 - Knowledge - INFO - [WEBSOCKET] Sent: Type=progress_update, Size: 292, Duration: 0ms
2026-02-05 18:39:04,892 - Knowledge - INFO - [WEBSOCKET] Sent: Type=unknown, Size: ?, Duration: 410ms
2026-02-05 18:39:05,085 - Knowledge - INFO - Progress: 8.5% | Files: 92/1086 | Rate: 0.90 files/sec | Queue: 842
2026-02-05 18:39:05,568 - Knowledge - INFO - Fast-tracked /app/data/T0015/315875/b34046x/arccore-315875/communication/Com/Com_Internal.h (small file (2932 bytes))
2026-02-05 18:39:05,772 - Knowledge - INFO - [kw15] Queue=842, InProgress=0, PendingWorkers=20/20, Completed=92/1086 (8.5%)
2026-02-05 18:39:06,156 - Knowledge - INFO - Fast-tracked /app/data/T0015/315875/b34046x/arccore-315875/communication/Com/Com_misc.c (small file (0 bytes))
2026-02-05 18:39:06,359 - Knowledge - INFO - Batch sizing: calculated=8, max_allowed=10, queue=842, active_workers=20/20
2026-02-05 18:39:07,132 - Knowledge - INFO - Async storing batch of 8 embeddings
2026-02-05 18:39:07,448 - Knowledge - INFO - Worker kw15 processing /app/data/T0015/315875/b34046x/arccore-315875/arch/arm/arm_cm3/drivers/STM32F10x_StdPeriph_Driver/src/stm32f10x_dac.c
2026-02-05 18:39:07,660 - Knowledge - INFO - Worker kw15 processing /app/data/T0015/315875/b34046x/arccore-315875/arch/arm/arm_cm3/drivers/STM32F10x_StdPeriph_Driver/src/stm32f10x_adc.c
2026-02-05 18:39:08,157 - Knowledge - INFO - Worker kw15 processing /app/data/T0015/315875/b34046x/arccore-315875/arch/arm/arm_cm3/drivers/STM32F10x_StdPeriph_Driver/src/stm32f10x_rcc.c
2026-02-05 18:39:08,430 - Knowledge - INFO - Worker kw15 processing /app/data/T0015/315875/b34046x/arccore-315875/arch/arm/arm_cm3/drivers/STM32F10x_StdPeriph_Driver/src/stm32f10x_spi.c
2026-02-05 18:39:08,817 - Knowledge - INFO - Worker kw15 processing /app/data/T0015/315875/b34046x/arccore-315875/arch/arm/arm_cm3/drivers/STM32F10x_StdPeriph_Driver/src/stm32f10x_tim.c
2026-02-05 18:39:09,177 - Knowledge - INFO - Fast-tracked /app/data/T0015/315875/b34046x/arccore-315875/arch/arm/arm_cm3/drivers/STM32F10x_StdPeriph_Driver/src/stm32f10x_tim.c (ext=.c, size=108831)
2026-02-05 18:39:09,423 - Knowledge - INFO - Worker kw15 processing /app/data/T0015/315875/b34046x/arccore-315875/arch/arm/arm_cm3/drivers/STM32F10x_StdPeriph_Driver/src/stm32f10x_exti.c
2026-02-05 18:39:09,534 - Knowledge - INFO - [LLM_CALL] Completed: CanNm_Internal.h:chunk1, Duration: 63147ms, PromptTokens: 3824, CompletionTokens: 1118, Cost: $0.00083
2026-02-05 18:39:09,612 - Knowledge - INFO - Fast-tracked /app/data/T0015/315875/b34046x/arccore-315875/communication/PduR/PduR_SoAd.c (small file (2150 bytes))
2026-02-05 18:39:09,701 - Knowledge - INFO - Worker kw15 processing /app/data/T0015/315875/b34046x/arccore-315875/arch/arm/arm_cm3/drivers/STM32F10x_StdPeriph_Driver/src/stm32f10x_dma.c
2026-02-05 18:39:09,745 - Knowledge - INFO - Fast-tracked /app/data/T0015/315875/b34046x/arccore-315875/arch/arm/arm_cm3/kernel/arch_stack.h (small file (0 bytes))
2026-02-05 18:39:09,909 - Knowledge - INFO - done ingest for /app/data/T0015/315875/b34046x/arccore-315875/include/CanNm_Internal.h
2026-02-05 18:39:10,231 - Knowledge - INFO - Worker kw15 processing /app/data/T0015/315875/b34046x/arccore-315875/arch/arm/arm_cm3/drivers/STM32F10x_StdPeriph_Driver/src/stm32f10x_can.c
2026-02-05 18:39:11,418 - Knowledge - INFO - Fast-tracked /app/data/T0015/315875/b34046x/arccore-315875/arch/arm/arm_cm3/drivers/STM32F10x_StdPeriph_Driver/src/stm32f10x_dac.c (small file (0 bytes))
2026-02-05 18:39:11,464 - Knowledge - INFO - [kw7] Queue=834, InProgress=0, PendingWorkers=20/20, Completed=93/1086 (8.6%)
2026-02-05 18:39:11,667 - Knowledge - INFO - [LLM_CALL] Completed: isr.h:chunk1, Duration: 43869ms, PromptTokens: 5178, CompletionTokens: 573, Cost: $0.00075
2026-02-05 18:39:11,769 - Knowledge - INFO - Fast-tracked /app/data/T0015/315875/b34046x/arccore-315875/arch/arm/arm_cm3/drivers/STM32F10x_StdPeriph_Driver/src/stm32f10x_adc.c (small file (0 bytes))
2026-02-05 18:39:11,847 - Knowledge - INFO - Batch sizing: calculated=8, max_allowed=10, queue=834, active_workers=20/20
2026-02-05 18:39:11,998 - Knowledge - INFO - done ingest for /app/data/T0015/315875/b34046x/arccore-315875/include/isr.h
2026-02-05 18:39:12,060 - Knowledge - INFO - [LLM_CALL] Completed: Fee.h:chunk1, Duration: 38931ms, PromptTokens: 2660, CompletionTokens: 573, Cost: $0.00050
2026-02-05 18:39:12,287 - Knowledge - INFO - Fast-tracked /app/data/T0015/315875/b34046x/arccore-315875/arch/arm/arm_cm3/drivers/STM32F10x_StdPeriph_Driver/src/stm32f10x_rcc.c (small file (0 bytes))
2026-02-05 18:39:12,689 - Knowledge - INFO - done ingest for /app/data/T0015/315875/b34046x/arccore-315875/include/Fee.h
2026-02-05 18:39:12,730 - Knowledge - INFO - Async storing batch of 10 embeddings
2026-02-05 18:39:13,186 - Knowledge - INFO - Worker kw7 processing /app/data/T0015/315875/b34046x/arccore-315875/arch/arm/arm_cm3/drivers/STM32F10x_StdPeriph_Driver/src/stm32f10x_dbgmcu.c
2026-02-05 18:39:13,450 - Knowledge - INFO - Processing batch of 8 files
2026-02-05 18:39:13,530 - Knowledge - INFO - Worker kw7 processing /app/data/T0015/315875/b34046x/arccore-315875/arch/arm/arm_cm3/drivers/STM32F10x_StdPeriph_Driver/src/stm32f10x_flash.c
2026-02-05 18:39:13,671 - Knowledge - INFO - process ingested knowledge for /app/data/T0015/315875/b34046x/arccore-315875/include/sleep.h
2026-02-05 18:39:13,690 - Knowledge - INFO - [LLM_CALL] Completed: ComM.h:chunk1, Duration: 51091ms, PromptTokens: 3448, CompletionTokens: 765, Cost: $0.00065
2026-02-05 18:39:13,843 - Knowledge - INFO - Worker kw7 processing /app/data/T0015/315875/b34046x/arccore-315875/arch/arm/arm_cm3/drivers/STM32F10x_StdPeriph_Driver/src/stm32f10x_i2c.c
2026-02-05 18:39:13,975 - Knowledge - INFO - process ingested knowledge for /app/data/T0015/315875/b34046x/arccore-315875/include/EcuM_Cbk.h
2026-02-05 18:39:14,101 - Knowledge - INFO - done ingest for /app/data/T0015/315875/b34046x/arccore-315875/include/ComM.h
2026-02-05 18:39:14,129 - Knowledge - INFO - [LLM_CALL] Completed: Pwm.h:chunk1, Duration: 72121ms, PromptTokens: 3318, CompletionTokens: 508, Cost: $0.00053
2026-02-05 18:39:14,314 - Knowledge - INFO - Worker kw7 processing /app/data/T0015/315875/b34046x/arccore-315875/arch/arm/arm_cm3/drivers/STM32F10x_StdPeriph_Driver/src/stm32f10x_wwdg.c
2026-02-05 18:39:14,460 - Knowledge - INFO - process ingested knowledge for /app/data/T0015/315875/b34046x/arccore-315875/include/CanNm_Internal.h
2026-02-05 18:39:14,728 - Knowledge - INFO - done ingest for /app/data/T0015/315875/b34046x/arccore-315875/include/Pwm.h
2026-02-05 18:39:14,980 - Knowledge - INFO - Worker kw7 processing /app/data/T0015/315875/b34046x/arccore-315875/arch/arm/arm_cm3/drivers/STM32F10x_StdPeriph_Driver/src/stm32f10x_fsmc.c
2026-02-05 18:39:15,081 - Knowledge - INFO - process ingested knowledge for /app/data/T0015/315875/b34046x/arccore-315875/include/PduR_Com.h
2026-02-05 18:39:15,557 - Knowledge - INFO - Worker kw7 processing /app/data/T0015/315875/b34046x/arccore-315875/arch/arm/arm_cm3/drivers/STM32F10x_StdPeriph_Driver/src/stm32f10x_pwr.c
2026-02-05 18:39:15,763 - Knowledge - INFO - process ingested knowledge for /app/data/T0015/315875/b34046x/arccore-315875/include/Modules.h
2026-02-05 18:39:15,913 - Knowledge - INFO - Worker kw7 processing /app/data/T0015/315875/b34046x/arccore-315875/arch/arm/arm_cm3/drivers/STM32F10x_StdPeriph_Driver/src/stm32f10x_rtc.c
2026-02-05 18:39:15,995 - Knowledge - INFO - [LLM_CALL] Completed: Cpu.h:chunk1, Duration: 58056ms, PromptTokens: 2708, CompletionTokens: 366, Cost: $0.00042
2026-02-05 18:39:16,130 - Knowledge - INFO - process ingested knowledge for /app/data/T0015/315875/b34046x/arccore-315875/include/ComStack_Types.h
2026-02-05 18:39:16,312 - Knowledge - INFO - Worker kw7 processing /app/data/T0015/315875/b34046x/arccore-315875/arch/arm/arm_cm3/drivers/STM32F10x_StdPeriph_Driver/src/stm32f10x_bkp.c
2026-02-05 18:39:16,372 - Knowledge - INFO - done ingest for /app/data/T0015/315875/b34046x/arccore-315875/include/hc1x/Cpu.h
2026-02-05 18:39:16,601 - Knowledge - INFO - process ingested knowledge for /app/data/T0015/315875/b34046x/arccore-315875/readme.txt
2026-02-05 18:39:17,069 - Knowledge - INFO - process ingested knowledge for /app/data/T0015/315875/b34046x/arccore-315875/LICENSE.md
2026-02-05 18:39:17,620 - Knowledge - INFO - Fast-tracked /app/data/T0015/315875/b34046x/arccore-315875/communication/Com/Com_misc.h (small file (2459 bytes))
2026-02-05 18:39:18,109 - Knowledge - INFO - Async storage completed for 8 embeddings
2026-02-05 18:39:18,221 - Knowledge - INFO - [LLM_CALL] Completed: Spi.h:chunk1, Duration: 80670ms, PromptTokens: 8216, CompletionTokens: 756, Cost: $0.00112
2026-02-05 18:39:19,032 - Knowledge - INFO - done ingest for /app/data/T0015/315875/b34046x/arccore-315875/include/Spi.h
2026-02-05 18:39:19,039 - Knowledge - INFO - done ingest for /app/data/T0015/315875/b34046x/arccore-315875/include/hc1x/Adc_ConfigTypes.h
2026-02-05 18:39:20,495 - Knowledge - INFO - [LLM_CALL] Completed: queue.h:chunk1, Duration: 57698ms, PromptTokens: 10246, CompletionTokens: 560, Cost: $0.00125
2026-02-05 18:39:20,813 - Knowledge - INFO - done ingest for /app/data/T0015/315875/b34046x/arccore-315875/include/sys/queue.h
2026-02-05 18:39:20,826 - Knowledge - INFO - [LLM_CALL] Completed: J1939Tp_Internal.h:chunk1, Duration: 52494ms, PromptTokens: 4576, CompletionTokens: 1667, Cost: $0.00112
2026-02-05 18:39:21,270 - Knowledge - INFO - done ingest for /app/data/T0015/315875/b34046x/arccore-315875/communication/J1939Tp/J1939Tp_Internal.h
2026-02-05 18:39:21,430 - Knowledge - INFO - [LLM_CALL] Completed: Dcm.h:chunk1, Duration: 62685ms, PromptTokens: 2994, CompletionTokens: 611, Cost: $0.00054
2026-02-05 18:39:21,692 - Knowledge - INFO - done ingest for /app/data/T0015/315875/b34046x/arccore-315875/include/Dcm.h
2026-02-05 18:39:22,810 - Knowledge - INFO - [LLM_CALL] Completed: WdgM_ConfigTypes.h:chunk1, Duration: 46356ms, PromptTokens: 3156, CompletionTokens: 355, Cost: $0.00046
2026-02-05 18:39:23,064 - Knowledge - INFO - done ingest for /app/data/T0015/315875/b34046x/arccore-315875/include/WdgM_ConfigTypes.h
2026-02-05 18:39:23,254 - Knowledge - INFO - [LLM_CALL] Completed: MemIf.h:chunk1, Duration: 89528ms, PromptTokens: 3328, CompletionTokens: 676, Cost: $0.00060
2026-02-05 18:39:23,505 - Knowledge - INFO - done ingest for /app/data/T0015/315875/b34046x/arccore-315875/include/MemIf.h
2026-02-05 18:39:23,637 - Knowledge - INFO - [WEBSOCKET] Sent: Type=progress_update, Size: 294, Duration: 0ms
2026-02-05 18:39:24,168 - Knowledge - INFO - [WEBSOCKET] Sent: Type=unknown, Size: ?, Duration: 531ms
2026-02-05 18:39:24,431 - Knowledge - INFO - Progress: 10.7% | Files: 120/1086 | Rate: 0.98 files/sec | Queue: 826
2026-02-05 18:39:24,766 - Knowledge - INFO - [kw19] Queue=826, InProgress=0, PendingWorkers=20/20, Completed=124/1086 (11.4%)
2026-02-05 18:39:25,039 - Knowledge - INFO - Batch sizing: calculated=8, max_allowed=10, queue=826, active_workers=20/20
2026-02-05 18:39:25,120 - Knowledge - INFO - Processing batch of 8 files
2026-02-05 18:39:25,262 - Knowledge - INFO - Async storing batch of 8 embeddings
2026-02-05 18:39:25,389 - Knowledge - INFO - Processing batch of 10 files
2026-02-05 18:39:25,418 - Knowledge - INFO - [LLM_CALL] Completed: MemMap.h:chunk1, Duration: 34493ms, PromptTokens: 3210, CompletionTokens: 273, Cost: $0.00043
2026-02-05 18:39:25,418 - Knowledge - INFO - process ingested knowledge for /app/data/T0015/315875/b34046x/arccore-315875/clib/clib.h
2026-02-05 18:39:25,478 - Knowledge - INFO - Fast-tracked /app/data/T0015/315875/b34046x/arccore-315875/arch/arm/arm_cm3/kernel/stack.h (small file (0 bytes))
2026-02-05 18:39:25,586 - Knowledge - INFO - Worker kw19 processing /app/data/T0015/315875/b34046x/arccore-315875/arch/arm/arm_cm3/drivers/STM32F10x_StdPeriph_Driver/src/misc.c
2026-02-05 18:39:25,720 - Knowledge - INFO - process ingested knowledge for /app/data/T0015/315875/b34046x/arccore-315875/include/Spi.h
2026-02-05 18:39:25,820 - Knowledge - INFO - Async storage completed for 10 embeddings
2026-02-05 18:39:25,853 - Knowledge - INFO - done ingest for /app/data/T0015/315875/b34046x/arccore-315875/include/MemMap.h
2026-02-05 18:39:25,888 - Knowledge - INFO - [LLM_CALL] Completed: CanIf.h:chunk1, Duration: 49422ms, PromptTokens: 3428, CompletionTokens: 1101, Cost: $0.00078
2026-02-05 18:39:25,990 - Knowledge - INFO - process ingested knowledge for /app/data/T0015/315875/b34046x/arccore-315875/clib/assert.h
2026-02-05 18:39:26,084 - Knowledge - INFO - Async storage completed for 10 embeddings
2026-02-05 18:39:26,250 - Knowledge - INFO - Worker kw19 processing /app/data/T0015/315875/b34046x/arccore-315875/arch/arm/arm_cm3/drivers/STM32F10x_StdPeriph_Driver/src/stm32f10x_cec.c
2026-02-05 18:39:26,418 - Knowledge - INFO - process ingested knowledge for /app/data/T0015/315875/b34046x/arccore-315875/include/irq.h
2026-02-05 18:39:26,828 - Knowledge - INFO - done ingest for /app/data/T0015/315875/b34046x/arccore-315875/include/CanIf.h
2026-02-05 18:39:26,925 - Knowledge - INFO - Async storage completed for 10 embeddings
2026-02-05 18:39:26,936 - Knowledge - INFO - process ingested knowledge for /app/data/T0015/315875/b34046x/arccore-315875/clib/stdio.h
2026-02-05 18:39:27,044 - Knowledge - INFO - Processing batch of 10 files
2026-02-05 18:39:27,219 - Knowledge - INFO - Worker kw19 processing /app/data/T0015/315875/b34046x/arccore-315875/arch/arm/arm_cm3/drivers/STM32F10x_StdPeriph_Driver/src/stm32f10x_iwdg.c
2026-02-05 18:39:27,324 - Knowledge - INFO - process ingested knowledge for /app/data/T0015/315875/b34046x/arccore-315875/include/PduR_LinIf.h
2026-02-05 18:39:27,357 - Knowledge - INFO - Fast-tracked /app/data/T0015/315875/b34046x/arccore-315875/arch/arm/arm_cm3/drivers/STM32F10x_StdPeriph_Driver/src/stm32f10x_exti.c (small file (0 bytes))
2026-02-05 18:39:27,778 - Knowledge - INFO - Fast-tracked /app/data/T0015/315875/b34046x/arccore-315875/arch/arm/arm_cm3/drivers/STM32F10x_StdPeriph_Driver/src/stm32f10x_flash.c (small file (0 bytes))
2026-02-05 18:39:27,884 - Knowledge - INFO - process ingested knowledge for /app/data/T0015/315875/b34046x/arccore-315875/clib/strtok_r.c
2026-02-05 18:39:27,903 - Knowledge - INFO - Processing batch of 10 files
2026-02-05 18:39:28,059 - Knowledge - INFO - process ingested knowledge for /app/data/T0015/315875/b34046x/arccore-315875/include/Pwm.h
2026-02-05 18:39:28,258 - Knowledge - INFO - Worker kw19 processing /app/data/T0015/315875/b34046x/arccore-315875/arch/arm/arm_cm3/drivers/STM32F10x_StdPeriph_Driver/src/stm32f10x_usart.c
2026-02-05 18:39:28,588 - Knowledge - INFO - process ingested knowledge for /app/data/T0015/315875/b34046x/arccore-315875/include/Dio.h
2026-02-05 18:39:28,728 - Knowledge - INFO - [LLM_CALL] Completed: Dem_Lcfg.h:chunk1, Duration: 83721ms, PromptTokens: 6886, CompletionTokens: 745, Cost: $0.00099
2026-02-05 18:39:28,789 - Knowledge - INFO - Fast-tracked /app/data/T0015/315875/b34046x/arccore-315875/arch/arm/arm_cm3/drivers/STM32F10x_StdPeriph_Driver/src/stm32f10x_dma.c (small file (0 bytes))
2026-02-05 18:39:29,074 - Knowledge - INFO - Fast-tracked /app/data/T0015/315875/b34046x/arccore-315875/arch/arm/arm_cm3/drivers/STM32F10x_StdPeriph_Driver/src/stm32f10x_i2c.c (small file (0 bytes))
2026-02-05 18:39:29,089 - Knowledge - INFO - process ingested knowledge for /app/data/T0015/315875/b34046x/arccore-315875/clib/clib.c
2026-02-05 18:39:29,223 - Knowledge - INFO - process ingested knowledge for /app/data/T0015/315875/b34046x/arccore-315875/include/MemIf.h
2026-02-05 18:39:29,356 - Knowledge - INFO - process ingested knowledge for /app/data/T0015/315875/b34046x/arccore-315875/include/Dcm.h
2026-02-05 18:39:29,544 - Knowledge - INFO - Worker kw19 processing /app/data/T0015/315875/b34046x/arccore-315875/arch/arm/arm_cm3/drivers/STM32F10x_StdPeriph_Driver/src/stm32f10x_gpio.c
2026-02-05 18:39:29,694 - Knowledge - INFO - process ingested knowledge for /app/data/T0015/315875/b34046x/arccore-315875/include/CanSM_ConfigTypes.h
2026-02-05 18:39:29,897 - Knowledge - INFO - done ingest for /app/data/T0015/315875/b34046x/arccore-315875/include/Dem_Lcfg.h
2026-02-05 18:39:29,927 - Knowledge - INFO - [LLM_CALL] Completed: Lin.h:chunk1, Duration: 52848ms, PromptTokens: 3844, CompletionTokens: 613, Cost: $0.00063
2026-02-05 18:39:30,135 - Knowledge - INFO - Fast-tracked /app/data/T0015/315875/b34046x/arccore-315875/arch/arm/arm_cm3/drivers/STM32F10x_StdPeriph_Driver/src/stm32f10x_can.c (small file (0 bytes))
2026-02-05 18:39:30,235 - Knowledge - INFO - process ingested knowledge for /app/data/T0015/315875/b34046x/arccore-315875/clib/clib_port.c
2026-02-05 18:39:30,359 - Knowledge - WARNING - Timeout processing /app/data/T0015/315875/b34046x/arccore-315875/include/Adc.h after 90s - using fallback metadata
2026-02-05 18:39:30,376 - Knowledge - INFO - process ingested knowledge for /app/data/T0015/315875/b34046x/arccore-315875/include/hc1x/Adc_ConfigTypes.h
2026-02-05 18:39:30,528 - Knowledge - INFO - process ingested knowledge for /app/data/T0015/315875/b34046x/arccore-315875/include/ComM_Types.h
2026-02-05 18:39:30,688 - Knowledge - INFO - Worker kw19 processing /app/data/T0015/315875/b34046x/arccore-315875/arch/arm/arm_cm3/drivers/STM32F10x_StdPeriph_Driver/src/stm32f10x_sdio.c
2026-02-05 18:39:30,796 - Knowledge - INFO - process ingested knowledge for /app/data/T0015/315875/b34046x/arccore-315875/include/xtoa.h
2026-02-05 18:39:31,024 - Knowledge - INFO - done ingest for /app/data/T0015/315875/b34046x/arccore-315875/include/Lin.h
2026-02-05 18:39:31,032 - Knowledge - INFO - [LLM_CALL] Completed: NvM.h:chunk1, Duration: 69384ms, PromptTokens: 3578, CompletionTokens: 810, Cost: $0.00068
2026-02-05 18:39:31,143 - Knowledge - INFO - Async storage completed for 8 embeddings
2026-02-05 18:39:31,269 - Knowledge - INFO - process ingested knowledge for /app/data/T0015/315875/b34046x/arccore-315875/communication/J1939Tp/J1939Tp_Internal_Packets.h
2026-02-05 18:39:31,493 - Knowledge - WARNING - Timeout processing /app/data/T0015/315875/b34046x/arccore-315875/include/Dcm_Types.h after 90s - using fallback metadata
2026-02-05 18:39:31,675 - Knowledge - INFO - process ingested knowledge for /app/data/T0015/315875/b34046x/arccore-315875/include/hc1x/Cpu.h
2026-02-05 18:39:31,759 - Knowledge - INFO - process ingested knowledge for /app/data/T0015/315875/b34046x/arccore-315875/include/NvM_Cbk.h
2026-02-05 18:39:31,902 - Knowledge - INFO - Worker kw19 processing /app/data/T0015/315875/b34046x/arccore-315875/arch/arm/arm_cm3/drivers/STM32F10x_StdPeriph_Driver/inc/stm32f10x_cec.h
2026-02-05 18:39:31,989 - Knowledge - INFO - process ingested knowledge for /app/data/T0015/315875/b34046x/arccore-315875/include/ComM.h
2026-02-05 18:39:32,276 - Knowledge - INFO - done ingest for /app/data/T0015/315875/b34046x/arccore-315875/include/NvM.h
2026-02-05 18:39:32,614 - Knowledge - INFO - process ingested knowledge for /app/data/T0015/315875/b34046x/arccore-315875/communication/J1939Tp/J1939Tp_Internal.h
2026-02-05 18:39:32,734 - Knowledge - WARNING - Timeout processing /app/data/T0015/315875/b34046x/arccore-315875/include/os_config_macros.h after 90s - using fallback metadata
2026-02-05 18:39:32,829 - Knowledge - INFO - process ingested knowledge for /app/data/T0015/315875/b34046x/arccore-315875/include/hc1x/regs.h
2026-02-05 18:39:33,474 - Knowledge - INFO - process ingested knowledge for /app/data/T0015/315875/b34046x/arccore-315875/include/Byteorder.h
2026-02-05 18:39:33,562 - Knowledge - INFO - [LLM_CALL] Completed: Com_Types.h:chunk1, Duration: 68248ms, PromptTokens: 6814, CompletionTokens: 346, Cost: $0.00082
2026-02-05 18:39:33,569 - Knowledge - INFO - Worker kw19 processing /app/data/T0015/315875/b34046x/arccore-315875/arch/arm/arm_cm3/drivers/STM32F10x_StdPeriph_Driver/inc/stm32f10x_iwdg.h
2026-02-05 18:39:33,680 - Knowledge - INFO - process ingested knowledge for /app/data/T0015/315875/b34046x/arccore-315875/include/CanNm_Cbk.h
2026-02-05 18:39:34,092 - Knowledge - WARNING - Timeout processing /app/data/T0015/315875/b34046x/arccore-315875/include/PduR.h after 90s - using fallback metadata
2026-02-05 18:39:34,310 - Knowledge - INFO - process ingested knowledge for /app/data/T0015/315875/b34046x/arccore-315875/include/hc1x/irq_defines.h
2026-02-05 18:39:34,337 - Knowledge - INFO - process ingested knowledge for /app/data/T0015/315875/b34046x/arccore-315875/include/Fee.h
2026-02-05 18:39:34,489 - Knowledge - INFO - done ingest for /app/data/T0015/315875/b34046x/arccore-315875/include/Com_Types.h
2026-02-05 18:39:34,829 - Knowledge - INFO - process ingested knowledge for /app/data/T0015/315875/b34046x/arccore-315875/include/Eep_ConfigTypes.h
2026-02-05 18:39:34,882 - Knowledge - WARNING - Timeout processing /app/data/T0015/315875/b34046x/arccore-315875/include/NvM_ConfigTypes.h after 90s - using fallback metadata
2026-02-05 18:39:34,920 - Knowledge - INFO - Fast-tracked /app/data/T0015/315875/b34046x/arccore-315875/communication/CanTp/CanTp.c (small file (0 bytes))
2026-02-05 18:39:35,200 - Knowledge - INFO - process ingested knowledge for /app/data/T0015/315875/b34046x/arccore-315875/include/PduR_J1939Tp.h
2026-02-05 18:39:35,261 - Knowledge - INFO - process ingested knowledge for /app/data/T0015/315875/b34046x/arccore-315875/include/PduR_CanTp.h
2026-02-05 18:39:35,487 - Knowledge - INFO - Processing batch of 8 files
2026-02-05 18:39:35,775 - Knowledge - INFO - Fast-tracked /app/data/T0015/315875/b34046x/arccore-315875/arch/arm/arm_cm3/kernel/arch.c (small file (1957 bytes))
2026-02-05 18:39:35,832 - Knowledge - WARNING - Timeout processing /app/data/T0015/315875/b34046x/arccore-315875/include/Gpt.h after 90s - using fallback metadata
2026-02-05 18:39:35,956 - Knowledge - INFO - process ingested knowledge for /app/data/T0015/315875/b34046x/arccore-315875/include/J1939Tp.h
2026-02-05 18:39:36,145 - Knowledge - INFO - process ingested knowledge for /app/data/T0015/315875/b34046x/arccore-315875/include/isr.h
2026-02-05 18:39:36,425 - Knowledge - INFO - process ingested knowledge for /app/data/T0015/315875/b34046x/arccore-315875/include/WdgIf.h
2026-02-05 18:39:36,736 - Knowledge - INFO - Fast-tracked /app/data/T0015/315875/b34046x/arccore-315875/arch/arm/arm_cm3/drivers/timer_dwt.c (small file (1974 bytes))
2026-02-05 18:39:36,970 - Knowledge - INFO - process ingested knowledge for /app/data/T0015/315875/b34046x/arccore-315875/include/CanIf_Cbk.h
2026-02-05 18:39:37,568 - Knowledge - INFO - Async storage completed for 8 embeddings
2026-02-05 18:39:37,853 - Knowledge - INFO - [LLM_CALL] Completed: PduR_Routing.c:chunk1, Duration: 67534ms, PromptTokens: 3516, CompletionTokens: 664, Cost: $0.00062
2026-02-05 18:39:38,197 - Knowledge - INFO - done ingest for /app/data/T0015/315875/b34046x/arccore-315875/communication/PduR/PduR_Routing.c
2026-02-05 18:39:38,424 - Knowledge - INFO - process ingested knowledge for /app/data/T0015/315875/b34046x/arccore-315875/include/IoHwAb_Types.h
2026-02-05 18:39:38,610 - Knowledge - INFO - process ingested knowledge for /app/data/T0015/315875/b34046x/arccore-315875/include/Rte_Dem.h
2026-02-05 18:39:39,325 - Knowledge - INFO - process ingested knowledge for /app/data/T0015/315875/b34046x/arccore-315875/include/timer.h
2026-02-05 18:39:39,480 - Knowledge - INFO - [LLM_CALL] Completed: startup_cr4.s:chunk1, Duration: 32771ms, PromptTokens: 4562, CompletionTokens: 259, Cost: $0.00056
2026-02-05 18:39:39,725 - Knowledge - INFO - done ingest for /app/data/T0015/315875/b34046x/arccore-315875/arch/arm/arm_cr4/kernel/startup_cr4.s
2026-02-05 18:39:39,743 - Knowledge - INFO - [LLM_CALL] Completed: CanIf_ConfigTypes.h:chunk1, Duration: 101293ms, PromptTokens: 8114, CompletionTokens: 458, Cost: $0.00099
2026-02-05 18:39:39,893 - Knowledge - INFO - process ingested knowledge for /app/data/T0015/315875/b34046x/arccore-315875/include/PduR_Dcm.h
2026-02-05 18:39:40,049 - Knowledge - INFO - process ingested knowledge for /app/data/T0015/315875/b34046x/arccore-315875/include/Crc.h
2026-02-05 18:39:40,396 - Knowledge - INFO - done ingest for /app/data/T0015/315875/b34046x/arccore-315875/include/CanIf_ConfigTypes.h
2026-02-05 18:39:41,294 - Knowledge - INFO - Fast-tracked /app/data/T0015/315875/b34046x/arccore-315875/arch/arm/arm_cr4/kernel/arch.c (small file (1941 bytes))
2026-02-05 18:39:41,347 - Knowledge - INFO - process ingested knowledge for /app/data/T0015/315875/b34046x/arccore-315875/include/PduR_SoAd.h
2026-02-05 18:39:41,358 - Knowledge - INFO - process ingested knowledge for /app/data/T0015/315875/b34046x/arccore-315875/include/J1939Tp_ConfigTypes.h
2026-02-05 18:39:41,399 - Knowledge - INFO - Fast-tracked /app/data/T0015/315875/b34046x/arccore-315875/arch/arm/arm_cm3/drivers/STM32F10x_StdPeriph_Driver/src/stm32f10x_fsmc.c (small file (0 bytes))
2026-02-05 18:39:41,942 - Knowledge - INFO - Fast-tracked /app/data/T0015/315875/b34046x/arccore-315875/arch/arm/arm_cm3/drivers/Fls.c (small file (2674 bytes))
2026-02-05 18:39:42,166 - Knowledge - INFO - [LLM_CALL] Completed: Com_Sched.c:chunk1, Duration: 69274ms, PromptTokens: 4638, CompletionTokens: 400, Cost: $0.00062
2026-02-05 18:39:42,674 - Knowledge - INFO - done ingest for /app/data/T0015/315875/b34046x/arccore-315875/communication/Com/Com_Sched.c
2026-02-05 18:39:42,790 - Knowledge - INFO - [WEBSOCKET] Sent: Type=progress_update, Size: 294, Duration: 0ms
2026-02-05 18:39:43,033 - Knowledge - INFO - process ingested knowledge for /app/data/T0015/315875/b34046x/arccore-315875/include/Dem_Lcfg.h
2026-02-05 18:39:43,225 - Knowledge - INFO - [LLM_CALL] Completed: Fls.h:chunk1, Duration: 97786ms, PromptTokens: 2988, CompletionTokens: 735, Cost: $0.00059
2026-02-05 18:39:43,559 - Knowledge - INFO - done ingest for /app/data/T0015/315875/b34046x/arccore-315875/include/Fls.h
2026-02-05 18:39:43,617 - Knowledge - INFO - [WEBSOCKET] Sent: Type=unknown, Size: ?, Duration: 861ms
2026-02-05 18:39:44,045 - Knowledge - INFO - Progress: 13.8% | Files: 150/1086 | Rate: 1.07 files/sec | Queue: 818
2026-02-05 18:39:44,067 - Knowledge - INFO - [LLM_CALL] Completed: Dio.c:chunk1, Duration: 65506ms, PromptTokens: 3734, CompletionTokens: 459, Cost: $0.00056
2026-02-05 18:39:44,479 - Knowledge - INFO - process ingested knowledge for /app/data/T0015/315875/b34046x/arccore-315875/include/sys/queue.h
2026-02-05 18:39:44,644 - Knowledge - INFO - done ingest for /app/data/T0015/315875/b34046x/arccore-315875/arch/arm/arm_cr4/drivers/Dio.c
2026-02-05 18:39:44,857 - Knowledge - INFO - Fast-tracked /app/data/T0015/315875/b34046x/arccore-315875/communication/CanNm/CanNm.c (small file (0 bytes))
2026-02-05 18:39:45,517 - Knowledge - INFO - Async storage completed for 10 embeddings
2026-02-05 18:39:46,324 - Knowledge - INFO - [kw20] Queue=818, InProgress=0, PendingWorkers=20/20, Completed=151/1086 (13.9%)
2026-02-05 18:39:46,702 - Knowledge - INFO - Batch sizing: calculated=8, max_allowed=10, queue=818, active_workers=20/20
2026-02-05 18:39:46,887 - Knowledge - INFO - process ingested knowledge for /app/data/T0015/315875/b34046x/arccore-315875/include/Platform_Types.h
2026-02-05 18:39:46,993 - Knowledge - WARNING - Timeout processing /app/data/T0015/315875/b34046x/arccore-315875/communication/J1939Tp/J1939Tp.c after 90s - using fallback metadata
2026-02-05 18:39:47,277 - Knowledge - WARNING - Timeout processing /app/data/T0015/315875/b34046x/arccore-315875/communication/ComM/ComM_Internal.h after 90s - using fallback metadata
2026-02-05 18:39:47,785 - Knowledge - INFO - Async storing batch of 8 embeddings
2026-02-05 18:39:47,820 - Knowledge - INFO - process ingested knowledge for /app/data/T0015/315875/b34046x/arccore-315875/include/PduR_If.h
2026-02-05 18:39:47,860 - Knowledge - WARNING - Timeout processing /app/data/T0015/315875/b34046x/arccore-315875/communication/ComM/ComM.c after 90s - using fallback metadata
2026-02-05 18:39:48,149 - Knowledge - INFO - Worker kw20 processing /app/data/T0015/315875/b34046x/arccore-315875/arch/arm/arm_cm3/drivers/STM32F10x_StdPeriph_Driver/inc/stm32f10x_usart.h
2026-02-05 18:39:48,327 - Knowledge - INFO - done ingest for /app/data/T0015/315875/b34046x/arccore-315875/include/ppc/Cpu.h
2026-02-05 18:39:48,520 - Knowledge - WARNING - Timeout processing /app/data/T0015/315875/b34046x/arccore-315875/communication/CanSM/CanSM_Internal.h after 90s - using fallback metadata
2026-02-05 18:39:48,735 - Knowledge - INFO - Worker kw20 processing /app/data/T0015/315875/b34046x/arccore-315875/arch/arm/arm_cm3/drivers/STM32F10x_StdPeriph_Driver/inc/stm32f10x_gpio.h
2026-02-05 18:39:49,033 - Knowledge - WARNING - Timeout processing /app/data/T0015/315875/b34046x/arccore-315875/communication/CanSM/CanSM.c after 90s - using fallback metadata
2026-02-05 18:39:49,087 - Knowledge - INFO - [LLM_CALL] Completed: Can.c:chunk1, Duration: 54591ms, PromptTokens: 16986, CompletionTokens: 492, Cost: $0.00190
2026-02-05 18:39:49,199 - Knowledge - INFO - Worker kw20 processing /app/data/T0015/315875/b34046x/arccore-315875/arch/arm/arm_cm3/drivers/STM32F10x_StdPeriph_Driver/inc/stm32f10x_sdio.h
2026-02-05 18:39:49,457 - Knowledge - WARNING - Timeout processing /app/data/T0015/315875/b34046x/arccore-315875/communication/CanIf/CanIf.c after 90s - using fallback metadata
2026-02-05 18:39:49,662 - Knowledge - INFO - done ingest for /app/data/T0015/315875/b34046x/arccore-315875/arch/arm/arm_cr4/drivers/Can.c
2026-02-05 18:39:49,876 - Knowledge - INFO - Worker kw20 processing /app/data/T0015/315875/b34046x/arccore-315875/arch/arm/arm_cm3/drivers/STM32F10x_StdPeriph_Driver/inc/misc.h
2026-02-05 18:39:50,003 - Knowledge - INFO - process ingested knowledge for /app/data/T0015/315875/b34046x/arccore-315875/include/WdgM_ConfigTypes.h
2026-02-05 18:39:50,695 - Knowledge - INFO - Fast-tracked /app/data/T0015/315875/b34046x/arccore-315875/arch/arm/arm_cm3/drivers/STM32F10x_StdPeriph_Driver/src/stm32f10x_rtc.c (small file (0 bytes))
2026-02-05 18:39:50,719 - Knowledge - INFO - Worker kw20 processing /app/data/T0015/315875/b34046x/arccore-315875/arch/arm/arm_cm3/drivers/STM32F10x_StdPeriph_Driver/inc/stm32f10x_bkp.h
2026-02-05 18:39:51,267 - Knowledge - INFO - Worker kw20 processing /app/data/T0015/315875/b34046x/arccore-315875/arch/arm/arm_cm3/drivers/STM32F10x_StdPeriph_Driver/inc/stm32f10x_wwdg.h
2026-02-05 18:39:51,779 - Knowledge - INFO - Worker kw20 processing /app/data/T0015/315875/b34046x/arccore-315875/arch/arm/arm_cm3/drivers/STM32F10x_StdPeriph_Driver/inc/stm32f10x_fsmc.h
2026-02-05 18:39:52,116 - Knowledge - INFO - Worker kw20 processing /app/data/T0015/315875/b34046x/arccore-315875/arch/arm/arm_cm3/drivers/STM32F10x_StdPeriph_Driver/inc/stm32f10x_pwr.h
2026-02-05 18:39:52,574 - Knowledge - INFO - [LLM_CALL] Completed: mpc55xx.h:chunk1, Duration: 110377ms, PromptTokens: 3148, CompletionTokens: 659, Cost: $0.00058
2026-02-05 18:39:52,973 - Knowledge - WARNING - Timeout processing /app/data/T0015/315875/b34046x/arccore-315875/include/Nm.h after 90s - using fallback metadata
2026-02-05 18:39:53,055 - Knowledge - INFO - done ingest for /app/data/T0015/315875/b34046x/arccore-315875/include/ppc/mpc55xx.h
2026-02-05 18:39:54,275 - Knowledge - INFO - [LLM_CALL] Completed: stm32f10x_spi.c:chunk1, Duration: 41274ms, PromptTokens: 18658, CompletionTokens: 1104, Cost: $0.00231
2026-02-05 18:39:54,642 - Knowledge - INFO - done ingest for /app/data/T0015/315875/b34046x/arccore-315875/arch/arm/arm_cm3/drivers/STM32F10x_StdPeriph_Driver/src/stm32f10x_spi.c
2026-02-05 18:39:55,295 - Knowledge - INFO - [LLM_CALL] Completed: Com.c:chunk1, Duration: 53207ms, PromptTokens: 6920, CompletionTokens: 666, Cost: $0.00096
2026-02-05 18:39:55,636 - Knowledge - INFO - done ingest for /app/data/T0015/315875/b34046x/arccore-315875/communication/Com/Com.c
2026-02-05 18:39:55,708 - Knowledge - INFO - Async storage completed for 8 embeddings
2026-02-05 18:39:57,044 - Knowledge - INFO - [LLM_CALL] Completed: core_cm3.c:chunk1, Duration: 49105ms, PromptTokens: 10234, CompletionTokens: 400, Cost: $0.00118
2026-02-05 18:39:57,301 - Knowledge - INFO - done ingest for /app/data/T0015/315875/b34046x/arccore-315875/arch/arm/arm_cm3/kernel/core_cm3.c
2026-02-05 18:39:57,320 - Knowledge - INFO - Processing batch of 10 files
2026-02-05 18:39:57,643 - Knowledge - INFO - process ingested knowledge for /app/data/T0015/315875/b34046x/arccore-315875/include/cirq_buffer.h
2026-02-05 18:39:58,080 - Knowledge - INFO - [kw8] Queue=810, InProgress=0, PendingWorkers=20/20, Completed=170/1086 (15.7%)
2026-02-05 18:39:58,359 - Knowledge - INFO - Batch sizing: calculated=8, max_allowed=10, queue=810, active_workers=20/20
2026-02-05 18:39:58,994 - Knowledge - INFO - [LLM_CALL] Completed: Com_Com.c:chunk1, Duration: 69707ms, PromptTokens: 8456, CompletionTokens: 1188, Cost: $0.00132
2026-02-05 18:39:59,038 - Knowledge - INFO - Async storage completed for 10 embeddings
2026-02-05 18:39:59,358 - Knowledge - INFO - done ingest for /app/data/T0015/315875/b34046x/arccore-315875/communication/Com/Com_Com.c
2026-02-05 18:39:59,479 - Knowledge - INFO - process ingested knowledge for /app/data/T0015/315875/b34046x/arccore-315875/include/shell.h
2026-02-05 18:39:59,617 - Knowledge - INFO - Fast-tracked /app/data/T0015/315875/b34046x/arccore-315875/arch/arm/arm_cm3/drivers/STM32F10x_StdPeriph_Driver/src/stm32f10x_usart.c (small file (0 bytes))
2026-02-05 18:39:59,623 - Knowledge - INFO - Processing batch of 8 files
2026-02-05 18:40:00,202 - Knowledge - INFO - Async storing batch of 10 embeddings
2026-02-05 18:40:00,341 - Knowledge - INFO - process ingested knowledge for /app/data/T0015/315875/b34046x/arccore-315875/include/Com_Sched.h
2026-02-05 18:40:01,007 - Knowledge - INFO - Worker kw8 processing /app/data/T0015/315875/b34046x/arccore-315875/arch/arm/arm_cm3/drivers/STM32F10x_StdPeriph_Driver/inc/stm32f10x_rtc.h
2026-02-05 18:40:01,352 - Knowledge - INFO - Worker kw8 processing /app/data/T0015/315875/b34046x/arccore-315875/arch/arm/arm_cm3/drivers/STM32F10x_StdPeriph_Driver/inc/stm32f10x_spi.h
2026-02-05 18:40:01,782 - Knowledge - INFO - Worker kw8 processing /app/data/T0015/315875/b34046x/arccore-315875/arch/arm/arm_cm3/drivers/STM32F10x_StdPeriph_Driver/inc/stm32f10x_crc.h
2026-02-05 18:40:01,840 - Knowledge - INFO - process ingested knowledge for /app/data/T0015/315875/b34046x/arccore-315875/include/Adc.h
2026-02-05 18:40:01,917 - Knowledge - INFO - process ingested knowledge for /app/data/T0015/315875/b34046x/arccore-315875/include/Port.h
2026-02-05 18:40:02,066 - Knowledge - INFO - Worker kw8 processing /app/data/T0015/315875/b34046x/arccore-315875/arch/arm/arm_cm3/drivers/STM32F10x_StdPeriph_Driver/inc/stm32f10x_dac.h
2026-02-05 18:40:02,606 - Knowledge - INFO - [LLM_CALL] Completed: asm_ppc.h:chunk1, Duration: 91570ms, PromptTokens: 5458, CompletionTokens: 1191, Cost: $0.00102
2026-02-05 18:40:02,715 - Knowledge - INFO - Worker kw8 processing /app/data/T0015/315875/b34046x/arccore-315875/arch/arm/arm_cm3/drivers/STM32F10x_StdPeriph_Driver/inc/stm32f10x_adc.h
2026-02-05 18:40:02,849 - Knowledge - INFO - done ingest for /app/data/T0015/315875/b34046x/arccore-315875/include/ppc/asm_ppc.h
2026-02-05 18:40:02,991 - Knowledge - INFO - Worker kw8 processing /app/data/T0015/315875/b34046x/arccore-315875/arch/arm/arm_cm3/drivers/STM32F10x_StdPeriph_Driver/inc/stm32f10x_rcc.h
2026-02-05 18:40:03,157 - Knowledge - INFO - [WEBSOCKET] Sent: Type=progress_update, Size: 296, Duration: 0ms
2026-02-05 18:40:03,188 - Knowledge - INFO - process ingested knowledge for /app/data/T0015/315875/b34046x/arccore-315875/include/Dcm_Types.h
2026-02-05 18:40:03,426 - Knowledge - INFO - Worker kw8 processing /app/data/T0015/315875/b34046x/arccore-315875/arch/arm/arm_cm3/drivers/STM32F10x_StdPeriph_Driver/inc/stm32f10x_flash.h
2026-02-05 18:40:03,594 - Knowledge - INFO - Async storage completed for 10 embeddings
2026-02-05 18:40:03,682 - Knowledge - INFO - process ingested knowledge for /app/data/T0015/315875/b34046x/arccore-315875/include/Fls.h
2026-02-05 18:40:03,708 - Knowledge - INFO - [WEBSOCKET] Sent: Type=unknown, Size: ?, Duration: 551ms
2026-02-05 18:40:03,940 - Knowledge - INFO - Worker kw8 processing /app/data/T0015/315875/b34046x/arccore-315875/arch/arm/arm_cm3/drivers/STM32F10x_StdPeriph_Driver/inc/stm32f10x_i2c.h
2026-02-05 18:40:04,376 - Knowledge - INFO - Progress: 16.9% | Files: 189/1086 | Rate: 1.18 files/sec | Queue: 802
2026-02-05 18:40:04,403 - Knowledge - INFO - process ingested knowledge for /app/data/T0015/315875/b34046x/arccore-315875/include/io.h
2026-02-05 18:40:04,439 - Knowledge - INFO - process ingested knowledge for /app/data/T0015/315875/b34046x/arccore-315875/include/Gpt_ConfigTypes.h
2026-02-05 18:40:04,533 - Knowledge - INFO - Processing batch of 8 files
2026-02-05 18:40:04,805 - Knowledge - INFO - Fast-tracked /app/data/T0015/315875/b34046x/arccore-315875/arch/arm/arm_cm3/drivers/STM32F10x_StdPeriph_Driver/src/stm32f10x_sdio.c (small file (0 bytes))
2026-02-05 18:40:04,816 - Knowledge - INFO - [LLM_CALL] Completed: core_cm3.h:chunk1, Duration: 77130ms, PromptTokens: 22634, CompletionTokens: 623, Cost: $0.00251
2026-02-05 18:40:04,940 - Knowledge - INFO - [kw6] Queue=802, InProgress=0, PendingWorkers=20/20, Completed=193/1086 (17.8%)
2026-02-05 18:40:04,947 - Knowledge - INFO - [kw9] Queue=802, InProgress=0, PendingWorkers=20/20, Completed=193/1086 (17.8%)
2026-02-05 18:40:04,963 - Knowledge - INFO - process ingested knowledge for /app/data/T0015/315875/b34046x/arccore-315875/include/Rte.h
2026-02-05 18:40:05,232 - Knowledge - INFO - process ingested knowledge for /app/data/T0015/315875/b34046x/arccore-315875/communication/J1939Tp/J1939Tp.c
2026-02-05 18:40:05,349 - Knowledge - INFO - process ingested knowledge for /app/data/T0015/315875/b34046x/arccore-315875/include/NvM.h
2026-02-05 18:40:05,741 - Knowledge - INFO - done ingest for /app/data/T0015/315875/b34046x/arccore-315875/arch/arm/arm_cm3/kernel/core_cm3.h
2026-02-05 18:40:05,814 - Knowledge - INFO - Batch sizing: calculated=8, max_allowed=10, queue=802, active_workers=20/20
2026-02-05 18:40:05,947 - Knowledge - INFO - [kw18] Queue=802, InProgress=0, PendingWorkers=20/20, Completed=196/1086 (18.0%)
2026-02-05 18:40:05,968 - Knowledge - INFO - Batch sizing: calculated=8, max_allowed=10, queue=802, active_workers=20/20
2026-02-05 18:40:06,191 - Knowledge - INFO - process ingested knowledge for /app/data/T0015/315875/b34046x/arccore-315875/include/os_config_macros.h
2026-02-05 18:40:06,320 - Knowledge - INFO - process ingested knowledge for /app/data/T0015/315875/b34046x/arccore-315875/communication/ComM/ComM_Internal.h
2026-02-05 18:40:06,528 - Knowledge - INFO - process ingested knowledge for /app/data/T0015/315875/b34046x/arccore-315875/include/LinIf_Cbk.h
2026-02-05 18:40:06,603 - Knowledge - INFO - Processing batch of 8 files
2026-02-05 18:40:06,621 - Knowledge - INFO - [LLM_CALL] Completed: sys_tick.c:chunk1, Duration: 89386ms, PromptTokens: 2636, CompletionTokens: 533, Cost: $0.00048
2026-02-05 18:40:07,088 - Knowledge - INFO - Batch sizing: calculated=8, max_allowed=10, queue=802, active_workers=20/20
2026-02-05 18:40:07,517 - Knowledge - INFO - process ingested knowledge for /app/data/T0015/315875/b34046x/arccore-315875/include/PduR.h
2026-02-05 18:40:07,715 - Knowledge - INFO - process ingested knowledge for /app/data/T0015/315875/b34046x/arccore-315875/communication/ComM/ComM.c
2026-02-05 18:40:07,862 - Knowledge - INFO - process ingested knowledge for /app/data/T0015/315875/b34046x/arccore-315875/include/CanSM_Cbk.h
2026-02-05 18:40:08,042 - Knowledge - INFO - process ingested knowledge for /app/data/T0015/315875/b34046x/arccore-315875/include/Compiler.h
2026-02-05 18:40:08,217 - Knowledge - INFO - done ingest for /app/data/T0015/315875/b34046x/arccore-315875/arch/arm/arm_cr4/kernel/sys_tick.c
2026-02-05 18:40:08,275 - Knowledge - INFO - Async storing batch of 10 embeddings
2026-02-05 18:40:08,351 - Knowledge - INFO - Async storing batch of 10 embeddings
2026-02-05 18:40:08,479 - Knowledge - INFO - Processing batch of 8 files
2026-02-05 18:40:08,480 - Knowledge - INFO - Async storing batch of 8 embeddings
2026-02-05 18:40:08,565 - Knowledge - INFO - Processing batch of 8 files
2026-02-05 18:40:08,584 - Knowledge - INFO - Processing batch of 8 files
2026-02-05 18:40:08,799 - Knowledge - INFO - process ingested knowledge for /app/data/T0015/315875/b34046x/arccore-315875/include/NvM_ConfigTypes.h
2026-02-05 18:40:08,844 - Knowledge - INFO - process ingested knowledge for /app/data/T0015/315875/b34046x/arccore-315875/communication/CanSM/CanSM_Internal.h
2026-02-05 18:40:08,962 - Knowledge - INFO - process ingested knowledge for /app/data/T0015/315875/b34046x/arccore-315875/include/CanIf.h
2026-02-05 18:40:08,995 - Knowledge - INFO - Processing batch of 8 files
2026-02-05 18:40:09,180 - Knowledge - INFO - process ingested knowledge for /app/data/T0015/315875/b34046x/arccore-315875/include/PduR_CanIf.h
2026-02-05 18:40:09,393 - Knowledge - INFO - [LLM_CALL] Completed: Nm.c:chunk1, Duration: 84407ms, PromptTokens: 8052, CompletionTokens: 1477, Cost: $0.00140
2026-02-05 18:40:09,487 - Knowledge - INFO - Worker kw6 processing /app/data/T0015/315875/b34046x/arccore-315875/arch/arm/arm_cm3/drivers/STM32F10x_StdPeriph_Driver/inc/stm32f10x_tim.h
2026-02-05 18:40:09,594 - Knowledge - INFO - Worker kw9 processing /app/data/T0015/315875/b34046x/arccore-315875/arch/arm/arm_cm3/drivers/Wdg.c
2026-02-05 18:40:09,766 - Knowledge - INFO - process ingested knowledge for /app/data/T0015/315875/b34046x/arccore-315875/arch/arm/arm_cm3/drivers/STM32F10x_StdPeriph_Driver/src/stm32f10x_dac.c
2026-02-05 18:40:09,861 - Knowledge - INFO - Worker kw18 processing /app/data/T0015/315875/b34046x/arccore-315875/arch/hc1x/hcs12d/kernel/context.h
2026-02-05 18:40:09,970 - Knowledge - WARNING - Timeout processing /app/data/T0015/315875/b34046x/arccore-315875/arch/arm/arm_cr4/kernel/irq_types.h after 90s - using fallback metadata
2026-02-05 18:40:10,006 - Knowledge - INFO - process ingested knowledge for /app/data/T0015/315875/b34046x/arccore-315875/communication/Com/Com_Sched.c
2026-02-05 18:40:10,202 - Knowledge - INFO - process ingested knowledge for /app/data/T0015/315875/b34046x/arccore-315875/arch/arm/arm_cr4/drivers/Dio.c
2026-02-05 18:40:10,295 - Knowledge - INFO - process ingested knowledge for /app/data/T0015/315875/b34046x/arccore-315875/include/Gpt.h
2026-02-05 18:40:10,534 - Knowledge - INFO - process ingested knowledge for /app/data/T0015/315875/b34046x/arccore-315875/communication/CanSM/CanSM.c
2026-02-05 18:40:10,793 - Knowledge - INFO - process ingested knowledge for /app/data/T0015/315875/b34046x/arccore-315875/include/Lin_Types.h
2026-02-05 18:40:10,922 - Knowledge - INFO - process ingested knowledge for /app/data/T0015/315875/b34046x/arccore-315875/include/CanSM_EcuM.h
2026-02-05 18:40:11,043 - Knowledge - INFO - done ingest for /app/data/T0015/315875/b34046x/arccore-315875/communication/Nm/Nm.c
2026-02-05 18:40:11,049 - Knowledge - INFO - [LLM_CALL] Completed: irq.c:chunk1, Duration: 55465ms, PromptTokens: 2710, CompletionTokens: 516, Cost: $0.00048
2026-02-05 18:40:11,208 - Knowledge - INFO - Worker kw6 processing /app/data/T0015/315875/b34046x/arccore-315875/arch/arm/arm_cm3/drivers/STM32F10x_StdPeriph_Driver/inc/stm32f10x_exti.h
2026-02-05 18:40:11,356 - Knowledge - INFO - Worker kw9 processing /app/data/T0015/315875/b34046x/arccore-315875/arch/hc1x/hcs12d/scripts/gcc.mk
2026-02-05 18:40:11,626 - Knowledge - INFO - Worker kw18 processing /app/data/T0015/315875/b34046x/arccore-315875/arch/hc1x/hcs12d/kernel/arch.c
2026-02-05 18:40:11,687 - Knowledge - INFO - process ingested knowledge for /app/data/T0015/315875/b34046x/arccore-315875/arch/arm/arm_cm3/drivers/STM32F10x_StdPeriph_Driver/src/stm32f10x_adc.c
2026-02-05 18:40:11,733 - Knowledge - WARNING - Timeout processing /app/data/T0015/315875/b34046x/arccore-315875/arch/arm/arm_cr4/kernel/irq.c after 90s - using fallback metadata
2026-02-05 18:40:11,869 - Knowledge - INFO - process ingested knowledge for /app/data/T0015/315875/b34046x/arccore-315875/communication/Com/Com_Arc_Types.h
2026-02-05 18:40:11,894 - Knowledge - INFO - process ingested knowledge for /app/data/T0015/315875/b34046x/arccore-315875/arch/arm/arm_cr4/drivers/Can.c
2026-02-05 18:40:12,183 - Knowledge - INFO - process ingested knowledge for /app/data/T0015/315875/b34046x/arccore-315875/communication/CanTp/CanTp.c
2026-02-05 18:40:12,248 - Knowledge - INFO - process ingested knowledge for /app/data/T0015/315875/b34046x/arccore-315875/include/debug.h
2026-02-05 18:40:12,326 - Knowledge - INFO - process ingested knowledge for /app/data/T0015/315875/b34046x/arccore-315875/include/CanIf_ConfigTypes.h
2026-02-05 18:40:12,492 - Knowledge - INFO - done ingest for /app/data/T0015/315875/b34046x/arccore-315875/arch/arm/arm_cm3/kernel/irq.c
2026-02-05 18:40:12,492 - Knowledge - INFO - [LLM_CALL] Completed: PduR_Logic.c:chunk1, Duration: 62284ms, PromptTokens: 10288, CompletionTokens: 1076, Cost: $0.00146
2026-02-05 18:40:12,600 - Knowledge - INFO - Worker kw6 processing /app/data/T0015/315875/b34046x/arccore-315875/arch/arm/arm_cm3/drivers/STM32F10x_StdPeriph_Driver/inc/stm32f10x_dma.h
2026-02-05 18:40:12,670 - Knowledge - INFO - Fast-tracked /app/data/T0015/315875/b34046x/arccore-315875/arch/hc1x/hcs12d/scripts/gcc.mk (ext=.mk, size=326)
2026-02-05 18:40:12,777 - Knowledge - INFO - Worker kw18 processing /app/data/T0015/315875/b34046x/arccore-315875/arch/hc1x/hcs12d/drivers/Gpt.c
2026-02-05 18:40:12,870 - Knowledge - INFO - process ingested knowledge for /app/data/T0015/315875/b34046x/arccore-315875/arch/arm/arm_cm3/drivers/STM32F10x_StdPeriph_Driver/src/stm32f10x_rcc.c
2026-02-05 18:40:12,956 - Knowledge - WARNING - Timeout processing /app/data/T0015/315875/b34046x/arccore-315875/arch/arm/arm_cr4/kernel/core_cr4.h after 90s - using fallback metadata
2026-02-05 18:40:13,042 - Knowledge - INFO - process ingested knowledge for /app/data/T0015/315875/b34046x/arccore-315875/communication/Com/Com_Com.c
2026-02-05 18:40:13,134 - Knowledge - INFO - process ingested knowledge for /app/data/T0015/315875/b34046x/arccore-315875/arch/arm/arm_cm3/scripts/gcc.mk
2026-02-05 18:40:13,218 - Knowledge - INFO - process ingested knowledge for /app/data/T0015/315875/b34046x/arccore-315875/communication/CanIf/CanIf.c
2026-02-05 18:40:13,294 - Knowledge - INFO - process ingested knowledge for /app/data/T0015/315875/b34046x/arccore-315875/include/Det.h
2026-02-05 18:40:13,398 - Knowledge - INFO - process ingested knowledge for /app/data/T0015/315875/b34046x/arccore-315875/include/Nm.h
2026-02-05 18:40:13,619 - Knowledge - INFO - done ingest for /app/data/T0015/315875/b34046x/arccore-315875/communication/PduR/PduR_Logic.c
2026-02-05 18:40:13,631 - Knowledge - INFO - [LLM_CALL] Completed: stm32f10x_dbgmcu.c:chunk1, Duration: 56588ms, PromptTokens: 3542, CompletionTokens: 358, Cost: $0.00050
2026-02-05 18:40:13,744 - Knowledge - INFO - Worker kw6 processing /app/data/T0015/315875/b34046x/arccore-315875/arch/arm/arm_cm3/drivers/STM32F10x_StdPeriph_Driver/inc/stm32f10x_can.h
2026-02-05 18:40:13,825 - Knowledge - INFO - Worker kw9 processing /app/data/T0015/315875/b34046x/arccore-315875/arch/hc1x/hcs12d/kernel/stdint.h
2026-02-05 18:40:13,908 - Knowledge - INFO - Worker kw18 processing /app/data/T0015/315875/b34046x/arccore-315875/arch/hc1x/hcs12d/drivers/Mcu.c
2026-02-05 18:40:14,012 - Knowledge - INFO - process ingested knowledge for /app/data/T0015/315875/b34046x/arccore-315875/arch/arm/arm_cm3/drivers/STM32F10x_StdPeriph_Driver/src/stm32f10x_spi.c
2026-02-05 18:40:14,087 - Knowledge - WARNING - Timeout processing /app/data/T0015/315875/b34046x/arccore-315875/arch/arm/arm_cr4/drivers/Mcu.c after 90s - using fallback metadata
2026-02-05 18:40:14,184 - Knowledge - INFO - process ingested knowledge for /app/data/T0015/315875/b34046x/arccore-315875/communication/Com/Com_Internal.h
2026-02-05 18:40:14,285 - Knowledge - INFO - process ingested knowledge for /app/data/T0015/315875/b34046x/arccore-315875/arch/arm/arm_cm3/kernel/core_cm3.c
2026-02-05 18:40:14,370 - Knowledge - INFO - process ingested knowledge for /app/data/T0015/315875/b34046x/arccore-315875/communication/CanNm/CanNm.c
2026-02-05 18:40:14,472 - Knowledge - INFO - process ingested knowledge for /app/data/T0015/315875/b34046x/arccore-315875/include/perf.h
2026-02-05 18:40:14,563 - Knowledge - INFO - process ingested knowledge for /app/data/T0015/315875/b34046x/arccore-315875/include/Com_Types.h
2026-02-05 18:40:14,818 - Knowledge - INFO - done ingest for /app/data/T0015/315875/b34046x/arccore-315875/arch/arm/arm_cm3/drivers/STM32F10x_StdPeriph_Driver/src/stm32f10x_dbgmcu.c
2026-02-05 18:40:14,825 - Knowledge - INFO - [LLM_CALL] Completed: Port.c:chunk1, Duration: 27346ms, PromptTokens: 4332, CompletionTokens: 413, Cost: $0.00060
2026-02-05 18:40:15,042 - Knowledge - INFO - Worker kw6 processing /app/data/T0015/315875/b34046x/arccore-315875/arch/arm/arm_cm3/drivers/STM32F10x_StdPeriph_Driver/inc/stm32f10x_dbgmcu.h
2026-02-05 18:40:15,059 - Knowledge - INFO - Fast-tracked /app/data/T0015/315875/b34046x/arccore-315875/arch/hc1x/hcs12d/kernel/stdint.h (ext=.h, size=1066)
2026-02-05 18:40:15,210 - Knowledge - INFO - Worker kw18 processing /app/data/T0015/315875/b34046x/arccore-315875/arch/hc1x/hcs12d/drivers/Port.c
2026-02-05 18:40:15,344 - Knowledge - INFO - process ingested knowledge for /app/data/T0015/315875/b34046x/arccore-315875/arch/arm/arm_cm3/drivers/STM32F10x_StdPeriph_Driver/src/stm32f10x_tim.c
2026-02-05 18:40:15,422 - Knowledge - WARNING - Timeout processing /app/data/T0015/315875/b34046x/arccore-315875/arch/arm/arm_cr4/drivers/Port.c after 90s - using fallback metadata
2026-02-05 18:40:15,507 - Knowledge - INFO - process ingested knowledge for /app/data/T0015/315875/b34046x/arccore-315875/communication/Com/Com_misc.c
2026-02-05 18:40:15,572 - Knowledge - INFO - process ingested knowledge for /app/data/T0015/315875/b34046x/arccore-315875/arch/arm/arm_cm3/kernel/stack.h
2026-02-05 18:40:15,752 - Knowledge - INFO - process ingested knowledge for /app/data/T0015/315875/b34046x/arccore-315875/include/ppc/mpc55xx.h
2026-02-05 18:40:15,842 - Knowledge - INFO - process ingested knowledge for /app/data/T0015/315875/b34046x/arccore-315875/include/Lin.h
2026-02-05 18:40:16,080 - Knowledge - INFO - done ingest for /app/data/T0015/315875/b34046x/arccore-315875/arch/arm/arm_cm3/drivers/Port.c
2026-02-05 18:40:16,178 - Knowledge - INFO - [LLM_CALL] Completed: LinSM.c:chunk1, Duration: 113100ms, PromptTokens: 5060, CompletionTokens: 798, Cost: $0.00083
2026-02-05 18:40:16,179 - Knowledge - INFO - Worker kw6 processing /app/data/T0015/315875/b34046x/arccore-315875/arch/arm/arm_cm3/drivers/STM32F10x_StdPeriph_Driver/Release_Notes_for_STM32F10x_StdPeriph_Driver.html
2026-02-05 18:40:16,267 - Knowledge - INFO - Worker kw9 processing /app/data/T0015/315875/b34046x/arccore-315875/arch/hc1x/hcs12d/kernel/sys_tick.c
2026-02-05 18:40:16,339 - Knowledge - INFO - Async storage completed for 8 embeddings
2026-02-05 18:40:16,376 - Knowledge - INFO - Worker kw18 processing /app/data/T0015/315875/b34046x/arccore-315875/arch/hc1x/hcs12d/drivers/Adc.c
2026-02-05 18:40:16,458 - Knowledge - INFO - Fast-tracked /app/data/T0015/315875/b34046x/arccore-315875/arch/arm/arm_cm3/drivers/STM32F10x_StdPeriph_Driver/inc/stm32f10x_wwdg.h (small file (2763 bytes))
2026-02-05 18:40:16,470 - Knowledge - INFO - process ingested knowledge for /app/data/T0015/315875/b34046x/arccore-315875/arch/arm/arm_cm3/drivers/STM32F10x_StdPeriph_Driver/src/stm32f10x_exti.c
2026-02-05 18:40:16,526 - Knowledge - INFO - Fast-tracked /app/data/T0015/315875/b34046x/arccore-315875/arch/arm/arm_cm3/drivers/STM32F10x_StdPeriph_Driver/inc/stm32f10x_crc.h (small file (1980 bytes))
2026-02-05 18:40:16,673 - Knowledge - INFO - process ingested knowledge for /app/data/T0015/315875/b34046x/arccore-315875/arch/arm/arm_cr4/scripts/gcc.mk
2026-02-05 18:40:16,781 - Knowledge - INFO - process ingested knowledge for /app/data/T0015/315875/b34046x/arccore-315875/arch/arm/arm_cm3/kernel/sys_tick.c
2026-02-05 18:40:16,868 - Knowledge - INFO - process ingested knowledge for /app/data/T0015/315875/b34046x/arccore-315875/include/ppc/Cpu.h
2026-02-05 18:40:16,978 - Knowledge - INFO - process ingested knowledge for /app/data/T0015/315875/b34046x/arccore-315875/include/Dcm_Cbk.h
2026-02-05 18:40:17,275 - Knowledge - INFO - done ingest for /app/data/T0015/315875/b34046x/arccore-315875/communication/Lin/LinSM.c
2026-02-05 18:40:17,315 - Knowledge - INFO - [LLM_CALL] Completed: startup_stm32f10x.s:chunk1, Duration: 50119ms, PromptTokens: 2944, CompletionTokens: 232, Cost: $0.00039
2026-02-05 18:40:17,429 - Knowledge - INFO - Worker kw6 processing /app/data/T0015/315875/b34046x/arccore-315875/arch/arm/arm_cm3/drivers/Dio.c
2026-02-05 18:40:17,590 - Knowledge - INFO - Fast-tracked /app/data/T0015/315875/b34046x/arccore-315875/arch/hc1x/hcs12d/kernel/sys_tick.c (ext=.c, size=1693)
2026-02-05 18:40:17,722 - Knowledge - INFO - Worker kw18 processing /app/data/T0015/315875/b34046x/arccore-315875/arch/hc1x/hcs12d/drivers/Pwm.c
2026-02-05 18:40:17,923 - Knowledge - INFO - Fast-tracked /app/data/T0015/315875/b34046x/arccore-315875/arch/arm/arm_cm3/drivers/STM32F10x_StdPeriph_Driver/inc/stm32f10x_fsmc.h (small file (0 bytes))
2026-02-05 18:40:18,011 - Knowledge - INFO - process ingested knowledge for /app/data/T0015/315875/b34046x/arccore-315875/arch/arm/arm_cm3/drivers/STM32F10x_StdPeriph_Driver/src/stm32f10x_dma.c
2026-02-05 18:40:18,198 - Knowledge - INFO - process ingested knowledge for /app/data/T0015/315875/b34046x/arccore-315875/arch/arm/arm_cr4/kernel/stack.h
2026-02-05 18:40:18,301 - Knowledge - INFO - process ingested knowledge for /app/data/T0015/315875/b34046x/arccore-315875/arch/arm/arm_cm3/kernel/irq_types.h
2026-02-05 18:40:18,421 - Knowledge - INFO - process ingested knowledge for /app/data/T0015/315875/b34046x/arccore-315875/include/ppc/asm_ppc.h
2026-02-05 18:40:18,716 - Knowledge - INFO - done ingest for /app/data/T0015/315875/b34046x/arccore-315875/arch/arm/arm_cm3/kernel/startup_stm32f10x.s
2026-02-05 18:40:18,729 - Knowledge - INFO - [kw17] Queue=778, InProgress=0, PendingWorkers=20/20, Completed=214/1086 (19.7%)
2026-02-05 18:40:18,757 - Knowledge - INFO - [kw1] Queue=778, InProgress=0, PendingWorkers=20/20, Completed=215/1086 (19.8%)
2026-02-05 18:40:18,767 - Knowledge - INFO - [LLM_CALL] Completed: Gpt.c:chunk1, Duration: 79678ms, PromptTokens: 7698, CompletionTokens: 409, Cost: $0.00093
2026-02-05 18:40:18,902 - Knowledge - INFO - Worker kw6 processing /app/data/T0015/315875/b34046x/arccore-315875/arch/arm/arm_cm3/drivers/Can.c
2026-02-05 18:40:18,983 - Knowledge - INFO - Worker kw9 processing /app/data/T0015/315875/b34046x/arccore-315875/arch/hc1x/hcs12d/kernel/irq_types.h
2026-02-05 18:40:19,102 - Knowledge - INFO - Worker kw18 processing /app/data/T0015/315875/b34046x/arccore-315875/arch/hc1x/hcs12d/drivers/Dio.c
2026-02-05 18:40:19,734 - Knowledge - INFO - process ingested knowledge for /app/data/T0015/315875/b34046x/arccore-315875/arch/arm/arm_cm3/drivers/STM32F10x_StdPeriph_Driver/src/stm32f10x_can.c
2026-02-05 18:40:19,747 - Knowledge - INFO - process ingested knowledge for /app/data/T0015/315875/b34046x/arccore-315875/arch/arm/arm_cm3/kernel/stm32f10x.h
2026-02-05 18:40:19,749 - Knowledge - INFO - process ingested knowledge for /app/data/T0015/315875/b34046x/arccore-315875/arch/arm/arm_cr4/kernel/startup_cr4.s
2026-02-05 18:40:19,903 - Knowledge - INFO - process ingested knowledge for /app/data/T0015/315875/b34046x/arccore-315875/include/MemMap.h
2026-02-05 18:40:20,190 - Knowledge - INFO - Batch sizing: calculated=8, max_allowed=10, queue=778, active_workers=20/20
2026-02-05 18:40:20,283 - Knowledge - INFO - Batch sizing: calculated=8, max_allowed=10, queue=778, active_workers=20/20
2026-02-05 18:40:20,522 - Knowledge - INFO - done ingest for /app/data/T0015/315875/b34046x/arccore-315875/arch/arm/arm_cm3/drivers/Gpt.c
2026-02-05 18:40:20,535 - Knowledge - INFO - [LLM_CALL] Completed: stm32f10x_wwdg.c:chunk1, Duration: 49507ms, PromptTokens: 4174, CompletionTokens: 547, Cost: $0.00064
2026-02-05 18:40:20,737 - Knowledge - INFO - Worker kw9 processing /app/data/T0015/315875/b34046x/arccore-315875/arch/hc1x/hcs12d/kernel/crt0_gcc.s
2026-02-05 18:40:20,981 - Knowledge - INFO - Fast-tracked /app/data/T0015/315875/b34046x/arccore-315875/arch/hc1x/hcs12d/kernel/context.h (small file (2558 bytes))
2026-02-05 18:40:22,301 - Knowledge - INFO - done ingest for /app/data/T0015/315875/b34046x/arccore-315875/arch/arm/arm_cm3/drivers/STM32F10x_StdPeriph_Driver/src/stm32f10x_wwdg.c
2026-02-05 18:40:22,314 - Knowledge - INFO - [WEBSOCKET] Sent: Type=progress_update, Size: 293, Duration: 5009ms
2026-02-05 18:40:22,433 - Knowledge - INFO - Worker kw9 processing /app/data/T0015/315875/b34046x/arccore-315875/arch/hc1x/hcs12d/kernel/crt0_iar.s
2026-02-05 18:40:22,603 - Knowledge - INFO - Fast-tracked /app/data/T0015/315875/b34046x/arccore-315875/arch/hc1x/hcs12d/kernel/arch.c (small file (2864 bytes))
2026-02-05 18:40:22,814 - Knowledge - INFO - [LLM_CALL] Completed: LinIf.c:chunk1, Duration: 106605ms, PromptTokens: 6432, CompletionTokens: 705, Cost: $0.00093
2026-02-05 18:40:22,954 - Knowledge - INFO - Worker kw9 processing /app/data/T0015/315875/b34046x/arccore-315875/arch/hc1x/hcs12d/kernel/irq.c
2026-02-05 18:40:23,191 - Knowledge - INFO - done ingest for /app/data/T0015/315875/b34046x/arccore-315875/communication/Lin/LinIf.c
2026-02-05 18:40:23,262 - Knowledge - INFO - Async storing batch of 8 embeddings
2026-02-05 18:40:23,268 - Knowledge - INFO - [WEBSOCKET] Sent: Type=unknown, Size: ?, Duration: 7098ms
2026-02-05 18:40:23,270 - Knowledge - INFO - Async storing batch of 8 embeddings
2026-02-05 18:40:23,575 - Knowledge - INFO - Worker kw1 processing /app/data/T0015/315875/b34046x/arccore-315875/arch/ppc/mpc55xx/scripts/gcc.mk
2026-02-05 18:40:23,798 - Knowledge - INFO - Progress: 19.6% | Files: 218/1086 | Rate: 1.25 files/sec | Queue: 762
2026-02-05 18:40:23,911 - Knowledge - INFO - Worker kw17 processing /app/data/T0015/315875/b34046x/arccore-315875/arch/hc1x/hcs12d/drivers/regs_hcs12xd.h
2026-02-05 18:40:24,074 - Knowledge - INFO - Fast-tracked /app/data/T0015/315875/b34046x/arccore-315875/arch/ppc/mpc55xx/scripts/gcc.mk (ext=.mk, size=1002)
2026-02-05 18:40:24,304 - Knowledge - INFO - [LLM_CALL] Completed: PduR.c:chunk1, Duration: 91581ms, PromptTokens: 3774, CompletionTokens: 474, Cost: $0.00057
2026-02-05 18:40:24,345 - Knowledge - INFO - Worker kw17 processing /app/data/T0015/315875/b34046x/arccore-315875/arch/hc1x/hcs12d/drivers/Can.c
2026-02-05 18:40:24,450 - Knowledge - INFO - Worker kw1 processing /app/data/T0015/315875/b34046x/arccore-315875/arch/ppc/mpc55xx/integration/Mcu_Arc_mpc55xx.c
2026-02-05 18:40:24,594 - Knowledge - INFO - done ingest for /app/data/T0015/315875/b34046x/arccore-315875/communication/PduR/PduR.c
2026-02-05 18:40:24,717 - Knowledge - INFO - Worker kw17 processing /app/data/T0015/315875/b34046x/arccore-315875/arch/hc1x/hcs12d/drivers/regs_hcs12d.h
2026-02-05 18:40:24,914 - Knowledge - INFO - Worker kw1 processing /app/data/T0015/315875/b34046x/arccore-315875/arch/ppc/mpc55xx/integration/mpc5xxx_callout_stubs.c
2026-02-05 18:40:25,027 - Knowledge - INFO - [kw10] Queue=762, InProgress=0, PendingWorkers=20/20, Completed=221/1086 (20.3%)
2026-02-05 18:40:25,169 - Knowledge - INFO - Worker kw17 processing /app/data/T0015/315875/b34046x/arccore-315875/arch/generic/linux/kernel/sys_tick.c
2026-02-05 18:40:25,300 - Knowledge - INFO - Worker kw1 processing /app/data/T0015/315875/b34046x/arccore-315875/arch/ppc/mpc55xx/integration/Mcu_Arc_mpc56xx.c
2026-02-05 18:40:25,417 - Knowledge - INFO - [kw11] Queue=762, InProgress=0, PendingWorkers=20/20, Completed=221/1086 (20.3%)
2026-02-05 18:40:25,455 - Knowledge - INFO - Batch sizing: calculated=8, max_allowed=10, queue=762, active_workers=20/20
2026-02-05 18:40:25,617 - Knowledge - INFO - Fast-tracked /app/data/T0015/315875/b34046x/arccore-315875/arch/generic/linux/kernel/sys_tick.c (ext=.c, size=103)
2026-02-05 18:40:25,743 - Knowledge - INFO - Worker kw1 processing /app/data/T0015/315875/b34046x/arccore-315875/arch/ppc/mpc55xx/delivery/mpc5500_h7f/include/ssd_h7f_internal.h
2026-02-05 18:40:25,851 - Knowledge - INFO - Batch sizing: calculated=8, max_allowed=10, queue=762, active_workers=20/20
2026-02-05 18:40:26,009 - Knowledge - INFO - [LLM_CALL] Completed: Mcu.c:chunk1, Duration: 44124ms, PromptTokens: 9106, CompletionTokens: 729, Cost: $0.00120
2026-02-05 18:40:26,067 - Knowledge - INFO - Worker kw17 processing /app/data/T0015/315875/b34046x/arccore-315875/arch/generic/linux/kernel/irq_types.h
2026-02-05 18:40:26,207 - Knowledge - INFO - Worker kw1 processing /app/data/T0015/315875/b34046x/arccore-315875/arch/ppc/mpc55xx/delivery/mpc5500_h7f/include/ssd_types.h
2026-02-05 18:40:26,373 - Knowledge - INFO - done ingest for /app/data/T0015/315875/b34046x/arccore-315875/arch/arm/arm_cm3/drivers/Mcu.c
2026-02-05 18:40:26,513 - Knowledge - INFO - Worker kw17 processing /app/data/T0015/315875/b34046x/arccore-315875/arch/generic/linux/kernel/irq.c
2026-02-05 18:40:26,628 - Knowledge - INFO - Worker kw1 processing /app/data/T0015/315875/b34046x/arccore-315875/arch/ppc/mpc55xx/delivery/mpc5500_h7f/include/ssd_h7f.h
2026-02-05 18:40:26,892 - Knowledge - INFO - Fast-tracked /app/data/T0015/315875/b34046x/arccore-315875/arch/generic/linux/kernel/irq.c (ext=.c, size=162)
2026-02-05 18:40:27,035 - Knowledge - INFO - Worker kw1 processing /app/data/T0015/315875/b34046x/arccore-315875/arch/ppc/mpc55xx/delivery/mpc5500_h7f/include/ssd_c90fl_internal.h
2026-02-05 18:40:27,099 - Knowledge - INFO - Async storing batch of 10 embeddings
2026-02-05 18:40:27,182 - Knowledge - INFO - Worker kw17 processing /app/data/T0015/315875/b34046x/arccore-315875/arch/generic/linux/kernel/arch.c
2026-02-05 18:40:27,414 - Knowledge - INFO - Worker kw10 processing /app/data/T0015/315875/b34046x/arccore-315875/arch/ppc/mpc55xx/delivery/mpc5500_h7f/include/ssd_c90fl.h
2026-02-05 18:40:27,517 - Knowledge - INFO - Async storing batch of 8 embeddings
2026-02-05 18:40:27,607 - Knowledge - INFO - Fast-tracked /app/data/T0015/315875/b34046x/arccore-315875/arch/generic/linux/kernel/arch.c (ext=.c, size=454)
2026-02-05 18:40:27,762 - Knowledge - INFO - Worker kw10 processing /app/data/T0015/315875/b34046x/arccore-315875/arch/ppc/mpc55xx/mm/mm.h
2026-02-05 18:40:27,849 - Knowledge - INFO - Worker kw11 processing /app/data/T0015/315875/b34046x/arccore-315875/arch/ppc/mpc55xx/kernel/irq.c
2026-02-05 18:40:27,967 - Knowledge - INFO - Worker kw17 processing /app/data/T0015/315875/b34046x/arccore-315875/arch/generic/linux/drivers/Mcu.c
2026-02-05 18:40:28,247 - Knowledge - INFO - Worker kw10 processing /app/data/T0015/315875/b34046x/arccore-315875/arch/ppc/mpc55xx/mm/cache.c
2026-02-05 18:40:28,319 - Knowledge - INFO - [LLM_CALL] Completed: misc.c:chunk1, Duration: 53585ms, PromptTokens: 4584, CompletionTokens: 531, Cost: $0.00067
2026-02-05 18:40:28,351 - Knowledge - INFO - Worker kw11 processing /app/data/T0015/315875/b34046x/arccore-315875/arch/ppc/mpc55xx/kernel/arch.c
2026-02-05 18:40:28,474 - Knowledge - INFO - Fast-tracked /app/data/T0015/315875/b34046x/arccore-315875/arch/generic/linux/drivers/Mcu.c (ext=.c, size=1617)
2026-02-05 18:40:28,598 - Knowledge - INFO - Async storage completed for 8 embeddings
2026-02-05 18:40:28,608 - Knowledge - INFO - Fast-tracked /app/data/T0015/315875/b34046x/arccore-315875/arch/ppc/mpc55xx/mm/cache.c (ext=.c, size=880)
2026-02-05 18:40:28,729 - Knowledge - INFO - done ingest for /app/data/T0015/315875/b34046x/arccore-315875/arch/arm/arm_cm3/drivers/STM32F10x_StdPeriph_Driver/src/misc.c
2026-02-05 18:40:28,855 - Knowledge - INFO - Worker kw11 processing /app/data/T0015/315875/b34046x/arccore-315875/arch/ppc/mpc55xx/drivers/ip_adc_mpc56xx.h
2026-02-05 18:40:29,213 - Knowledge - INFO - Worker kw10 processing /app/data/T0015/315875/b34046x/arccore-315875/arch/ppc/mpc55xx/mm/mm.c
2026-02-05 18:40:29,500 - Knowledge - INFO - Worker kw11 processing /app/data/T0015/315875/b34046x/arccore-315875/arch/ppc/mpc55xx/drivers/Dma.h
2026-02-05 18:40:29,729 - Knowledge - INFO - Fast-tracked /app/data/T0015/315875/b34046x/arccore-315875/arch/ppc/mpc55xx/mm/mm.c (ext=.c, size=509)
2026-02-05 18:40:29,957 - Knowledge - INFO - Worker kw11 processing /app/data/T0015/315875/b34046x/arccore-315875/arch/ppc/mpc55xx/drivers/MPC5634M_MLQB80.h
2026-02-05 18:40:30,056 - Knowledge - INFO - Worker kw10 processing /app/data/T0015/315875/b34046x/arccore-315875/arch/ppc/mpc55xx/kernel/irq_types.h
2026-02-05 18:40:30,167 - Knowledge - INFO - Fast-tracked /app/data/T0015/315875/b34046x/arccore-315875/arch/ppc/mpc55xx/drivers/MPC5634M_MLQB80.h (ext=.h, size=193187)
2026-02-05 18:40:30,368 - Knowledge - INFO - [LLM_CALL] Completed: stm32f10x_iwdg.h:chunk1, Duration: 16739ms, PromptTokens: 2958, CompletionTokens: 568, Cost: $0.00052
2026-02-05 18:40:30,375 - Knowledge - INFO - Worker kw10 processing /app/data/T0015/315875/b34046x/arccore-315875/arch/ppc/mpc55xx/kernel/mpc5xxx_handlers.c
2026-02-05 18:40:30,458 - Knowledge - INFO - Worker kw11 processing /app/data/T0015/315875/b34046x/arccore-315875/arch/ppc/mpc55xx/drivers/Lin.c
2026-02-05 18:40:30,565 - Knowledge - INFO - done ingest for /app/data/T0015/315875/b34046x/arccore-315875/arch/arm/arm_cm3/drivers/STM32F10x_StdPeriph_Driver/inc/stm32f10x_iwdg.h
2026-02-05 18:40:30,685 - Knowledge - INFO - Worker kw10 processing /app/data/T0015/315875/b34046x/arccore-315875/arch/ppc/mpc55xx/kernel/arch_stack.h
2026-02-05 18:40:30,796 - Knowledge - INFO - Worker kw11 processing /app/data/T0015/315875/b34046x/arccore-315875/arch/ppc/mpc55xx/drivers/flash.h
2026-02-05 18:40:31,049 - Knowledge - INFO - Worker kw10 processing /app/data/T0015/315875/b34046x/arccore-315875/arch/ppc/mpc55xx/kernel/arch_offset.c
2026-02-05 18:40:31,092 - Knowledge - INFO - Processing batch of 8 files
2026-02-05 18:40:31,186 - Knowledge - INFO - Worker kw11 processing /app/data/T0015/315875/b34046x/arccore-315875/arch/ppc/mpc55xx/drivers/mpc5500_spr.h
2026-02-05 18:40:31,443 - Knowledge - INFO - process ingested knowledge for /app/data/T0015/315875/b34046x/arccore-315875/communication/PduR/PduR_LinIf.c
2026-02-05 18:40:32,491 - Knowledge - INFO - [WEBSOCKET] Sent: Type=progress_update, Size: 294, Duration: 0ms
2026-02-05 18:40:32,493 - Knowledge - INFO - process ingested knowledge for /app/data/T0015/315875/b34046x/arccore-315875/communication/PduR/PduR_Routing.c
2026-02-05 18:40:32,762 - Knowledge - INFO - [LLM_CALL] Completed: stm32f10x_pwr.c:chunk1, Duration: 49989ms, PromptTokens: 5776, CompletionTokens: 629, Cost: $0.00083
2026-02-05 18:40:32,958 - Knowledge - INFO - done ingest for /app/data/T0015/315875/b34046x/arccore-315875/arch/arm/arm_cm3/drivers/STM32F10x_StdPeriph_Driver/src/stm32f10x_pwr.c
2026-02-05 18:40:32,976 - Knowledge - INFO - Processing batch of 8 files
2026-02-05 18:40:32,981 - Knowledge - INFO - [WEBSOCKET] Sent: Type=unknown, Size: ?, Duration: 491ms
2026-02-05 18:40:33,093 - Knowledge - INFO - process ingested knowledge for /app/data/T0015/315875/b34046x/arccore-315875/communication/PduR/PduR_J1939Tp.c
2026-02-05 18:40:33,315 - Knowledge - INFO - process ingested knowledge for /app/data/T0015/315875/b34046x/arccore-315875/arch/arm/arm_cr4/kernel/sys_tick.c
2026-02-05 18:40:33,475 - Knowledge - INFO - Progress: 22.1% | Files: 241/1086 | Rate: 1.27 files/sec | Queue: 746
2026-02-05 18:40:33,554 - Knowledge - INFO - [kw4] Queue=746, InProgress=0, PendingWorkers=20/20, Completed=241/1086 (22.2%)
2026-02-05 18:40:33,576 - Knowledge - INFO - [kw3] Queue=746, InProgress=0, PendingWorkers=20/20, Completed=241/1086 (22.2%)
2026-02-05 18:40:33,615 - Knowledge - INFO - Processing batch of 8 files
2026-02-05 18:40:33,671 - Knowledge - INFO - process ingested knowledge for /app/data/T0015/315875/b34046x/arccore-315875/communication/PduR/PduR_Dcm.c
2026-02-05 18:40:33,827 - Knowledge - INFO - process ingested knowledge for /app/data/T0015/315875/b34046x/arccore-315875/arch/arm/arm_cr4/kernel/irq_types.h
2026-02-05 18:40:33,834 - Knowledge - INFO - [kw14] Queue=746, InProgress=0, PendingWorkers=20/20, Completed=243/1086 (22.4%)
2026-02-05 18:40:34,092 - Knowledge - INFO - [LLM_CALL] Completed: stm32f10x_cec.c:chunk1, Duration: 49421ms, PromptTokens: 7510, CompletionTokens: 685, Cost: $0.00102
2026-02-05 18:40:34,093 - Knowledge - INFO - [kw15] Queue=746, InProgress=0, PendingWorkers=20/20, Completed=244/1086 (22.5%)
2026-02-05 18:40:34,180 - Knowledge - INFO - Batch sizing: calculated=8, max_allowed=10, queue=746, active_workers=20/20
2026-02-05 18:40:34,346 - Knowledge - INFO - Batch sizing: calculated=8, max_allowed=10, queue=746, active_workers=20/20
2026-02-05 18:40:34,387 - Knowledge - INFO - process ingested knowledge for /app/data/T0015/315875/b34046x/arccore-315875/arch/arm/arm_cm3/kernel/core_cm3.h
2026-02-05 18:40:34,539 - Knowledge - INFO - process ingested knowledge for /app/data/T0015/315875/b34046x/arccore-315875/communication/Nm/Nm.c
2026-02-05 18:40:35,046 - Knowledge - INFO - process ingested knowledge for /app/data/T0015/315875/b34046x/arccore-315875/arch/arm/arm_cr4/kernel/arch_offset.c
2026-02-05 18:40:35,180 - Knowledge - INFO - Batch sizing: calculated=8, max_allowed=10, queue=746, active_workers=20/20
2026-02-05 18:40:35,310 - Knowledge - INFO - done ingest for /app/data/T0015/315875/b34046x/arccore-315875/arch/arm/arm_cm3/drivers/STM32F10x_StdPeriph_Driver/src/stm32f10x_cec.c
2026-02-05 18:40:35,322 - Knowledge - INFO - Processing batch of 8 files
2026-02-05 18:40:35,332 - Knowledge - INFO - [LLM_CALL] Completed: stm32f10x_bkp.c:chunk1, Duration: 44077ms, PromptTokens: 5544, CompletionTokens: 751, Cost: $0.00085
2026-02-05 18:40:35,557 - Knowledge - INFO - Batch sizing: calculated=8, max_allowed=10, queue=746, active_workers=20/20
2026-02-05 18:40:35,950 - Knowledge - INFO - process ingested knowledge for /app/data/T0015/315875/b34046x/arccore-315875/arch/arm/arm_cm3/kernel/arch_stack.h
2026-02-05 18:40:36,065 - Knowledge - INFO - process ingested knowledge for /app/data/T0015/315875/b34046x/arccore-315875/communication/Com/Com.c
2026-02-05 18:40:36,154 - Knowledge - INFO - process ingested knowledge for /app/data/T0015/315875/b34046x/arccore-315875/arch/arm/arm_cr4/kernel/irq.c
2026-02-05 18:40:36,565 - Knowledge - INFO - process ingested knowledge for /app/data/T0015/315875/b34046x/arccore-315875/communication/Lin/LinSM.c
2026-02-05 18:40:36,705 - Knowledge - INFO - done ingest for /app/data/T0015/315875/b34046x/arccore-315875/arch/arm/arm_cm3/drivers/STM32F10x_StdPeriph_Driver/src/stm32f10x_bkp.c
2026-02-05 18:40:36,719 - Knowledge - INFO - [LLM_CALL] Completed: stm32f10x_crc.c:chunk1, Duration: 38592ms, PromptTokens: 2600, CompletionTokens: 424, Cost: $0.00043
2026-02-05 18:40:36,972 - Knowledge - INFO - process ingested knowledge for /app/data/T0015/315875/b34046x/arccore-315875/arch/arm/arm_cm3/kernel/arch_offset.c
2026-02-05 18:40:37,073 - Knowledge - INFO - process ingested knowledge for /app/data/T0015/315875/b34046x/arccore-315875/communication/Com/Com_misc.h
2026-02-05 18:40:37,170 - Knowledge - INFO - process ingested knowledge for /app/data/T0015/315875/b34046x/arccore-315875/arch/arm/arm_cr4/kernel/core_cr4.h
2026-02-05 18:40:37,298 - Knowledge - INFO - process ingested knowledge for /app/data/T0015/315875/b34046x/arccore-315875/communication/Lin/LinIf.c
2026-02-05 18:40:37,569 - Knowledge - INFO - done ingest for /app/data/T0015/315875/b34046x/arccore-315875/arch/arm/arm_cm3/drivers/STM32F10x_StdPeriph_Driver/src/stm32f10x_crc.c
2026-02-05 18:40:37,580 - Knowledge - INFO - Async storing batch of 8 embeddings
2026-02-05 18:40:37,605 - Knowledge - INFO - Async storing batch of 8 embeddings
2026-02-05 18:40:37,606 - Knowledge - INFO - Async storing batch of 8 embeddings
2026-02-05 18:40:37,606 - Knowledge - INFO - Async storing batch of 8 embeddings
2026-02-05 18:40:37,636 - Knowledge - INFO - [LLM_CALL] Completed: stm32f10x_cec.h:chunk1, Duration: 31647ms, PromptTokens: 4324, CompletionTokens: 751, Cost: $0.00073
2026-02-05 18:40:37,673 - Knowledge - INFO - process ingested knowledge for /app/data/T0015/315875/b34046x/arccore-315875/arch/arm/arm_cm3/kernel/irq.c
2026-02-05 18:40:37,756 - Knowledge - INFO - process ingested knowledge for /app/data/T0015/315875/b34046x/arccore-315875/communication/Com/Com_Cbk.h
2026-02-05 18:40:37,849 - Knowledge - INFO - process ingested knowledge for /app/data/T0015/315875/b34046x/arccore-315875/arch/arm/arm_cr4/kernel/arch.c
2026-02-05 18:40:38,035 - Knowledge - INFO - process ingested knowledge for /app/data/T0015/315875/b34046x/arccore-315875/communication/PduR/PduR_CanIf.c
2026-02-05 18:40:38,401 - Knowledge - INFO - Worker kw4 processing /app/data/T0015/315875/b34046x/arccore-315875/arch/ppc/mpc55xx/drivers/mpc5554_vars.h
2026-02-05 18:40:38,755 - Knowledge - INFO - Worker kw14 processing /app/data/T0015/315875/b34046x/arccore-315875/arch/ppc/mpc55xx/drivers/ip_dspi.h
2026-02-05 18:40:38,756 - Knowledge - INFO - Worker kw3 processing /app/data/T0015/315875/b34046x/arccore-315875/arch/ppc/mpc55xx/drivers/MPC5607B.h
2026-02-05 18:40:39,011 - Knowledge - INFO - Worker kw15 processing /app/data/T0015/315875/b34046x/arccore-315875/arch/ppc/mpc55xx/drivers/Dio.c
2026-02-05 18:40:39,156 - Knowledge - INFO - done ingest for /app/data/T0015/315875/b34046x/arccore-315875/arch/arm/arm_cm3/drivers/STM32F10x_StdPeriph_Driver/inc/stm32f10x_cec.h
2026-02-05 18:40:39,301 - Knowledge - INFO - process ingested knowledge for /app/data/T0015/315875/b34046x/arccore-315875/arch/arm/arm_cm3/kernel/startup_stm32f10x.s
2026-02-05 18:40:39,772 - Knowledge - INFO - process ingested knowledge for /app/data/T0015/315875/b34046x/arccore-315875/arch/arm/arm_cr4/drivers/Mcu.c
2026-02-05 18:40:39,772 - Knowledge - INFO - process ingested knowledge for /app/data/T0015/315875/b34046x/arccore-315875/communication/PduR/PduR.c
2026-02-05 18:40:39,869 - Knowledge - INFO - Worker kw4 processing /app/data/T0015/315875/b34046x/arccore-315875/arch/ppc/mpc55xx/drivers/PwmFlex.c
2026-02-05 18:40:40,016 - Knowledge - INFO - Worker kw14 processing /app/data/T0015/315875/b34046x/arccore-315875/arch/ppc/mpc55xx/drivers/flash_h7f_c90.c
2026-02-05 18:40:40,203 - Knowledge - INFO - Fast-tracked /app/data/T0015/315875/b34046x/arccore-315875/arch/ppc/mpc55xx/drivers/MPC5607B.h (ext=.h, size=192717)
2026-02-05 18:40:40,303 - Knowledge - INFO - Worker kw15 processing /app/data/T0015/315875/b34046x/arccore-315875/arch/ppc/mpc55xx/drivers/Spi.c
2026-02-05 18:40:40,598 - Knowledge - INFO - Fast-tracked /app/data/T0015/315875/b34046x/arccore-315875/arch/ppc/mpc55xx/mm/mm.h (small file (1986 bytes))
2026-02-05 18:40:40,710 - Knowledge - INFO - [LLM_CALL] Completed: Adc.c:chunk1, Duration: 57932ms, PromptTokens: 6166, CompletionTokens: 841, Cost: $0.00095
2026-02-05 18:40:40,799 - Knowledge - INFO - Fast-tracked /app/data/T0015/315875/b34046x/arccore-315875/arch/hc1x/hcs12d/kernel/crt0_gcc.s (small file (2215 bytes))
2026-02-05 18:40:40,878 - Knowledge - INFO - process ingested knowledge for /app/data/T0015/315875/b34046x/arccore-315875/arch/arm/arm_cm3/kernel/arch.c
2026-02-05 18:40:40,894 - Knowledge - INFO - process ingested knowledge for /app/data/T0015/315875/b34046x/arccore-315875/communication/PduR/PduR_SoAd.c
2026-02-05 18:40:40,915 - Knowledge - INFO - process ingested knowledge for /app/data/T0015/315875/b34046x/arccore-315875/arch/arm/arm_cr4/drivers/Port.c
2026-02-05 18:40:40,990 - Knowledge - INFO - Worker kw4 processing /app/data/T0015/315875/b34046x/arccore-315875/arch/ppc/mpc55xx/drivers/MPC5604B_0M27V_0102.h
2026-02-05 18:40:41,107 - Knowledge - INFO - Worker kw14 processing /app/data/T0015/315875/b34046x/arccore-315875/arch/ppc/mpc55xx/drivers/MPC5606B.h
2026-02-05 18:40:41,195 - Knowledge - INFO - Worker kw3 processing /app/data/T0015/315875/b34046x/arccore-315875/arch/ppc/mpc55xx/drivers/mpc5606s.h
2026-02-05 18:40:41,331 - Knowledge - INFO - Worker kw15 processing /app/data/T0015/315875/b34046x/arccore-315875/arch/ppc/mpc55xx/drivers/mpc5567.h
2026-02-05 18:40:41,570 - Knowledge - INFO - done ingest for /app/data/T0015/315875/b34046x/arccore-315875/arch/arm/arm_cm3/drivers/Adc.c
2026-02-05 18:40:41,697 - Knowledge - INFO - Processing batch of 8 files
2026-02-05 18:40:41,708 - Knowledge - INFO - [LLM_CALL] Completed: stm32f10x_iwdg.c:chunk1, Duration: 49728ms, PromptTokens: 3666, CompletionTokens: 500, Cost: $0.00057
2026-02-05 18:40:41,905 - Knowledge - INFO - process ingested knowledge for /app/data/T0015/315875/b34046x/arccore-315875/arch/arm/arm_cm3/drivers/timer_dwt.c
2026-02-05 18:40:41,947 - Knowledge - INFO - process ingested knowledge for /app/data/T0015/315875/b34046x/arccore-315875/communication/PduR/PduR_Com.c
2026-02-05 18:40:42,174 - Knowledge - INFO - Fast-tracked /app/data/T0015/315875/b34046x/arccore-315875/arch/ppc/mpc55xx/drivers/MPC5604B_0M27V_0102.h (ext=.h, size=102696)
2026-02-05 18:40:42,284 - Knowledge - INFO - Fast-tracked /app/data/T0015/315875/b34046x/arccore-315875/arch/ppc/mpc55xx/drivers/MPC5606B.h (ext=.h, size=193687)
2026-02-05 18:40:42,375 - Knowledge - INFO - Fast-tracked /app/data/T0015/315875/b34046x/arccore-315875/arch/ppc/mpc55xx/drivers/mpc5606s.h (ext=.h, size=160243)
2026-02-05 18:40:42,462 - Knowledge - INFO - Fast-tracked /app/data/T0015/315875/b34046x/arccore-315875/arch/ppc/mpc55xx/drivers/mpc5567.h (ext=.h, size=156969)
2026-02-05 18:40:42,693 - Knowledge - INFO - process ingested knowledge for /app/data/T0015/315875/b34046x/arccore-315875/arch/arm/arm_cm3/drivers/STM32F10x_StdPeriph_Driver/src/stm32f10x_dbgmcu.c
2026-02-05 18:40:42,891 - Knowledge - INFO - done ingest for /app/data/T0015/315875/b34046x/arccore-315875/arch/arm/arm_cm3/drivers/STM32F10x_StdPeriph_Driver/src/stm32f10x_iwdg.c
2026-02-05 18:40:43,268 - Knowledge - INFO - Worker kw4 processing /app/data/T0015/315875/b34046x/arccore-315875/arch/ppc/mpc55xx/drivers/mpc563m_vars.h
2026-02-05 18:40:43,361 - Knowledge - INFO - Worker kw14 processing /app/data/T0015/315875/b34046x/arccore-315875/arch/ppc/mpc55xx/drivers/mpc5554.h
2026-02-05 18:40:43,368 - Knowledge - INFO - process ingested knowledge for /app/data/T0015/315875/b34046x/arccore-315875/arch/arm/arm_cm3/drivers/STM32_ETH_Driver/src/stm32_eth.c
2026-02-05 18:40:43,374 - Knowledge - INFO - process ingested knowledge for /app/data/T0015/315875/b34046x/arccore-315875/communication/PduR/PduR_CanTp.c
2026-02-05 18:40:43,467 - Knowledge - INFO - Worker kw3 processing /app/data/T0015/315875/b34046x/arccore-315875/arch/ppc/mpc55xx/drivers/typedefs.h
2026-02-05 18:40:43,614 - Knowledge - INFO - [kw13] Queue=714, InProgress=0, PendingWorkers=20/20, Completed=252/1086 (23.2%)
2026-02-05 18:40:43,628 - Knowledge - INFO - Worker kw15 processing /app/data/T0015/315875/b34046x/arccore-315875/arch/ppc/mpc55xx/drivers/LinFlex.c
2026-02-05 18:40:44,094 - Knowledge - INFO - Worker kw4 processing /app/data/T0015/315875/b34046x/arccore-315875/arch/ppc/mpc55xx/drivers/Gpt.c
2026-02-05 18:40:44,132 - Knowledge - INFO - process ingested knowledge for /app/data/T0015/315875/b34046x/arccore-315875/arch/arm/arm_cm3/drivers/STM32F10x_StdPeriph_Driver/src/stm32f10x_flash.c
2026-02-05 18:40:44,291 - Knowledge - INFO - Fast-tracked /app/data/T0015/315875/b34046x/arccore-315875/arch/ppc/mpc55xx/drivers/mpc5554.h (ext=.h, size=148084)
2026-02-05 18:40:44,777 - Knowledge - INFO - Worker kw3 processing /app/data/T0015/315875/b34046x/arccore-315875/arch/ppc/mpc55xx/drivers/Esci.h
2026-02-05 18:40:44,871 - Knowledge - INFO - Batch sizing: calculated=8, max_allowed=10, queue=714, active_workers=20/20
2026-02-05 18:40:45,141 - Knowledge - INFO - Worker kw15 processing /app/data/T0015/315875/b34046x/arccore-315875/arch/ppc/mpc55xx/drivers/560xP_HEADER_v1_10_SBCHM.h
2026-02-05 18:40:45,220 - Knowledge - INFO - process ingested knowledge for /app/data/T0015/315875/b34046x/arccore-315875/communication/PduR/PduR_Logic.c
2026-02-05 18:40:45,267 - Knowledge - INFO - Worker kw4 processing /app/data/T0015/315875/b34046x/arccore-315875/arch/ppc/mpc55xx/drivers/timer_rtc.c
2026-02-05 18:40:45,609 - Knowledge - INFO - Worker kw14 processing /app/data/T0015/315875/b34046x/arccore-315875/arch/ppc/mpc55xx/drivers/Cpu.c
2026-02-05 18:40:45,714 - Knowledge - INFO - [LLM_CALL] Completed: Pwm.c:chunk1, Duration: 54692ms, PromptTokens: 7618, CompletionTokens: 937, Cost: $0.00114
2026-02-05 18:40:45,766 - Knowledge - INFO - Fast-tracked /app/data/T0015/315875/b34046x/arccore-315875/arch/ppc/mpc55xx/drivers/Esci.h (ext=.h, size=879)
2026-02-05 18:40:46,014 - Knowledge - INFO - process ingested knowledge for /app/data/T0015/315875/b34046x/arccore-315875/arch/arm/arm_cm3/drivers/STM32F10x_StdPeriph_Driver/src/stm32f10x_i2c.c
2026-02-05 18:40:46,051 - Knowledge - INFO - Fast-tracked /app/data/T0015/315875/b34046x/arccore-315875/arch/ppc/mpc55xx/drivers/560xP_HEADER_v1_10_SBCHM.h (ext=.h, size=245190)
2026-02-05 18:40:46,346 - Knowledge - INFO - Worker kw4 processing /app/data/T0015/315875/b34046x/arccore-315875/arch/ppc/mpc55xx/drivers/sys_tick.c
2026-02-05 18:40:46,465 - Knowledge - INFO - Worker kw14 processing /app/data/T0015/315875/b34046x/arccore-315875/arch/ppc/mpc55xx/drivers/ip_edma.h
2026-02-05 18:40:46,523 - Knowledge - INFO - done ingest for /app/data/T0015/315875/b34046x/arccore-315875/arch/arm/arm_cm3/drivers/Pwm.c
2026-02-05 18:40:46,531 - Knowledge - INFO - [LLM_CALL] Completed: stm32f10x_gpio.c:chunk1, Duration: 46212ms, PromptTokens: 13560, CompletionTokens: 968, Cost: $0.00174
2026-02-05 18:40:46,556 - Knowledge - INFO - Async storing batch of 8 embeddings
2026-02-05 18:40:46,635 - Knowledge - INFO - Worker kw3 processing /app/data/T0015/315875/b34046x/arccore-315875/arch/ppc/mpc55xx/drivers/Mcu.c
2026-02-05 18:40:47,068 - Knowledge - INFO - process ingested knowledge for /app/data/T0015/315875/b34046x/arccore-315875/arch/arm/arm_cm3/drivers/STM32F10x_StdPeriph_Driver/src/stm32f10x_wwdg.c
2026-02-05 18:40:47,112 - Knowledge - INFO - Worker kw15 processing /app/data/T0015/315875/b34046x/arccore-315875/arch/ppc/mpc55xx/drivers/Dma.c
2026-02-05 18:40:47,204 - Knowledge - INFO - Worker kw4 processing /app/data/T0015/315875/b34046x/arccore-315875/arch/ppc/mpc55xx/drivers/flash_ll_h7f_c90.h
2026-02-05 18:40:47,315 - Knowledge - INFO - Worker kw14 processing /app/data/T0015/315875/b34046x/arccore-315875/arch/ppc/mpc55xx/drivers/Pwm.c
2026-02-05 18:40:47,461 - Knowledge - INFO - done ingest for /app/data/T0015/315875/b34046x/arccore-315875/arch/arm/arm_cm3/drivers/STM32F10x_StdPeriph_Driver/src/stm32f10x_gpio.c
2026-02-05 18:40:47,463 - Knowledge - INFO - [LLM_CALL] Completed: stm32f10x_gpio.h:chunk1, Duration: 47222ms, PromptTokens: 10968, CompletionTokens: 796, Cost: $0.00142
2026-02-05 18:40:47,542 - Knowledge - INFO - Worker kw13 processing /app/data/T0015/315875/b34046x/arccore-315875/arch/ppc/mpc55xx/drivers/Eep.c
2026-02-05 18:40:47,558 - Knowledge - INFO - [kw16] Queue=706, InProgress=0, PendingWorkers=20/20, Completed=253/1086 (23.3%)
2026-02-05 18:40:47,661 - Knowledge - INFO - Worker kw3 processing /app/data/T0015/315875/b34046x/arccore-315875/arch/ppc/mpc55xx/drivers/Adc_eQADC.c
2026-02-05 18:40:47,800 - Knowledge - INFO - process ingested knowledge for /app/data/T0015/315875/b34046x/arccore-315875/arch/arm/arm_cm3/drivers/STM32F10x_StdPeriph_Driver/src/stm32f10x_fsmc.c
2026-02-05 18:40:47,852 - Knowledge - INFO - Worker kw15 processing /app/data/T0015/315875/b34046x/arccore-315875/arch/ppc/mpc55xx/drivers/Can.c
2026-02-05 18:40:47,918 - Knowledge - INFO - Fast-tracked /app/data/T0015/315875/b34046x/arccore-315875/arch/ppc/mpc55xx/drivers/mpc5554_vars.h (small file (2555 bytes))
2026-02-05 18:40:47,984 - Knowledge - INFO - Worker kw14 processing /app/data/T0015/315875/b34046x/arccore-315875/arch/ppc/mpc55xx/drivers/flash_ll_h7f_c90.c
2026-02-05 18:40:48,171 - Knowledge - INFO - done ingest for /app/data/T0015/315875/b34046x/arccore-315875/arch/arm/arm_cm3/drivers/STM32F10x_StdPeriph_Driver/inc/stm32f10x_gpio.h
2026-02-05 18:40:48,172 - Knowledge - INFO - [kw12] Queue=706, InProgress=0, PendingWorkers=20/20, Completed=254/1086 (23.4%)
2026-02-05 18:40:48,173 - Knowledge - INFO - [kw2] Queue=706, InProgress=0, PendingWorkers=20/20, Completed=254/1086 (23.4%)
2026-02-05 18:40:48,243 - Knowledge - INFO - Processing batch of 8 files
2026-02-05 18:40:48,250 - Knowledge - INFO - Processing batch of 8 files
2026-02-05 18:40:48,288 - Knowledge - INFO - Worker kw13 processing /app/data/T0015/315875/b34046x/arccore-315875/arch/ppc/mpc55xx/drivers/Adc_560x.c
2026-02-05 18:40:48,355 - Knowledge - INFO - Batch sizing: calculated=8, max_allowed=10, queue=706, active_workers=20/20
2026-02-05 18:40:48,434 - Knowledge - INFO - Worker kw3 processing /app/data/T0015/315875/b34046x/arccore-315875/arch/ppc/mpc55xx/drivers/Port.c
2026-02-05 18:40:48,514 - Knowledge - INFO - process ingested knowledge for /app/data/T0015/315875/b34046x/arccore-315875/arch/arm/arm_cm3/drivers/STM32F10x_StdPeriph_Driver/src/stm32f10x_pwr.c
2026-02-05 18:40:49,245 - Knowledge - INFO - process ingested knowledge for /app/data/T0015/315875/b34046x/arccore-315875/arch/arm/arm_cm3/drivers/STM32_ETH_Driver/inc/stm32_eth.h
2026-02-05 18:40:48,998 - Knowledge - INFO - Batch sizing: calculated=8, max_allowed=10, queue=706, active_workers=20/20
2026-02-05 18:40:49,121 - Knowledge - INFO - Batch sizing: calculated=8, max_allowed=10, queue=706, active_workers=20/20
2026-02-05 18:40:48,588 - Knowledge - INFO - Worker kw15 processing /app/data/T0015/315875/b34046x/arccore-315875/arch/ppc/mpc55xx/drivers/Wdg.c
2026-02-05 18:40:49,368 - Knowledge - INFO - process ingested knowledge for /app/data/T0015/315875/b34046x/arccore-315875/arch/arm/arm_cm3/drivers/STM32F10x_StdPeriph_Driver/src/misc.c
2026-02-05 18:40:49,386 - Knowledge - INFO - [LLM_CALL] Completed: misc.h:chunk1, Duration: 43267ms, PromptTokens: 4474, CompletionTokens: 424, Cost: $0.00062
2026-02-05 18:40:49,464 - Knowledge - INFO - Worker kw13 processing /app/data/T0015/315875/b34046x/arccore-315875/arch/ppc/mpc55xx/drivers/Can_Test.h
2026-02-05 18:40:49,656 - Knowledge - INFO - Worker kw3 processing /app/data/T0015/315875/b34046x/arccore-315875/arch/ppc/mpc55xx/drivers/Fls.c
2026-02-05 18:40:49,775 - Knowledge - INFO - process ingested knowledge for /app/data/T0015/315875/b34046x/arccore-315875/arch/arm/arm_cm3/drivers/STM32F10x_StdPeriph_Driver/src/stm32f10x_rtc.c
2026-02-05 18:40:49,872 - Knowledge - INFO - process ingested knowledge for /app/data/T0015/315875/b34046x/arccore-315875/arch/arm/arm_cm3/drivers/Gpt.c
2026-02-05 18:40:50,282 - Knowledge - INFO - process ingested knowledge for /app/data/T0015/315875/b34046x/arccore-315875/arch/arm/arm_cm3/drivers/STM32F10x_StdPeriph_Driver/src/stm32f10x_cec.c
2026-02-05 18:40:50,352 - Knowledge - INFO - done ingest for /app/data/T0015/315875/b34046x/arccore-315875/arch/arm/arm_cm3/drivers/STM32F10x_StdPeriph_Driver/inc/misc.h
2026-02-05 18:40:50,353 - Knowledge - INFO - Async storing batch of 8 embeddings
2026-02-05 18:40:50,354 - Knowledge - INFO - Async storing batch of 8 embeddings
2026-02-05 18:40:50,354 - Knowledge - INFO - Async storing batch of 8 embeddings
2026-02-05 18:40:50,447 - Knowledge - INFO - Fast-tracked /app/data/T0015/315875/b34046x/arccore-315875/arch/ppc/mpc55xx/drivers/Can_Test.h (ext=.h, size=1253)
2026-02-05 18:40:50,591 - Knowledge - INFO - process ingested knowledge for /app/data/T0015/315875/b34046x/arccore-315875/arch/arm/arm_cm3/drivers/STM32F10x_StdPeriph_Driver/src/stm32f10x_bkp.c
2026-02-05 18:40:50,672 - Knowledge - INFO - process ingested knowledge for /app/data/T0015/315875/b34046x/arccore-315875/arch/arm/arm_cm3/drivers/Mcu.c
2026-02-05 18:40:50,763 - Knowledge - INFO - process ingested knowledge for /app/data/T0015/315875/b34046x/arccore-315875/arch/arm/arm_cm3/drivers/STM32F10x_StdPeriph_Driver/src/stm32f10x_iwdg.c
2026-02-05 18:40:51,083 - Knowledge - INFO - [LLM_CALL] Completed: stm32f10x_bkp.h:chunk1, Duration: 37453ms, PromptTokens: 5018, CompletionTokens: 284, Cost: $0.00062
2026-02-05 18:40:51,113 - Knowledge - INFO - Worker kw16 processing /app/data/T0015/315875/b34046x/arccore-315875/memory/Fee/Fee.c
2026-02-05 18:40:51,207 - Knowledge - INFO - Worker kw12 processing /app/data/T0015/315875/b34046x/arccore-315875/common/newlib_port.c
2026-02-05 18:40:51,278 - Knowledge - INFO - Worker kw2 processing /app/data/T0015/315875/b34046x/arccore-315875/common/tcf/Tcf_Cfg.h
2026-02-05 18:40:51,375 - Knowledge - INFO - Worker kw13 processing /app/data/T0015/315875/b34046x/arccore-315875/arch/ppc/mpc55xx/drivers/mpc5516.h
2026-02-05 18:40:51,570 - Knowledge - INFO - process ingested knowledge for /app/data/T0015/315875/b34046x/arccore-315875/arch/arm/arm_cm3/drivers/Port.c
2026-02-05 18:40:51,697 - Knowledge - INFO - done ingest for /app/data/T0015/315875/b34046x/arccore-315875/arch/arm/arm_cm3/drivers/STM32F10x_StdPeriph_Driver/inc/stm32f10x_bkp.h
2026-02-05 18:40:51,711 - Knowledge - INFO - process ingested knowledge for /app/data/T0015/315875/b34046x/arccore-315875/arch/arm/arm_cm3/drivers/STM32F10x_StdPeriph_Driver/src/stm32f10x_usart.c
2026-02-05 18:40:51,782 - Knowledge - INFO - Worker kw16 processing /app/data/T0015/315875/b34046x/arccore-315875/memory/Ea/Ea.c
2026-02-05 18:40:51,859 - Knowledge - INFO - Worker kw12 processing /app/data/T0015/315875/b34046x/arccore-315875/common/perf.c
2026-02-05 18:40:51,954 - Knowledge - INFO - Fast-tracked /app/data/T0015/315875/b34046x/arccore-315875/common/tcf/Tcf_Cfg.h (ext=.h, size=403)
2026-02-05 18:40:52,058 - Knowledge - INFO - Fast-tracked /app/data/T0015/315875/b34046x/arccore-315875/arch/ppc/mpc55xx/drivers/mpc5516.h (ext=.h, size=118835)
2026-02-05 18:40:52,160 - Knowledge - INFO - process ingested knowledge for /app/data/T0015/315875/b34046x/arccore-315875/arch/arm/arm_cm3/drivers/Fls.c
2026-02-05 18:40:52,359 - Knowledge - INFO - process ingested knowledge for /app/data/T0015/315875/b34046x/arccore-315875/arch/arm/arm_cm3/drivers/STM32F10x_StdPeriph_Driver/src/stm32f10x_gpio.c
2026-02-05 18:40:52,513 - Knowledge - INFO - Worker kw16 processing /app/data/T0015/315875/b34046x/arccore-315875/memory/MemIf/MemIf.c
2026-02-05 18:40:52,666 - Knowledge - INFO - Worker kw12 processing /app/data/T0015/315875/b34046x/arccore-315875/common/iar_port.c
2026-02-05 18:40:53,078 - Knowledge - INFO - Worker kw2 processing /app/data/T0015/315875/b34046x/arccore-315875/common/tcf/tcf.c
2026-02-05 18:40:53,201 - Knowledge - INFO - Worker kw13 processing /app/data/T0015/315875/b34046x/arccore-315875/arch/ppc/mpc55xx/drivers/timer_tb.c
2026-02-05 18:40:53,487 - Knowledge - INFO - process ingested knowledge for /app/data/T0015/315875/b34046x/arccore-315875/arch/arm/arm_cm3/drivers/Adc.c
2026-02-05 18:40:53,529 - Knowledge - INFO - process ingested knowledge for /app/data/T0015/315875/b34046x/arccore-315875/arch/arm/arm_cm3/drivers/STM32F10x_StdPeriph_Driver/src/stm32f10x_sdio.c
2026-02-05 18:40:53,610 - Knowledge - INFO - [WEBSOCKET] Sent: Type=progress_update, Size: 296, Duration: 0ms
2026-02-05 18:40:53,645 - Knowledge - INFO - Worker kw16 processing /app/data/T0015/315875/b34046x/arccore-315875/memory/NvM/NvM.c
2026-02-05 18:40:53,808 - Knowledge - INFO - Worker kw12 processing /app/data/T0015/315875/b34046x/arccore-315875/common/msl_port.c
2026-02-05 18:40:53,928 - Knowledge - INFO - Worker kw2 processing /app/data/T0015/315875/b34046x/arccore-315875/common/tcf/streams.h
2026-02-05 18:40:54,067 - Knowledge - INFO - Fast-tracked /app/data/T0015/315875/b34046x/arccore-315875/arch/ppc/mpc55xx/drivers/timer_tb.c (ext=.c, size=1980)
2026-02-05 18:40:54,149 - Knowledge - INFO - process ingested knowledge for /app/data/T0015/315875/b34046x/arccore-315875/arch/arm/arm_cm3/drivers/Pwm.c
2026-02-05 18:40:54,243 - Knowledge - INFO - process ingested knowledge for /app/data/T0015/315875/b34046x/arccore-315875/arch/arm/arm_cm3/drivers/STM32F10x_StdPeriph_Driver/inc/stm32f10x_cec.h
2026-02-05 18:40:54,373 - Knowledge - INFO - [WEBSOCKET] Sent: Type=unknown, Size: ?, Duration: 763ms
2026-02-05 18:40:54,564 - Knowledge - INFO - Worker kw16 processing /app/data/T0015/315875/b34046x/arccore-315875/memory/NvM/Nvm_ServiceComponent.c
2026-02-05 18:40:54,607 - Knowledge - INFO - Worker kw12 processing /app/data/T0015/315875/b34046x/arccore-315875/common/cirq_buffer.c
2026-02-05 18:40:54,690 - Knowledge - INFO - Fast-tracked /app/data/T0015/315875/b34046x/arccore-315875/common/tcf/streams.h (ext=.h, size=383)
2026-02-05 18:40:54,810 - Knowledge - INFO - Worker kw13 processing /app/data/T0015/315875/b34046x/arccore-315875/arch/ppc/mpc55xx/drivers/mpc5668.h
2026-02-05 18:40:54,916 - Knowledge - INFO - process ingested knowledge for /app/data/T0015/315875/b34046x/arccore-315875/arch/arm/arm_cm3/drivers/STM32F10x_StdPeriph_Driver/src/stm32f10x_crc.c
2026-02-05 18:40:55,005 - Knowledge - INFO - process ingested knowledge for /app/data/T0015/315875/b34046x/arccore-315875/arch/arm/arm_cm3/drivers/STM32F10x_StdPeriph_Driver/inc/stm32f10x_iwdg.h
2026-02-05 18:40:55,087 - Knowledge - INFO - Progress: 24.7% | Files: 268/1086 | Rate: 1.26 files/sec | Queue: 682
2026-02-05 18:40:55,087 - Knowledge - INFO - [LLM_CALL] Completed: stm32f10x_usart.h:chunk1, Duration: 61978ms, PromptTokens: 8960, CompletionTokens: 1235, Cost: $0.00139
2026-02-05 18:40:55,192 - Knowledge - INFO - Worker kw16 processing /app/data/T0015/315875/b34046x/arccore-315875/common/console.c
2026-02-05 18:40:55,259 - Knowledge - INFO - Worker kw12 processing /app/data/T0015/315875/b34046x/arccore-315875/common/shell.c
2026-02-05 18:40:55,336 - Knowledge - INFO - Worker kw2 processing /app/data/T0015/315875/b34046x/arccore-315875/common/tcf/Tcf_Cfg.c
2026-02-05 18:40:55,436 - Knowledge - INFO - Fast-tracked /app/data/T0015/315875/b34046x/arccore-315875/arch/ppc/mpc55xx/drivers/mpc5668.h (ext=.h, size=233787)
2026-02-05 18:40:55,752 - Knowledge - INFO - done ingest for /app/data/T0015/315875/b34046x/arccore-315875/arch/arm/arm_cm3/drivers/STM32F10x_StdPeriph_Driver/inc/stm32f10x_usart.h
2026-02-05 18:40:55,767 - Knowledge - INFO - [kw7] Queue=682, InProgress=0, PendingWorkers=20/20, Completed=268/1086 (24.7%)
2026-02-05 18:40:55,843 - Knowledge - INFO - Worker kw16 processing /app/data/T0015/315875/b34046x/arccore-315875/common/printf.c
2026-02-05 18:40:55,933 - Knowledge - INFO - Worker kw12 processing /app/data/T0015/315875/b34046x/arccore-315875/common/tcf/streams.c
2026-02-05 18:40:56,013 - Knowledge - INFO - Fast-tracked /app/data/T0015/315875/b34046x/arccore-315875/common/tcf/Tcf_Cfg.c (ext=.c, size=623)
2026-02-05 18:40:56,087 - Knowledge - INFO - Worker kw13 processing /app/data/T0015/315875/b34046x/arccore-315875/arch/ppc/mpc55xx/drivers/ip_flexcan.h
2026-02-05 18:40:56,369 - Knowledge - INFO - Batch sizing: calculated=8, max_allowed=10, queue=682, active_workers=20/20
2026-02-05 18:40:56,485 - Knowledge - INFO - Worker kw16 processing /app/data/T0015/315875/b34046x/arccore-315875/common/sleep.c
2026-02-05 18:40:56,625 - Knowledge - INFO - Worker kw12 processing /app/data/T0015/315875/b34046x/arccore-315875/common/tcf/sys_monitor.h
2026-02-05 18:40:56,714 - Knowledge - INFO - Worker kw2 processing /app/data/T0015/315875/b34046x/arccore-315875/common/tcf/tcf.h
2026-02-05 18:40:56,897 - Knowledge - INFO - Worker kw13 processing /app/data/T0015/315875/b34046x/arccore-315875/tools/t32/copy_to_install.sh
2026-02-05 18:40:57,099 - Knowledge - INFO - Fast-tracked /app/data/T0015/315875/b34046x/arccore-315875/common/sleep.c (ext=.c, size=1967)
2026-02-05 18:40:57,115 - Knowledge - INFO - Async storage completed for 10 embeddings
2026-02-05 18:40:57,180 - Knowledge - INFO - [LLM_CALL] Completed: stm32f10x_pwr.h:chunk1, Duration: 33976ms, PromptTokens: 3352, CompletionTokens: 748, Cost: $0.00063
2026-02-05 18:40:57,183 - Knowledge - INFO - Fast-tracked /app/data/T0015/315875/b34046x/arccore-315875/common/tcf/sys_monitor.h (ext=.h, size=330)
2026-02-05 18:40:57,281 - Knowledge - INFO - Worker kw2 processing /app/data/T0015/315875/b34046x/arccore-315875/common/tcf/sys_monitor.c
2026-02-05 18:40:57,384 - Knowledge - INFO - Fast-tracked /app/data/T0015/315875/b34046x/arccore-315875/tools/t32/copy_to_install.sh (ext=.sh, size=255)
2026-02-05 18:40:57,718 - Knowledge - INFO - done ingest for /app/data/T0015/315875/b34046x/arccore-315875/arch/arm/arm_cm3/drivers/STM32F10x_StdPeriph_Driver/inc/stm32f10x_pwr.h
2026-02-05 18:40:57,719 - Knowledge - INFO - Async storing batch of 8 embeddings
2026-02-05 18:40:57,786 - Knowledge - INFO - [kw5] Queue=674, InProgress=0, PendingWorkers=20/20, Completed=268/1086 (24.7%)
2026-02-05 18:40:57,812 - Knowledge - INFO - [kw19] Queue=674, InProgress=0, PendingWorkers=20/20, Completed=268/1086 (24.7%)
2026-02-05 18:40:57,870 - Knowledge - INFO - Worker kw2 processing /app/data/T0015/315875/b34046x/arccore-315875/common/xtoa.c
2026-02-05 18:40:58,184 - Knowledge - INFO - Worker kw7 processing /app/data/T0015/315875/b34046x/arccore-315875/common/ramlog.c
2026-02-05 18:40:58,285 - Knowledge - INFO - Batch sizing: calculated=8, max_allowed=10, queue=674, active_workers=20/20
2026-02-05 18:40:58,397 - Knowledge - INFO - Batch sizing: calculated=8, max_allowed=10, queue=674, active_workers=20/20
2026-02-05 18:40:58,528 - Knowledge - INFO - Worker kw2 processing /app/data/T0015/315875/b34046x/arccore-315875/common/strace.c
2026-02-05 18:40:58,670 - Knowledge - INFO - Worker kw7 processing /app/data/T0015/315875/b34046x/arccore-315875/common/mbox.c
2026-02-05 18:40:58,785 - Knowledge - INFO - Async storing batch of 8 embeddings
2026-02-05 18:40:58,860 - Knowledge - INFO - Async storing batch of 8 embeddings
2026-02-05 18:40:59,002 - Knowledge - INFO - Fast-tracked /app/data/T0015/315875/b34046x/arccore-315875/common/strace.c (ext=.c, size=1817)
2026-02-05 18:40:59,113 - Knowledge - INFO - Worker kw7 processing /app/data/T0015/315875/b34046x/arccore-315875/common/arc.c
2026-02-05 18:40:59,188 - Knowledge - INFO - Worker kw5 processing /app/data/T0015/315875/b34046x/arccore-315875/system/EcuM/EcuM_Callout_Stubs.c
2026-02-05 18:40:59,272 - Knowledge - INFO - Worker kw19 processing /app/data/T0015/315875/b34046x/arccore-315875/system/kernel/kernel_offset.c
2026-02-05 18:40:59,602 - Knowledge - INFO - Fast-tracked /app/data/T0015/315875/b34046x/arccore-315875/common/arc.c (ext=.c, size=996)
2026-02-05 18:40:59,659 - Knowledge - INFO - [LLM_CALL] Completed: stm32f10x_sdio.h:chunk1, Duration: 55066ms, PromptTokens: 12246, CompletionTokens: 980, Cost: $0.00162
2026-02-05 18:40:59,729 - Knowledge - INFO - Fast-tracked /app/data/T0015/315875/b34046x/arccore-315875/arch/ppc/mpc55xx/kernel/arch_stack.h (small file (0 bytes))
2026-02-05 18:40:59,733 - Knowledge - INFO - Worker kw5 processing /app/data/T0015/315875/b34046x/arccore-315875/system/EcuM/EcuM.c
2026-02-05 18:40:59,833 - Knowledge - INFO - Fast-tracked /app/data/T0015/315875/b34046x/arccore-315875/system/kernel/kernel_offset.c (ext=.c, size=1728)
2026-02-05 18:40:59,913 - Knowledge - INFO - Worker kw7 processing /app/data/T0015/315875/b34046x/arccore-315875/system/Crc/Crc_32.c
2026-02-05 18:40:59,986 - Knowledge - INFO - done ingest for /app/data/T0015/315875/b34046x/arccore-315875/arch/arm/arm_cm3/drivers/STM32F10x_StdPeriph_Driver/inc/stm32f10x_sdio.h
2026-02-05 18:41:00,225 - Knowledge - INFO - Worker kw5 processing /app/data/T0015/315875/b34046x/arccore-315875/system/EcuM/EcuM_Internals.h
2026-02-05 18:41:00,340 - Knowledge - INFO - Worker kw19 processing /app/data/T0015/315875/b34046x/arccore-315875/system/kernel/os_arctest.c
2026-02-05 18:41:00,443 - Knowledge - INFO - Worker kw7 processing /app/data/T0015/315875/b34046x/arccore-315875/system/Crc/Crc_16.c
2026-02-05 18:41:00,650 - Knowledge - INFO - Processing batch of 8 files
2026-02-05 18:41:00,652 - Knowledge - INFO - Worker kw5 processing /app/data/T0015/315875/b34046x/arccore-315875/system/EcuM/EcuM_Main.c
2026-02-05 18:41:00,721 - Knowledge - INFO - Fast-tracked /app/data/T0015/315875/b34046x/arccore-315875/system/kernel/os_arctest.c (ext=.c, size=1331)
2026-02-05 18:41:00,813 - Knowledge - INFO - Worker kw7 processing /app/data/T0015/315875/b34046x/arccore-315875/system/readme.txt
2026-02-05 18:41:00,882 - Knowledge - INFO - process ingested knowledge for /app/data/T0015/315875/b34046x/arccore-315875/arch/arm/arm_cm3/drivers/STM32F10x_StdPeriph_Driver/inc/stm32f10x_usart.h
2026-02-05 18:41:00,970 - Knowledge - INFO - Worker kw5 processing /app/data/T0015/315875/b34046x/arccore-315875/system/mm/mm.c
2026-02-05 18:41:01,126 - Knowledge - INFO - Worker kw19 processing /app/data/T0015/315875/b34046x/arccore-315875/system/kernel/asm_offset.c
2026-02-05 18:41:01,327 - Knowledge - INFO - Fast-tracked /app/data/T0015/315875/b34046x/arccore-315875/system/readme.txt (ext=.txt, size=90)
2026-02-05 18:41:01,416 - Knowledge - INFO - process ingested knowledge for /app/data/T0015/315875/b34046x/arccore-315875/arch/arm/arm_cm3/drivers/STM32F10x_StdPeriph_Driver/inc/stm32f10x_gpio.h
2026-02-05 18:41:01,510 - Knowledge - INFO - Fast-tracked /app/data/T0015/315875/b34046x/arccore-315875/system/mm/mm.c (ext=.c, size=1084)
2026-02-05 18:41:01,618 - Knowledge - INFO - Fast-tracked /app/data/T0015/315875/b34046x/arccore-315875/arch/ppc/mpc55xx/drivers/mpc563m_vars.h (small file (2558 bytes))
2026-02-05 18:41:01,632 - Knowledge - INFO - Worker kw19 processing /app/data/T0015/315875/b34046x/arccore-315875/system/kernel/include/arch.h
2026-02-05 18:41:01,751 - Knowledge - INFO - Worker kw7 processing /app/data/T0015/315875/b34046x/arccore-315875/system/EcuM/EcuM_Generated_Types.h
2026-02-05 18:41:01,840 - Knowledge - INFO - process ingested knowledge for /app/data/T0015/315875/b34046x/arccore-315875/arch/arm/arm_cm3/drivers/STM32F10x_StdPeriph_Driver/inc/stm32f10x_sdio.h
2026-02-05 18:41:01,942 - Knowledge - INFO - Worker kw5 processing /app/data/T0015/315875/b34046x/arccore-315875/system/IoHwAb/IoHwAb_ServiceComponent.c
2026-02-05 18:41:02,163 - Knowledge - INFO - Worker kw19 processing /app/data/T0015/315875/b34046x/arccore-315875/system/kernel/include/sched_table_i.h
2026-02-05 18:41:02,285 - Knowledge - INFO - Worker kw7 processing /app/data/T0015/315875/b34046x/arccore-315875/system/EcuM/EcuM_ServiceComponent.c
2026-02-05 18:41:02,382 - Knowledge - INFO - process ingested knowledge for /app/data/T0015/315875/b34046x/arccore-315875/arch/arm/arm_cm3/drivers/STM32F10x_StdPeriph_Driver/inc/misc.h
2026-02-05 18:41:02,468 - Knowledge - INFO - Worker kw5 processing /app/data/T0015/315875/b34046x/arccore-315875/system/WdgIf/WdgIf.c
2026-02-05 18:41:02,556 - Knowledge - INFO - Worker kw19 processing /app/data/T0015/315875/b34046x/arccore-315875/system/kernel/include/application.h
2026-02-05 18:41:02,716 - Knowledge - INFO - process ingested knowledge for /app/data/T0015/315875/b34046x/arccore-315875/arch/arm/arm_cm3/drivers/STM32F10x_StdPeriph_Driver/inc/stm32f10x_bkp.h
2026-02-05 18:41:02,833 - Knowledge - INFO - Worker kw5 processing /app/data/T0015/315875/b34046x/arccore-315875/system/kernel/design_notes.txt
2026-02-05 18:41:02,934 - Knowledge - INFO - Worker kw19 processing /app/data/T0015/315875/b34046x/arccore-315875/system/kernel/include/hooks.h
2026-02-05 18:41:02,943 - Knowledge - INFO - Fast-tracked /app/data/T0015/315875/b34046x/arccore-315875/arch/ppc/mpc55xx/drivers/Mcu.c (small file (0 bytes))
2026-02-05 18:41:03,035 - Knowledge - INFO - process ingested knowledge for /app/data/T0015/315875/b34046x/arccore-315875/arch/arm/arm_cm3/drivers/STM32F10x_StdPeriph_Driver/inc/stm32f10x_wwdg.h
2026-02-05 18:41:03,176 - Knowledge - INFO - Fast-tracked /app/data/T0015/315875/b34046x/arccore-315875/system/kernel/design_notes.txt (ext=.txt, size=4585)
2026-02-05 18:41:03,283 - Knowledge - INFO - Fast-tracked /app/data/T0015/315875/b34046x/arccore-315875/system/kernel/include/hooks.h (ext=.h, size=866)
2026-02-05 18:41:03,507 - Knowledge - INFO - process ingested knowledge for /app/data/T0015/315875/b34046x/arccore-315875/arch/arm/arm_cm3/drivers/STM32F10x_StdPeriph_Driver/inc/stm32f10x_fsmc.h
2026-02-05 18:41:03,730 - Knowledge - INFO - Worker kw19 processing /app/data/T0015/315875/b34046x/arccore-315875/system/kernel/include/resource_i.h
2026-02-05 18:41:03,845 - Knowledge - INFO - process ingested knowledge for /app/data/T0015/315875/b34046x/arccore-315875/arch/arm/arm_cm3/drivers/STM32F10x_StdPeriph_Driver/inc/stm32f10x_pwr.h
2026-02-05 18:41:03,954 - Knowledge - INFO - Fast-tracked /app/data/T0015/315875/b34046x/arccore-315875/system/kernel/asm_offset.c (small file (2098 bytes))
2026-02-05 18:41:04,576 - Knowledge - INFO - Async storage completed for 10 embeddings
2026-02-05 18:41:05,017 - Knowledge - INFO - [kw20] Queue=658, InProgress=0, PendingWorkers=20/20, Completed=276/1086 (25.4%)
2026-02-05 18:41:05,321 - Knowledge - INFO - Batch sizing: calculated=8, max_allowed=10, queue=658, active_workers=20/20
2026-02-05 18:41:05,632 - Knowledge - INFO - Async storing batch of 8 embeddings
2026-02-05 18:41:05,836 - Knowledge - INFO - Worker kw20 processing /app/data/T0015/315875/b34046x/arccore-315875/system/kernel/include/counter_i.h
2026-02-05 18:41:05,996 - Knowledge - INFO - Worker kw20 processing /app/data/T0015/315875/b34046x/arccore-315875/system/kernel/include/swap.h
2026-02-05 18:41:06,155 - Knowledge - INFO - Fast-tracked /app/data/T0015/315875/b34046x/arccore-315875/system/kernel/include/swap.h (ext=.h, size=836)
2026-02-05 18:41:06,346 - Knowledge - INFO - Worker kw20 processing /app/data/T0015/315875/b34046x/arccore-315875/system/kernel/include/task_i.h
2026-02-05 18:41:06,504 - Knowledge - INFO - Worker kw20 processing /app/data/T0015/315875/b34046x/arccore-315875/system/kernel/include/sys.h
2026-02-05 18:41:06,661 - Knowledge - INFO - Worker kw20 processing /app/data/T0015/315875/b34046x/arccore-315875/system/kernel/include/internal.h
2026-02-05 18:41:06,877 - Knowledge - INFO - Worker kw20 processing /app/data/T0015/315875/b34046x/arccore-315875/system/kernel/include/types.h
2026-02-05 18:41:07,089 - Knowledge - INFO - Fast-tracked /app/data/T0015/315875/b34046x/arccore-315875/system/kernel/include/types.h (ext=.h, size=1341)
2026-02-05 18:41:07,409 - Knowledge - INFO - Worker kw20 processing /app/data/T0015/315875/b34046x/arccore-315875/system/kernel/include/alarm_i.h
2026-02-05 18:41:07,696 - Knowledge - INFO - Worker kw20 processing /app/data/T0015/315875/b34046x/arccore-315875/system/kernel/include/kernel.h
2026-02-05 18:41:07,861 - Knowledge - INFO - Fast-tracked /app/data/T0015/315875/b34046x/arccore-315875/system/kernel/include/kernel.h (ext=.h, size=1074)
2026-02-05 18:41:08,687 - Knowledge - INFO - Fast-tracked /app/data/T0015/315875/b34046x/arccore-315875/common/tcf/tcf.h (small file (2907 bytes))
2026-02-05 18:41:12,365 - Knowledge - INFO - Async storage completed for 8 embeddings
2026-02-05 18:41:14,043 - Knowledge - INFO - Fast-tracked /app/data/T0015/315875/b34046x/arccore-315875/arch/ppc/mpc55xx/drivers/Cpu.c (small file (2348 bytes))
2026-02-05 18:41:15,828 - Knowledge - INFO - [LLM_CALL] Completed: Wdg.c:chunk1, Duration: 51995ms, PromptTokens: 3654, CompletionTokens: 624, Cost: $0.00061
2026-02-05 18:41:16,006 - Knowledge - INFO - done ingest for /app/data/T0015/315875/b34046x/arccore-315875/arch/arm/arm_cm3/drivers/Wdg.c
2026-02-05 18:41:18,716 - Knowledge - INFO - [LLM_CALL] Completed: irq_types.h:chunk1, Duration: 20921ms, PromptTokens: 4676, CompletionTokens: 767, Cost: $0.00077
2026-02-05 18:41:19,073 - Knowledge - INFO - done ingest for /app/data/T0015/315875/b34046x/arccore-315875/arch/hc1x/hcs12d/kernel/irq_types.h
2026-02-05 18:41:19,964 - Knowledge - INFO - [LLM_CALL] Completed: stm32f10x_rtc.h:chunk1, Duration: 74207ms, PromptTokens: 2894, CompletionTokens: 652, Cost: $0.00055
2026-02-05 18:41:20,247 - Knowledge - INFO - done ingest for /app/data/T0015/315875/b34046x/arccore-315875/arch/arm/arm_cm3/drivers/STM32F10x_StdPeriph_Driver/inc/stm32f10x_rtc.h
2026-02-05 18:41:20,407 - Knowledge - INFO - [LLM_CALL] Completed: crt0_iar.s:chunk1, Duration: 37500ms, PromptTokens: 5874, CompletionTokens: 695, Cost: $0.00087
2026-02-05 18:41:20,637 - Knowledge - INFO - done ingest for /app/data/T0015/315875/b34046x/arccore-315875/arch/hc1x/hcs12d/kernel/crt0_iar.s
2026-02-05 18:41:21,668 - Knowledge - INFO - [LLM_CALL] Completed: irq.c:chunk1, Duration: 31313ms, PromptTokens: 3678, CompletionTokens: 397, Cost: $0.00053
2026-02-05 18:41:21,881 - Knowledge - INFO - done ingest for /app/data/T0015/315875/b34046x/arccore-315875/arch/hc1x/hcs12d/kernel/irq.c
2026-02-05 18:41:21,933 - Knowledge - INFO - [LLM_CALL] Completed: stm32f10x_spi.h:chunk1, Duration: 68303ms, PromptTokens: 10430, CompletionTokens: 541, Cost: $0.00126
2026-02-05 18:41:22,141 - Knowledge - INFO - done ingest for /app/data/T0015/315875/b34046x/arccore-315875/arch/arm/arm_cm3/drivers/STM32F10x_StdPeriph_Driver/inc/stm32f10x_spi.h
2026-02-05 18:41:22,186 - Knowledge - INFO - Processing batch of 8 files
2026-02-05 18:41:22,247 - Knowledge - INFO - Async storage completed for 10 embeddings
2026-02-05 18:41:22,406 - Knowledge - INFO - process ingested knowledge for /app/data/T0015/315875/b34046x/arccore-315875/arch/arm/arm_cm3/drivers/Wdg.c
2026-02-05 18:41:22,693 - Knowledge - INFO - process ingested knowledge for /app/data/T0015/315875/b34046x/arccore-315875/arch/hc1x/hcs12d/scripts/gcc.mk
2026-02-05 18:41:23,005 - Knowledge - INFO - process ingested knowledge for /app/data/T0015/315875/b34046x/arccore-315875/arch/hc1x/hcs12d/kernel/stdint.h
2026-02-05 18:41:23,220 - Knowledge - INFO - process ingested knowledge for /app/data/T0015/315875/b34046x/arccore-315875/arch/hc1x/hcs12d/kernel/sys_tick.c
2026-02-05 18:41:23,517 - Knowledge - INFO - process ingested knowledge for /app/data/T0015/315875/b34046x/arccore-315875/arch/hc1x/hcs12d/kernel/irq_types.h
2026-02-05 18:41:23,938 - Knowledge - INFO - process ingested knowledge for /app/data/T0015/315875/b34046x/arccore-315875/arch/hc1x/hcs12d/kernel/crt0_gcc.s
2026-02-05 18:41:24,123 - Knowledge - INFO - process ingested knowledge for /app/data/T0015/315875/b34046x/arccore-315875/arch/hc1x/hcs12d/kernel/crt0_iar.s
2026-02-05 18:41:24,317 - Knowledge - INFO - process ingested knowledge for /app/data/T0015/315875/b34046x/arccore-315875/arch/hc1x/hcs12d/kernel/irq.c
2026-02-05 18:41:24,744 - Knowledge - INFO - Fast-tracked /app/data/T0015/315875/b34046x/arccore-315875/arch/ppc/mpc55xx/drivers/LinFlex.c (small file (0 bytes))
2026-02-05 18:41:25,165 - Knowledge - INFO - Fast-tracked /app/data/T0015/315875/b34046x/arccore-315875/common/mbox.c (small file (2330 bytes))
2026-02-05 18:41:25,945 - Knowledge - INFO - [LLM_CALL] Completed: stm32f10x_dac.h:chunk1, Duration: 65417ms, PromptTokens: 8078, CompletionTokens: 849, Cost: $0.00115
2026-02-05 18:41:26,109 - Knowledge - INFO - done ingest for /app/data/T0015/315875/b34046x/arccore-315875/arch/arm/arm_cm3/drivers/STM32F10x_StdPeriph_Driver/inc/stm32f10x_dac.h
2026-02-05 18:41:27,169 - Knowledge - INFO - [kw9] Queue=650, InProgress=0, PendingWorkers=20/20, Completed=284/1086 (26.2%)
2026-02-05 18:41:27,417 - Knowledge - INFO - Batch sizing: calculated=8, max_allowed=10, queue=650, active_workers=20/20
2026-02-05 18:41:27,680 - Knowledge - INFO - Async storing batch of 8 embeddings
2026-02-05 18:41:28,189 - Knowledge - INFO - Worker kw9 processing /app/data/T0015/315875/b34046x/arccore-315875/system/kernel/task.c
2026-02-05 18:41:28,261 - Knowledge - INFO - Fast-tracked /app/data/T0015/315875/b34046x/arccore-315875/arch/ppc/mpc55xx/drivers/timer_rtc.c (small file (2168 bytes))
2026-02-05 18:41:28,472 - Knowledge - INFO - Worker kw9 processing /app/data/T0015/315875/b34046x/arccore-315875/system/kernel/trusted.c
2026-02-05 18:41:28,714 - Knowledge - INFO - Fast-tracked /app/data/T0015/315875/b34046x/arccore-315875/system/kernel/trusted.c (ext=.c, size=1663)
2026-02-05 18:41:28,918 - Knowledge - INFO - Worker kw9 processing /app/data/T0015/315875/b34046x/arccore-315875/system/kernel/memory.c
2026-02-05 18:41:29,154 - Knowledge - INFO - Fast-tracked /app/data/T0015/315875/b34046x/arccore-315875/system/kernel/memory.c (ext=.c, size=893)
2026-02-05 18:41:29,634 - Knowledge - INFO - Worker kw9 processing /app/data/T0015/315875/b34046x/arccore-315875/system/kernel/sleep.c
2026-02-05 18:41:29,887 - Knowledge - INFO - Fast-tracked /app/data/T0015/315875/b34046x/arccore-315875/system/kernel/sleep.c (ext=.c, size=1636)
2026-02-05 18:41:30,159 - Knowledge - INFO - Worker kw9 processing /app/data/T0015/315875/b34046x/arccore-315875/system/kernel/alarm.c
2026-02-05 18:41:30,511 - Knowledge - INFO - Worker kw9 processing /app/data/T0015/315875/b34046x/arccore-315875/system/kernel/counter.c
2026-02-05 18:41:30,544 - Knowledge - INFO - Fast-tracked /app/data/T0015/315875/b34046x/arccore-315875/arch/ppc/mpc55xx/drivers/Lin.c (small file (0 bytes))
2026-02-05 18:41:30,852 - Knowledge - INFO - Worker kw9 processing /app/data/T0015/315875/b34046x/arccore-315875/system/kernel/resource.c
2026-02-05 18:41:31,048 - Knowledge - INFO - Fast-tracked /app/data/T0015/315875/b34046x/arccore-315875/arch/ppc/mpc55xx/drivers/flash.h (small file (2212 bytes))
2026-02-05 18:41:31,138 - Knowledge - INFO - Worker kw9 processing /app/data/T0015/315875/b34046x/arccore-315875/system/kernel/application.c
2026-02-05 18:41:32,726 - Knowledge - INFO - Fast-tracked /app/data/T0015/315875/b34046x/arccore-315875/common/xtoa.c (small file (2319 bytes))
2026-02-05 18:41:33,251 - Knowledge - INFO - Async storage completed for 8 embeddings
2026-02-05 18:41:33,713 - Knowledge - INFO - [LLM_CALL] Completed: Can.c:chunk1, Duration: 54507ms, PromptTokens: 20136, CompletionTokens: 777, Cost: $0.00232
2026-02-05 18:41:33,996 - Knowledge - INFO - done ingest for /app/data/T0015/315875/b34046x/arccore-315875/arch/hc1x/hcs12d/drivers/Can.c
2026-02-05 18:41:34,697 - Knowledge - INFO - done ingest for /app/data/T0015/315875/b34046x/arccore-315875/arch/generic/linux/kernel/irq_types.h
2026-02-05 18:41:37,453 - Knowledge - INFO - [LLM_CALL] Completed: stm32f10x_i2c.h:chunk1, Duration: 50930ms, PromptTokens: 16566, CompletionTokens: 1078, Cost: $0.00209
2026-02-05 18:41:37,905 - Knowledge - INFO - done ingest for /app/data/T0015/315875/b34046x/arccore-315875/arch/arm/arm_cm3/drivers/STM32F10x_StdPeriph_Driver/inc/stm32f10x_i2c.h
2026-02-05 18:41:41,208 - Knowledge - INFO - [LLM_CALL] Completed: sys_monitor.c:chunk1, Duration: 32331ms, PromptTokens: 3024, CompletionTokens: 373, Cost: $0.00045
2026-02-05 18:41:41,444 - Knowledge - INFO - done ingest for /app/data/T0015/315875/b34046x/arccore-315875/common/tcf/sys_monitor.c
2026-02-05 18:41:45,385 - Knowledge - INFO - Fast-tracked /app/data/T0015/315875/b34046x/arccore-315875/common/iar_port.c (small file (2240 bytes))
2026-02-05 18:41:45,415 - Knowledge - INFO - [LLM_CALL] Completed: stm32f10x_flash.h:chunk1, Duration: 67816ms, PromptTokens: 12998, CompletionTokens: 1471, Cost: $0.00189
2026-02-05 18:41:45,843 - Knowledge - INFO - Fast-tracked /app/data/T0015/315875/b34046x/arccore-315875/common/msl_port.c (small file (2414 bytes))
2026-02-05 18:41:45,898 - Knowledge - INFO - done ingest for /app/data/T0015/315875/b34046x/arccore-315875/arch/arm/arm_cm3/drivers/STM32F10x_StdPeriph_Driver/inc/stm32f10x_flash.h
2026-02-05 18:41:46,933 - Knowledge - INFO - Fast-tracked /app/data/T0015/315875/b34046x/arccore-315875/arch/ppc/mpc55xx/drivers/Can.c (small file (0 bytes))
2026-02-05 18:41:47,312 - Knowledge - INFO - Fast-tracked /app/data/T0015/315875/b34046x/arccore-315875/system/EcuM/EcuM_Internals.h (small file (2936 bytes))
2026-02-05 18:41:48,117 - Knowledge - INFO - [LLM_CALL] Completed: arch_offset.c:chunk1, Duration: 48016ms, PromptTokens: 4806, CompletionTokens: 925, Cost: $0.00085
2026-02-05 18:41:48,484 - Knowledge - INFO - done ingest for /app/data/T0015/315875/b34046x/arccore-315875/arch/ppc/mpc55xx/kernel/arch_offset.c
2026-02-05 18:41:50,000 - Knowledge - INFO - [LLM_CALL] Completed: stm32f10x_rcc.h:chunk1, Duration: 80992ms, PromptTokens: 19664, CompletionTokens: 1509, Cost: $0.00257
2026-02-05 18:41:50,330 - Knowledge - INFO - done ingest for /app/data/T0015/315875/b34046x/arccore-315875/arch/arm/arm_cm3/drivers/STM32F10x_StdPeriph_Driver/inc/stm32f10x_rcc.h
2026-02-05 18:41:51,224 - Knowledge - INFO - Fast-tracked /app/data/T0015/315875/b34046x/arccore-315875/memory/MemIf/MemIf.c (small file (1998 bytes))
2026-02-05 18:41:52,211 - Knowledge - INFO - [LLM_CALL] Completed: tcf.c:chunk1, Duration: 52656ms, PromptTokens: 4674, CompletionTokens: 756, Cost: $0.00077
2026-02-05 18:41:52,450 - Knowledge - INFO - done ingest for /app/data/T0015/315875/b34046x/arccore-315875/common/tcf/tcf.c
2026-02-05 18:41:52,480 - Knowledge - INFO - [LLM_CALL] Completed: regs_hcs12xd.h:chunk1, Duration: 83473ms, PromptTokens: 28716, CompletionTokens: 2136, Cost: $0.00373
2026-02-05 18:41:53,149 - Knowledge - INFO - done ingest for /app/data/T0015/315875/b34046x/arccore-315875/arch/hc1x/hcs12d/drivers/regs_hcs12xd.h
2026-02-05 18:41:53,279 - Knowledge - INFO - done ingest for /app/data/T0015/315875/b34046x/arccore-315875/arch/ppc/mpc55xx/kernel/irq_types.h
2026-02-05 18:41:53,953 - Knowledge - INFO - [LLM_CALL] Completed: stm32f10x_adc.h:chunk1, Duration: 90699ms, PromptTokens: 11654, CompletionTokens: 2247, Cost: $0.00206
2026-02-05 18:41:54,059 - Knowledge - INFO - Async storage completed for 8 embeddings
2026-02-05 18:41:54,198 - Knowledge - INFO - done ingest for /app/data/T0015/315875/b34046x/arccore-315875/arch/arm/arm_cm3/drivers/STM32F10x_StdPeriph_Driver/inc/stm32f10x_adc.h
2026-02-05 18:41:54,219 - Knowledge - INFO - Processing batch of 8 files
2026-02-05 18:41:54,485 - Knowledge - INFO - [LLM_CALL] Completed: ssd_c90fl.h:chunk1, Duration: 83043ms, PromptTokens: 9952, CompletionTokens: 537, Cost: $0.00121
2026-02-05 18:41:54,685 - Knowledge - INFO - process ingested knowledge for /app/data/T0015/315875/b34046x/arccore-315875/common/tcf/Tcf_Cfg.h
2026-02-05 18:41:54,729 - Knowledge - WARNING - Timeout processing /app/data/T0015/315875/b34046x/arccore-315875/arch/hc1x/hcs12d/drivers/Gpt.c after 90s - using fallback metadata
2026-02-05 18:41:54,830 - Knowledge - INFO - done ingest for /app/data/T0015/315875/b34046x/arccore-315875/arch/ppc/mpc55xx/delivery/mpc5500_h7f/include/ssd_c90fl.h
2026-02-05 18:41:54,832 - Knowledge - INFO - [LLM_CALL] Completed: regs_hcs12d.h:chunk1, Duration: 66661ms, PromptTokens: 29266, CompletionTokens: 1922, Cost: $0.00370
2026-02-05 18:41:54,934 - Knowledge - INFO - process ingested knowledge for /app/data/T0015/315875/b34046x/arccore-315875/common/tcf/tcf.c
2026-02-05 18:41:55,010 - Knowledge - WARNING - Timeout processing /app/data/T0015/315875/b34046x/arccore-315875/arch/hc1x/hcs12d/drivers/Mcu.c after 90s - using fallback metadata
2026-02-05 18:41:55,298 - Knowledge - INFO - done ingest for /app/data/T0015/315875/b34046x/arccore-315875/arch/hc1x/hcs12d/drivers/regs_hcs12d.h
2026-02-05 18:41:55,301 - Knowledge - INFO - [LLM_CALL] Completed: mpc5xxx_handlers.c:chunk1, Duration: 64947ms, PromptTokens: 5022, CompletionTokens: 500, Cost: $0.00070
2026-02-05 18:41:55,410 - Knowledge - INFO - process ingested knowledge for /app/data/T0015/315875/b34046x/arccore-315875/common/tcf/streams.h
2026-02-05 18:41:55,487 - Knowledge - WARNING - Timeout processing /app/data/T0015/315875/b34046x/arccore-315875/arch/hc1x/hcs12d/drivers/Port.c after 90s - using fallback metadata
2026-02-05 18:41:55,658 - Knowledge - INFO - done ingest for /app/data/T0015/315875/b34046x/arccore-315875/arch/ppc/mpc55xx/kernel/mpc5xxx_handlers.c
2026-02-05 18:41:55,739 - Knowledge - INFO - Processing batch of 8 files
2026-02-05 18:41:55,739 - Knowledge - INFO - process ingested knowledge for /app/data/T0015/315875/b34046x/arccore-315875/common/tcf/Tcf_Cfg.c
2026-02-05 18:41:55,784 - Knowledge - INFO - Processing batch of 8 files
2026-02-05 18:41:55,835 - Knowledge - WARNING - Timeout processing /app/data/T0015/315875/b34046x/arccore-315875/arch/hc1x/hcs12d/drivers/Adc.c after 90s - using fallback metadata
2026-02-05 18:41:56,011 - Knowledge - INFO - Processing batch of 8 files
2026-02-05 18:41:56,036 - Knowledge - INFO - process ingested knowledge for /app/data/T0015/315875/b34046x/arccore-315875/arch/arm/arm_cm3/drivers/STM32F10x_StdPeriph_Driver/inc/stm32f10x_rtc.h
2026-02-05 18:41:56,113 - Knowledge - INFO - process ingested knowledge for /app/data/T0015/315875/b34046x/arccore-315875/common/tcf/tcf.h
2026-02-05 18:41:56,223 - Knowledge - INFO - process ingested knowledge for /app/data/T0015/315875/b34046x/arccore-315875/arch/hc1x/hcs12d/drivers/regs_hcs12xd.h
2026-02-05 18:41:56,326 - Knowledge - WARNING - Timeout processing /app/data/T0015/315875/b34046x/arccore-315875/arch/hc1x/hcs12d/drivers/Pwm.c after 90s - using fallback metadata
2026-02-05 18:41:56,408 - Knowledge - INFO - process ingested knowledge for /app/data/T0015/315875/b34046x/arccore-315875/arch/ppc/mpc55xx/delivery/mpc5500_h7f/include/ssd_c90fl.h
2026-02-05 18:41:56,505 - Knowledge - INFO - process ingested knowledge for /app/data/T0015/315875/b34046x/arccore-315875/arch/arm/arm_cm3/drivers/STM32F10x_StdPeriph_Driver/inc/stm32f10x_spi.h
2026-02-05 18:41:56,631 - Knowledge - INFO - process ingested knowledge for /app/data/T0015/315875/b34046x/arccore-315875/common/tcf/sys_monitor.c
2026-02-05 18:41:56,726 - Knowledge - INFO - process ingested knowledge for /app/data/T0015/315875/b34046x/arccore-315875/arch/hc1x/hcs12d/drivers/Can.c
2026-02-05 18:41:56,820 - Knowledge - WARNING - Timeout processing /app/data/T0015/315875/b34046x/arccore-315875/arch/hc1x/hcs12d/drivers/Dio.c after 90s - using fallback metadata
2026-02-05 18:41:56,890 - Knowledge - INFO - process ingested knowledge for /app/data/T0015/315875/b34046x/arccore-315875/arch/ppc/mpc55xx/mm/mm.h
2026-02-05 18:41:56,987 - Knowledge - INFO - process ingested knowledge for /app/data/T0015/315875/b34046x/arccore-315875/arch/arm/arm_cm3/drivers/STM32F10x_StdPeriph_Driver/inc/stm32f10x_crc.h
2026-02-05 18:41:57,058 - Knowledge - INFO - process ingested knowledge for /app/data/T0015/315875/b34046x/arccore-315875/common/xtoa.c
2026-02-05 18:41:57,132 - Knowledge - INFO - process ingested knowledge for /app/data/T0015/315875/b34046x/arccore-315875/arch/hc1x/hcs12d/drivers/regs_hcs12d.h
2026-02-05 18:41:57,180 - Knowledge - INFO - Async storage completed for 8 embeddings
2026-02-05 18:41:57,344 - Knowledge - INFO - Processing batch of 8 files
2026-02-05 18:41:57,362 - Knowledge - INFO - process ingested knowledge for /app/data/T0015/315875/b34046x/arccore-315875/arch/ppc/mpc55xx/mm/cache.c
2026-02-05 18:41:57,450 - Knowledge - INFO - process ingested knowledge for /app/data/T0015/315875/b34046x/arccore-315875/arch/arm/arm_cm3/drivers/STM32F10x_StdPeriph_Driver/inc/stm32f10x_dac.h
2026-02-05 18:41:57,530 - Knowledge - INFO - process ingested knowledge for /app/data/T0015/315875/b34046x/arccore-315875/common/strace.c
2026-02-05 18:41:57,598 - Knowledge - INFO - process ingested knowledge for /app/data/T0015/315875/b34046x/arccore-315875/arch/generic/linux/kernel/sys_tick.c
2026-02-05 18:41:57,797 - Knowledge - INFO - process ingested knowledge for /app/data/T0015/315875/b34046x/arccore-315875/arch/hc1x/hcs12d/kernel/context.h
2026-02-05 18:41:57,871 - Knowledge - INFO - process ingested knowledge for /app/data/T0015/315875/b34046x/arccore-315875/arch/ppc/mpc55xx/mm/mm.c
2026-02-05 18:41:57,926 - Knowledge - INFO - Async storage completed for 8 embeddings
2026-02-05 18:41:57,981 - Knowledge - INFO - process ingested knowledge for /app/data/T0015/315875/b34046x/arccore-315875/arch/arm/arm_cm3/drivers/STM32F10x_StdPeriph_Driver/inc/stm32f10x_adc.h
2026-02-05 18:41:58,167 - Knowledge - INFO - process ingested knowledge for /app/data/T0015/315875/b34046x/arccore-315875/arch/generic/linux/kernel/irq_types.h
2026-02-05 18:41:58,229 - Knowledge - INFO - Fast-tracked /app/data/T0015/315875/b34046x/arccore-315875/system/kernel/include/application.h (small file (0 bytes))
2026-02-05 18:41:58,342 - Knowledge - INFO - process ingested knowledge for /app/data/T0015/315875/b34046x/arccore-315875/arch/ppc/mpc55xx/kernel/irq_types.h
2026-02-05 18:41:58,342 - Knowledge - INFO - process ingested knowledge for /app/data/T0015/315875/b34046x/arccore-315875/arch/hc1x/hcs12d/kernel/arch.c
2026-02-05 18:41:58,451 - Knowledge - WARNING - Timeout processing /app/data/T0015/315875/b34046x/arccore-315875/arch/ppc/mpc55xx/kernel/irq.c after 90s - using fallback metadata
2026-02-05 18:41:58,561 - Knowledge - INFO - process ingested knowledge for /app/data/T0015/315875/b34046x/arccore-315875/arch/arm/arm_cm3/drivers/STM32F10x_StdPeriph_Driver/inc/stm32f10x_rcc.h
2026-02-05 18:41:58,582 - Knowledge - INFO - process ingested knowledge for /app/data/T0015/315875/b34046x/arccore-315875/arch/generic/linux/kernel/irq.c
2026-02-05 18:41:58,697 - Knowledge - INFO - Fast-tracked /app/data/T0015/315875/b34046x/arccore-315875/system/kernel/include/resource_i.h (small file (2588 bytes))
2026-02-05 18:41:58,797 - Knowledge - INFO - process ingested knowledge for /app/data/T0015/315875/b34046x/arccore-315875/arch/ppc/mpc55xx/kernel/mpc5xxx_handlers.c
2026-02-05 18:41:58,946 - Knowledge - WARNING - Timeout processing /app/data/T0015/315875/b34046x/arccore-315875/arch/ppc/mpc55xx/kernel/arch.c after 90s - using fallback metadata
2026-02-05 18:41:58,976 - Knowledge - INFO - process ingested knowledge for /app/data/T0015/315875/b34046x/arccore-315875/arch/hc1x/hcs12d/drivers/Gpt.c
2026-02-05 18:41:59,146 - Knowledge - INFO - process ingested knowledge for /app/data/T0015/315875/b34046x/arccore-315875/arch/arm/arm_cm3/drivers/STM32F10x_StdPeriph_Driver/inc/stm32f10x_flash.h
2026-02-05 18:41:59,146 - Knowledge - INFO - process ingested knowledge for /app/data/T0015/315875/b34046x/arccore-315875/arch/generic/linux/kernel/arch.c
2026-02-05 18:41:59,223 - Knowledge - INFO - Async storage completed for 8 embeddings
2026-02-05 18:41:59,311 - Knowledge - INFO - process ingested knowledge for /app/data/T0015/315875/b34046x/arccore-315875/arch/ppc/mpc55xx/kernel/arch_stack.h
2026-02-05 18:41:59,510 - Knowledge - WARNING - Timeout processing /app/data/T0015/315875/b34046x/arccore-315875/arch/ppc/mpc55xx/drivers/ip_adc_mpc56xx.h after 90s - using fallback metadata
2026-02-05 18:41:59,560 - Knowledge - INFO - process ingested knowledge for /app/data/T0015/315875/b34046x/arccore-315875/arch/hc1x/hcs12d/drivers/Mcu.c
2026-02-05 18:41:59,584 - Knowledge - INFO - [WEBSOCKET] Sent: Type=progress_update, Size: 294, Duration: 0ms
2026-02-05 18:41:59,661 - Knowledge - INFO - process ingested knowledge for /app/data/T0015/315875/b34046x/arccore-315875/arch/arm/arm_cm3/drivers/STM32F10x_StdPeriph_Driver/inc/stm32f10x_i2c.h
2026-02-05 18:41:59,771 - Knowledge - INFO - process ingested knowledge for /app/data/T0015/315875/b34046x/arccore-315875/arch/generic/linux/drivers/Mcu.c
2026-02-05 18:41:59,962 - Knowledge - INFO - process ingested knowledge for /app/data/T0015/315875/b34046x/arccore-315875/arch/ppc/mpc55xx/kernel/arch_offset.c
2026-02-05 18:42:00,166 - Knowledge - INFO - process ingested knowledge for /app/data/T0015/315875/b34046x/arccore-315875/arch/hc1x/hcs12d/drivers/Port.c
2026-02-05 18:42:00,287 - Knowledge - INFO - [WEBSOCKET] Sent: Type=unknown, Size: ?, Duration: 703ms
2026-02-05 18:42:00,801 - Knowledge - INFO - Progress: 29.8% | Files: 324/1086 | Rate: 1.17 files/sec | Queue: 642
2026-02-05 18:42:00,878 - Knowledge - INFO - process ingested knowledge for /app/data/T0015/315875/b34046x/arccore-315875/arch/hc1x/hcs12d/drivers/Adc.c
2026-02-05 18:42:01,187 - Knowledge - INFO - [kw2] Queue=642, InProgress=0, PendingWorkers=20/20, Completed=324/1086 (29.8%)
2026-02-05 18:42:01,322 - Knowledge - WARNING - Timeout processing /app/data/T0015/315875/b34046x/arccore-315875/arch/ppc/mpc55xx/drivers/Dma.h after 90s - using fallback metadata
2026-02-05 18:42:01,332 - Knowledge - INFO - process ingested knowledge for /app/data/T0015/315875/b34046x/arccore-315875/arch/hc1x/hcs12d/drivers/Pwm.c
2026-02-05 18:42:01,359 - Knowledge - INFO - Batch sizing: calculated=8, max_allowed=10, queue=642, active_workers=20/20
2026-02-05 18:42:01,626 - Knowledge - WARNING - Timeout processing /app/data/T0015/315875/b34046x/arccore-315875/arch/ppc/mpc55xx/drivers/mpc5500_spr.h after 90s - using fallback metadata
2026-02-05 18:42:01,742 - Knowledge - INFO - Async storage completed for 8 embeddings
2026-02-05 18:42:01,986 - Knowledge - INFO - process ingested knowledge for /app/data/T0015/315875/b34046x/arccore-315875/arch/hc1x/hcs12d/drivers/Dio.c
2026-02-05 18:42:01,989 - Knowledge - INFO - Async storing batch of 8 embeddings
2026-02-05 18:42:02,345 - Knowledge - INFO - Worker kw2 processing /app/data/T0015/315875/b34046x/arccore-315875/system/kernel/init.c
2026-02-05 18:42:02,589 - Knowledge - INFO - Worker kw2 processing /app/data/T0015/315875/b34046x/arccore-315875/system/kernel/semaphore.c
2026-02-05 18:42:02,786 - Knowledge - INFO - [kw8] Queue=634, InProgress=0, PendingWorkers=20/20, Completed=328/1086 (30.2%)
2026-02-05 18:42:02,788 - Knowledge - INFO - [LLM_CALL] Completed: ip_flexcan.h:chunk1, Duration: 20502ms, PromptTokens: 7560, CompletionTokens: 221, Cost: $0.00084
2026-02-05 18:42:02,825 - Knowledge - INFO - Worker kw2 processing /app/data/T0015/315875/b34046x/arccore-315875/system/kernel/asm_sample.c
2026-02-05 18:42:02,927 - Knowledge - INFO - Batch sizing: calculated=8, max_allowed=10, queue=634, active_workers=20/20
2026-02-05 18:42:03,019 - Knowledge - INFO - done ingest for /app/data/T0015/315875/b34046x/arccore-315875/arch/ppc/mpc55xx/drivers/ip_flexcan.h
2026-02-05 18:42:03,232 - Knowledge - INFO - Async storage completed for 8 embeddings
2026-02-05 18:42:03,235 - Knowledge - INFO - Fast-tracked /app/data/T0015/315875/b34046x/arccore-315875/system/kernel/asm_sample.c (ext=.c, size=1501)
2026-02-05 18:42:03,426 - Knowledge - INFO - Fast-tracked /app/data/T0015/315875/b34046x/arccore-315875/system/IoHwAb/IoHwAb_ServiceComponent.c (small file (2809 bytes))
2026-02-05 18:42:03,549 - Knowledge - INFO - [kw17] Queue=634, InProgress=0, PendingWorkers=20/20, Completed=329/1086 (30.3%)
2026-02-05 18:42:03,586 - Knowledge - INFO - [kw10] Queue=634, InProgress=0, PendingWorkers=20/20, Completed=330/1086 (30.4%)
2026-02-05 18:42:03,587 - Knowledge - INFO - Async storing batch of 8 embeddings
2026-02-05 18:42:03,727 - Knowledge - INFO - Worker kw2 processing /app/data/T0015/315875/b34046x/arccore-315875/system/kernel/event.c
2026-02-05 18:42:03,887 - Knowledge - INFO - Fast-tracked /app/data/T0015/315875/b34046x/arccore-315875/system/WdgIf/WdgIf.c (small file (2105 bytes))
2026-02-05 18:42:03,951 - Knowledge - INFO - Batch sizing: calculated=8, max_allowed=10, queue=634, active_workers=20/20
2026-02-05 18:42:04,042 - Knowledge - INFO - Batch sizing: calculated=8, max_allowed=10, queue=634, active_workers=20/20
2026-02-05 18:42:04,056 - Knowledge - INFO - Processing batch of 8 files
2026-02-05 18:42:04,186 - Knowledge - INFO - Worker kw8 processing /app/data/T0015/315875/b34046x/arccore-315875/system/SchM/SchM_Pwm.h
2026-02-05 18:42:04,305 - Knowledge - INFO - Worker kw2 processing /app/data/T0015/315875/b34046x/arccore-315875/system/kernel/isr.c
2026-02-05 18:42:04,466 - Knowledge - INFO - Async storage completed for 8 embeddings
2026-02-05 18:42:04,859 - Knowledge - INFO - process ingested knowledge for /app/data/T0015/315875/b34046x/arccore-315875/arch/ppc/mpc55xx/kernel/irq.c
2026-02-05 18:42:04,898 - Knowledge - INFO - Async storing batch of 8 embeddings
2026-02-05 18:42:04,901 - Knowledge - INFO - Async storing batch of 8 embeddings
2026-02-05 18:42:05,039 - Knowledge - INFO - Fast-tracked /app/data/T0015/315875/b34046x/arccore-315875/system/SchM/SchM_Pwm.h (ext=.h, size=881)
2026-02-05 18:42:05,130 - Knowledge - INFO - Worker kw2 processing /app/data/T0015/315875/b34046x/arccore-315875/system/kernel/sched_table.c
2026-02-05 18:42:05,585 - Knowledge - INFO - Worker kw17 processing /app/data/T0015/315875/b34046x/arccore-315875/system/SchM/SchM_IoHwAb.h
2026-02-05 18:42:05,782 - Knowledge - INFO - Worker kw10 processing /app/data/T0015/315875/b34046x/arccore-315875/system/SchM/SchM_CanNm.h
2026-02-05 18:42:05,852 - Knowledge - INFO - process ingested knowledge for /app/data/T0015/315875/b34046x/arccore-315875/arch/ppc/mpc55xx/kernel/arch.c
2026-02-05 18:42:05,937 - Knowledge - INFO - Worker kw8 processing /app/data/T0015/315875/b34046x/arccore-315875/system/SchM/SchM_Spi.h
2026-02-05 18:42:06,194 - Knowledge - INFO - Worker kw2 processing /app/data/T0015/315875/b34046x/arccore-315875/system/SchM/SchM_Fee.h
2026-02-05 18:42:06,240 - Knowledge - INFO - Fast-tracked /app/data/T0015/315875/b34046x/arccore-315875/system/SchM/SchM_IoHwAb.h (ext=.h, size=975)
2026-02-05 18:42:06,394 - Knowledge - INFO - Fast-tracked /app/data/T0015/315875/b34046x/arccore-315875/system/SchM/SchM_CanNm.h (ext=.h, size=982)
2026-02-05 18:42:06,458 - Knowledge - INFO - Async storage completed for 8 embeddings
2026-02-05 18:42:06,656 - Knowledge - INFO - process ingested knowledge for /app/data/T0015/315875/b34046x/arccore-315875/arch/ppc/mpc55xx/drivers/ip_adc_mpc56xx.h
2026-02-05 18:42:06,753 - Knowledge - INFO - Fast-tracked /app/data/T0015/315875/b34046x/arccore-315875/system/SchM/SchM_Spi.h (ext=.h, size=926)
2026-02-05 18:42:06,796 - Knowledge - INFO - [kw18] Queue=610, InProgress=0, PendingWorkers=20/20, Completed=332/1086 (30.6%)
2026-02-05 18:42:06,930 - Knowledge - INFO - Fast-tracked /app/data/T0015/315875/b34046x/arccore-315875/system/SchM/SchM_Fee.h (ext=.h, size=959)
2026-02-05 18:42:07,046 - Knowledge - INFO - Async storage completed for 8 embeddings
2026-02-05 18:42:07,067 - Knowledge - INFO - Worker kw17 processing /app/data/T0015/315875/b34046x/arccore-315875/system/SchM/SchM_CanTp.h
2026-02-05 18:42:07,205 - Knowledge - INFO - Worker kw10 processing /app/data/T0015/315875/b34046x/arccore-315875/system/SchM/SchM_PduR.h
2026-02-05 18:42:07,432 - Knowledge - INFO - process ingested knowledge for /app/data/T0015/315875/b34046x/arccore-315875/arch/ppc/mpc55xx/drivers/Dma.h
2026-02-05 18:42:07,514 - Knowledge - INFO - Worker kw8 processing /app/data/T0015/315875/b34046x/arccore-315875/system/SchM/SchM_ComM.h
2026-02-05 18:42:07,678 - Knowledge - INFO - Batch sizing: calculated=8, max_allowed=10, queue=610, active_workers=20/20
2026-02-05 18:42:07,812 - Knowledge - INFO - Worker kw2 processing /app/data/T0015/315875/b34046x/arccore-315875/system/SchM/SchM_Dcm.h
2026-02-05 18:42:08,050 - Knowledge - INFO - [LLM_CALL] Completed: typedefs.h:chunk1, Duration: 77527ms, PromptTokens: 3732, CompletionTokens: 201, Cost: $0.00045
2026-02-05 18:42:08,127 - Knowledge - INFO - Fast-tracked /app/data/T0015/315875/b34046x/arccore-315875/system/SchM/SchM_CanTp.h (ext=.h, size=967)
2026-02-05 18:42:08,293 - Knowledge - INFO - Fast-tracked /app/data/T0015/315875/b34046x/arccore-315875/system/SchM/SchM_PduR.h (ext=.h, size=884)
2026-02-05 18:42:08,399 - Knowledge - INFO - process ingested knowledge for /app/data/T0015/315875/b34046x/arccore-315875/arch/ppc/mpc55xx/drivers/MPC5634M_MLQB80.h
2026-02-05 18:42:08,569 - Knowledge - INFO - Fast-tracked /app/data/T0015/315875/b34046x/arccore-315875/system/SchM/SchM_ComM.h (ext=.h, size=976)
2026-02-05 18:42:08,914 - Knowledge - INFO - Fast-tracked /app/data/T0015/315875/b34046x/arccore-315875/system/SchM/SchM_Dcm.h (ext=.h, size=957)
2026-02-05 18:42:09,075 - Knowledge - INFO - done ingest for /app/data/T0015/315875/b34046x/arccore-315875/arch/ppc/mpc55xx/drivers/typedefs.h
2026-02-05 18:42:09,083 - Knowledge - INFO - Async storing batch of 8 embeddings
2026-02-05 18:42:09,167 - Knowledge - INFO - Worker kw17 processing /app/data/T0015/315875/b34046x/arccore-315875/system/SchM/SchM_Dem.h
2026-02-05 18:42:09,297 - Knowledge - INFO - Worker kw10 processing /app/data/T0015/315875/b34046x/arccore-315875/system/SchM/SchM_Nm.h
2026-02-05 18:42:09,407 - Knowledge - INFO - process ingested knowledge for /app/data/T0015/315875/b34046x/arccore-315875/arch/ppc/mpc55xx/drivers/Lin.c
2026-02-05 18:42:09,547 - Knowledge - INFO - Worker kw8 processing /app/data/T0015/315875/b34046x/arccore-315875/system/SchM/SchM.c
2026-02-05 18:42:09,697 - Knowledge - INFO - Fast-tracked /app/data/T0015/315875/b34046x/arccore-315875/common/tcf/streams.c (small file (0 bytes))
2026-02-05 18:42:10,026 - Knowledge - INFO - Worker kw18 processing /app/data/T0015/315875/b34046x/arccore-315875/diagnostic/Dcm/Dcm_Internal.h
2026-02-05 18:42:10,143 - Knowledge - INFO - [LLM_CALL] Completed: arch.h:chunk1, Duration: 65980ms, PromptTokens: 2404, CompletionTokens: 600, Cost: $0.00048
2026-02-05 18:42:10,246 - Knowledge - INFO - Fast-tracked /app/data/T0015/315875/b34046x/arccore-315875/system/SchM/SchM_Dem.h (ext=.h, size=957)
2026-02-05 18:42:10,316 - Knowledge - INFO - Fast-tracked /app/data/T0015/315875/b34046x/arccore-315875/system/SchM/SchM_Nm.h (ext=.h, size=951)
2026-02-05 18:42:10,399 - Knowledge - INFO - process ingested knowledge for /app/data/T0015/315875/b34046x/arccore-315875/arch/ppc/mpc55xx/drivers/flash.h
2026-02-05 18:42:10,560 - Knowledge - INFO - Worker kw8 processing /app/data/T0015/315875/b34046x/arccore-315875/system/SchM/SchM_Can.h
2026-02-05 18:42:10,673 - Knowledge - INFO - Async storage completed for 8 embeddings
2026-02-05 18:42:10,937 - Knowledge - INFO - Worker kw18 processing /app/data/T0015/315875/b34046x/arccore-315875/diagnostic/Dcm/Dcm.c
2026-02-05 18:42:10,988 - Knowledge - INFO - done ingest for /app/data/T0015/315875/b34046x/arccore-315875/system/kernel/include/arch.h
2026-02-05 18:42:11,171 - Knowledge - INFO - Worker kw17 processing /app/data/T0015/315875/b34046x/arccore-315875/system/SchM/SchM_Ea.h
2026-02-05 18:42:11,223 - Knowledge - INFO - [LLM_CALL] Completed: Adc_560x.c:chunk1, Duration: 58437ms, PromptTokens: 12970, CompletionTokens: 872, Cost: $0.00165
2026-02-05 18:42:11,250 - Knowledge - INFO - Worker kw10 processing /app/data/T0015/315875/b34046x/arccore-315875/system/SchM/SchM_Com.h
2026-02-05 18:42:11,408 - Knowledge - INFO - process ingested knowledge for /app/data/T0015/315875/b34046x/arccore-315875/arch/ppc/mpc55xx/drivers/mpc5500_spr.h
2026-02-05 18:42:11,543 - Knowledge - INFO - Fast-tracked /app/data/T0015/315875/b34046x/arccore-315875/system/SchM/SchM_Can.h (ext=.h, size=1352)
2026-02-05 18:42:11,812 - Knowledge - INFO - Worker kw18 processing /app/data/T0015/315875/b34046x/arccore-315875/diagnostic/Dcm/Dcm_Dsp.c
2026-02-05 18:42:12,101 - Knowledge - INFO - Fast-tracked /app/data/T0015/315875/b34046x/arccore-315875/system/SchM/SchM_Ea.h (ext=.h, size=951)
2026-02-05 18:42:12,191 - Knowledge - INFO - done ingest for /app/data/T0015/315875/b34046x/arccore-315875/arch/ppc/mpc55xx/drivers/Adc_560x.c
2026-02-05 18:42:12,374 - Knowledge - INFO - Fast-tracked /app/data/T0015/315875/b34046x/arccore-315875/system/SchM/SchM_Com.h (ext=.h, size=1045)
2026-02-05 18:42:12,687 - Knowledge - INFO - Worker kw8 processing /app/data/T0015/315875/b34046x/arccore-315875/system/SchM/SchM_CanSM.h
2026-02-05 18:42:12,826 - Knowledge - INFO - Fast-tracked /app/data/T0015/315875/b34046x/arccore-315875/diagnostic/Dcm/Dcm_Dsp.c (ext=.c, size=136262)
2026-02-05 18:42:12,991 - Knowledge - INFO - Worker kw17 processing /app/data/T0015/315875/b34046x/arccore-315875/system/SchM/SchM_CanIf.h
2026-02-05 18:42:13,266 - Knowledge - INFO - Worker kw10 processing /app/data/T0015/315875/b34046x/arccore-315875/system/SchM/SchM_WdgM.h
2026-02-05 18:42:13,614 - Knowledge - INFO - Fast-tracked /app/data/T0015/315875/b34046x/arccore-315875/system/SchM/SchM_CanSM.h (ext=.h, size=969)
2026-02-05 18:42:13,652 - Knowledge - INFO - Worker kw18 processing /app/data/T0015/315875/b34046x/arccore-315875/diagnostic/Dcm/Dcm_Dsl.c
2026-02-05 18:42:13,732 - Knowledge - INFO - [LLM_CALL] Completed: ip_dspi.h:chunk1, Duration: 84980ms, PromptTokens: 4178, CompletionTokens: 166, Cost: $0.00048
2026-02-05 18:42:13,847 - Knowledge - INFO - Fast-tracked /app/data/T0015/315875/b34046x/arccore-315875/system/SchM/SchM_CanIf.h (ext=.h, size=885)
2026-02-05 18:42:14,037 - Knowledge - INFO - Fast-tracked /app/data/T0015/315875/b34046x/arccore-315875/system/SchM/SchM_WdgM.h (ext=.h, size=1199)
2026-02-05 18:42:14,155 - Knowledge - INFO - Worker kw8 processing /app/data/T0015/315875/b34046x/arccore-315875/system/SchM/SchM_Eep.h
2026-02-05 18:42:14,319 - Knowledge - INFO - Worker kw18 processing /app/data/T0015/315875/b34046x/arccore-315875/diagnostic/Dcm/Dcm_Dsd.c
2026-02-05 18:42:14,436 - Knowledge - INFO - done ingest for /app/data/T0015/315875/b34046x/arccore-315875/arch/ppc/mpc55xx/drivers/ip_dspi.h
2026-02-05 18:42:14,572 - Knowledge - INFO - Worker kw17 processing /app/data/T0015/315875/b34046x/arccore-315875/system/SchM/SchM_NvM.h
2026-02-05 18:42:14,781 - Knowledge - INFO - Worker kw10 processing /app/data/T0015/315875/b34046x/arccore-315875/system/WdgM/WdgM.c
2026-02-05 18:42:14,949 - Knowledge - INFO - Fast-tracked /app/data/T0015/315875/b34046x/arccore-315875/system/kernel/resource.c (small file (0 bytes))
2026-02-05 18:42:14,972 - Knowledge - INFO - Fast-tracked /app/data/T0015/315875/b34046x/arccore-315875/system/SchM/SchM_Eep.h (ext=.h, size=958)
2026-02-05 18:42:15,000 - Knowledge - INFO - [LLM_CALL] Completed: Eep.c:chunk1, Duration: 77029ms, PromptTokens: 12750, CompletionTokens: 776, Cost: $0.00159
2026-02-05 18:42:15,103 - Knowledge - INFO - Worker kw18 processing /app/data/T0015/315875/b34046x/arccore-315875/diagnostic/readme.txt
2026-02-05 18:42:15,291 - Knowledge - INFO - Fast-tracked /app/data/T0015/315875/b34046x/arccore-315875/system/SchM/SchM_NvM.h (ext=.h, size=957)
2026-02-05 18:42:15,455 - Knowledge - INFO - Worker kw10 processing /app/data/T0015/315875/b34046x/arccore-315875/system/WdgM/WdgM_ServiceComponent.c
2026-02-05 18:42:15,678 - Knowledge - INFO - Worker kw8 processing /app/data/T0015/315875/b34046x/arccore-315875/system/SchM/SchM_EcuM.h
2026-02-05 18:42:16,229 - Knowledge - INFO - done ingest for /app/data/T0015/315875/b34046x/arccore-315875/arch/ppc/mpc55xx/drivers/Eep.c
2026-02-05 18:42:16,255 - Knowledge - INFO - [LLM_CALL] Completed: sched_table_i.h:chunk1, Duration: 44555ms, PromptTokens: 4780, CompletionTokens: 607, Cost: $0.00072
2026-02-05 18:42:16,476 - Knowledge - INFO - Fast-tracked /app/data/T0015/315875/b34046x/arccore-315875/diagnostic/readme.txt (ext=.txt, size=71)
2026-02-05 18:42:16,525 - Knowledge - INFO - Worker kw17 processing /app/data/T0015/315875/b34046x/arccore-315875/system/SchM/SchM.h
2026-02-05 18:42:16,599 - Knowledge - INFO - Async storage completed for 10 embeddings
2026-02-05 18:42:16,744 - Knowledge - INFO - Fast-tracked /app/data/T0015/315875/b34046x/arccore-315875/system/WdgM/WdgM_ServiceComponent.c (ext=.c, size=1269)
2026-02-05 18:42:16,829 - Knowledge - INFO - Fast-tracked /app/data/T0015/315875/b34046x/arccore-315875/system/SchM/SchM_EcuM.h (ext=.h, size=1566)
2026-02-05 18:42:17,205 - Knowledge - INFO - done ingest for /app/data/T0015/315875/b34046x/arccore-315875/system/kernel/include/sched_table_i.h
2026-02-05 18:42:17,331 - Knowledge - INFO - Worker kw18 processing /app/data/T0015/315875/b34046x/arccore-315875/diagnostic/Dem/Dem.c
2026-02-05 18:42:17,471 - Knowledge - INFO - Fast-tracked /app/data/T0015/315875/b34046x/arccore-315875/system/SchM/SchM.h (ext=.h, size=1534)
2026-02-05 18:42:17,592 - Knowledge - INFO - [kw11] Queue=602, InProgress=0, PendingWorkers=20/20, Completed=335/1086 (30.8%)
2026-02-05 18:42:17,709 - Knowledge - INFO - Worker kw10 processing /app/data/T0015/315875/b34046x/arccore-315875/diagnostic/Dcm/Rte_Dcm.h
2026-02-05 18:42:18,128 - Knowledge - INFO - Fast-tracked /app/data/T0015/315875/b34046x/arccore-315875/system/EcuM/EcuM_ServiceComponent.c (small file (1984 bytes))
2026-02-05 18:42:18,201 - Knowledge - WARNING - Timeout processing /app/data/T0015/315875/b34046x/arccore-315875/arch/arm/arm_cm3/drivers/STM32F10x_StdPeriph_Driver/inc/stm32f10x_tim.h after 90s - using fallback metadata
2026-02-05 18:42:18,242 - Knowledge - INFO - Fast-tracked /app/data/T0015/315875/b34046x/arccore-315875/diagnostic/Dem/Dem.c (ext=.c, size=131451)
2026-02-05 18:42:18,410 - Knowledge - INFO - Worker kw17 processing /app/data/T0015/315875/b34046x/arccore-315875/system/SchM/SchM_Fls.h
2026-02-05 18:42:18,490 - Knowledge - INFO - Processing batch of 8 files
2026-02-05 18:42:18,573 - Knowledge - INFO - Batch sizing: calculated=8, max_allowed=10, queue=602, active_workers=20/20
2026-02-05 18:42:18,733 - Knowledge - INFO - Fast-tracked /app/data/T0015/315875/b34046x/arccore-315875/diagnostic/Dcm/Rte_Dcm.h (ext=.h, size=890)
2026-02-05 18:42:18,836 - Knowledge - INFO - Async storage completed for 8 embeddings
2026-02-05 18:42:19,045 - Knowledge - WARNING - Timeout processing /app/data/T0015/315875/b34046x/arccore-315875/arch/arm/arm_cm3/drivers/STM32F10x_StdPeriph_Driver/inc/stm32f10x_exti.h after 90s - using fallback metadata
2026-02-05 18:42:19,212 - Knowledge - INFO - Worker kw18 processing /app/data/T0015/315875/b34046x/arccore-315875/diagnostic/Det/Det.c
2026-02-05 18:42:19,423 - Knowledge - INFO - Fast-tracked /app/data/T0015/315875/b34046x/arccore-315875/system/SchM/SchM_Fls.h (ext=.h, size=959)
2026-02-05 18:42:19,690 - Knowledge - INFO - process ingested knowledge for /app/data/T0015/315875/b34046x/arccore-315875/arch/ppc/mpc55xx/drivers/Eep.c
2026-02-05 18:42:19,970 - Knowledge - INFO - Async storing batch of 8 embeddings
2026-02-05 18:42:20,168 - Knowledge - INFO - Processing batch of 8 files
2026-02-05 18:42:20,504 - Knowledge - WARNING - Timeout processing /app/data/T0015/315875/b34046x/arccore-315875/arch/arm/arm_cm3/drivers/STM32F10x_StdPeriph_Driver/inc/stm32f10x_dma.h after 90s - using fallback metadata
2026-02-05 18:42:20,851 - Knowledge - INFO - Async storage completed for 8 embeddings
2026-02-05 18:42:20,922 - Knowledge - INFO - process ingested knowledge for /app/data/T0015/315875/b34046x/arccore-315875/arch/ppc/mpc55xx/drivers/Adc_560x.c
2026-02-05 18:42:21,265 - Knowledge - INFO - process ingested knowledge for /app/data/T0015/315875/b34046x/arccore-315875/system/kernel/kernel_offset.c
2026-02-05 18:42:21,429 - Knowledge - WARNING - Timeout processing /app/data/T0015/315875/b34046x/arccore-315875/arch/arm/arm_cm3/drivers/STM32F10x_StdPeriph_Driver/inc/stm32f10x_can.h after 90s - using fallback metadata
2026-02-05 18:42:21,805 - Knowledge - INFO - process ingested knowledge for /app/data/T0015/315875/b34046x/arccore-315875/arch/ppc/mpc55xx/drivers/Can_Test.h
2026-02-05 18:42:21,992 - Knowledge - INFO - process ingested knowledge for /app/data/T0015/315875/b34046x/arccore-315875/system/kernel/os_arctest.c
2026-02-05 18:42:22,186 - Knowledge - WARNING - Timeout processing /app/data/T0015/315875/b34046x/arccore-315875/arch/arm/arm_cm3/drivers/STM32F10x_StdPeriph_Driver/inc/stm32f10x_dbgmcu.h after 90s - using fallback metadata
2026-02-05 18:42:22,340 - Knowledge - INFO - process ingested knowledge for /app/data/T0015/315875/b34046x/arccore-315875/arch/ppc/mpc55xx/drivers/mpc5516.h
2026-02-05 18:42:22,561 - Knowledge - INFO - process ingested knowledge for /app/data/T0015/315875/b34046x/arccore-315875/system/kernel/asm_offset.c
2026-02-05 18:42:22,716 - Knowledge - WARNING - Timeout processing /app/data/T0015/315875/b34046x/arccore-315875/arch/arm/arm_cm3/drivers/STM32F10x_StdPeriph_Driver/Release_Notes_for_STM32F10x_StdPeriph_Driver.html after 90s - using fallback metadata
2026-02-05 18:42:22,788 - Knowledge - INFO - Worker kw11 processing /app/data/T0015/315875/b34046x/arccore-315875/README.md
2026-02-05 18:42:22,860 - Knowledge - INFO - process ingested knowledge for /app/data/T0015/315875/b34046x/arccore-315875/arch/ppc/mpc55xx/drivers/timer_tb.c
2026-02-05 18:42:23,094 - Knowledge - INFO - process ingested knowledge for /app/data/T0015/315875/b34046x/arccore-315875/system/kernel/include/arch.h
2026-02-05 18:42:23,351 - Knowledge - WARNING - Timeout processing /app/data/T0015/315875/b34046x/arccore-315875/arch/arm/arm_cm3/drivers/Dio.c after 90s - using fallback metadata
2026-02-05 18:42:23,455 - Knowledge - INFO - Fast-tracked /app/data/T0015/315875/b34046x/arccore-315875/README.md (ext=.md, size=238)
2026-02-05 18:42:23,547 - Knowledge - INFO - process ingested knowledge for /app/data/T0015/315875/b34046x/arccore-315875/arch/ppc/mpc55xx/drivers/mpc5668.h
2026-02-05 18:42:23,883 - Knowledge - INFO - process ingested knowledge for /app/data/T0015/315875/b34046x/arccore-315875/system/kernel/include/sched_table_i.h
2026-02-05 18:42:23,916 - Knowledge - WARNING - Timeout processing /app/data/T0015/315875/b34046x/arccore-315875/arch/arm/arm_cm3/drivers/Can.c after 90s - using fallback metadata
2026-02-05 18:42:23,951 - Knowledge - INFO - Async storage completed for 8 embeddings
2026-02-05 18:42:23,995 - Knowledge - INFO - Processing batch of 8 files
2026-02-05 18:42:24,030 - Knowledge - INFO - Worker kw11 processing /app/data/T0015/315875/b34046x/arccore-315875/boards/linux/build_config.mk
2026-02-05 18:42:24,207 - Knowledge - INFO - process ingested knowledge for /app/data/T0015/315875/b34046x/arccore-315875/arch/ppc/mpc55xx/drivers/ip_flexcan.h
2026-02-05 18:42:24,509 - Knowledge - INFO - process ingested knowledge for /app/data/T0015/315875/b34046x/arccore-315875/system/kernel/include/application.h
2026-02-05 18:42:25,080 - Knowledge - INFO - process ingested knowledge for /app/data/T0015/315875/b34046x/arccore-315875/system/SchM/SchM_IoHwAb.h
2026-02-05 18:42:25,215 - Knowledge - INFO - Fast-tracked /app/data/T0015/315875/b34046x/arccore-315875/boards/linux/build_config.mk (ext=.mk, size=500)
2026-02-05 18:42:25,391 - Knowledge - INFO - process ingested knowledge for /app/data/T0015/315875/b34046x/arccore-315875/tools/t32/copy_to_install.sh
2026-02-05 18:42:25,415 - Knowledge - INFO - [LLM_CALL] Completed: Dma.c:chunk1, Duration: 60344ms, PromptTokens: 2960, CompletionTokens: 730, Cost: $0.00059
2026-02-05 18:42:25,538 - Knowledge - INFO - process ingested knowledge for /app/data/T0015/315875/b34046x/arccore-315875/system/kernel/include/hooks.h
2026-02-05 18:42:25,692 - Knowledge - WARNING - Timeout processing /app/data/T0015/315875/b34046x/arccore-315875/arch/ppc/mpc55xx/delivery/mpc5500_h7f/include/ssd_c90fl_internal.h after 90s - using fallback metadata
2026-02-05 18:42:25,717 - Knowledge - INFO - process ingested knowledge for /app/data/T0015/315875/b34046x/arccore-315875/system/SchM/SchM_CanTp.h
2026-02-05 18:42:25,937 - Knowledge - INFO - Worker kw11 processing /app/data/T0015/315875/b34046x/arccore-315875/boards/mpc560xsim/board_info.txt
2026-02-05 18:42:26,340 - Knowledge - INFO - done ingest for /app/data/T0015/315875/b34046x/arccore-315875/arch/ppc/mpc55xx/drivers/Dma.c
2026-02-05 18:42:26,730 - Knowledge - WARNING - Timeout processing /app/data/T0015/315875/b34046x/arccore-315875/arch/ppc/mpc55xx/integration/Mcu_Arc_mpc55xx.c after 90s - using fallback metadata
2026-02-05 18:42:26,755 - Knowledge - INFO - process ingested knowledge for /app/data/T0015/315875/b34046x/arccore-315875/system/kernel/include/resource_i.h
2026-02-05 18:42:26,935 - Knowledge - INFO - process ingested knowledge for /app/data/T0015/315875/b34046x/arccore-315875/system/SchM/SchM_Dem.h
2026-02-05 18:42:27,099 - Knowledge - INFO - Fast-tracked /app/data/T0015/315875/b34046x/arccore-315875/boards/mpc560xsim/board_info.txt (ext=.txt, size=433)
2026-02-05 18:42:27,392 - Knowledge - WARNING - Timeout processing /app/data/T0015/315875/b34046x/arccore-315875/arch/ppc/mpc55xx/integration/mpc5xxx_callout_stubs.c after 90s - using fallback metadata
2026-02-05 18:42:27,814 - Knowledge - INFO - Worker kw11 processing /app/data/T0015/315875/b34046x/arccore-315875/boards/mpc560xsim/build_config.mk
2026-02-05 18:42:27,845 - Knowledge - INFO - process ingested knowledge for /app/data/T0015/315875/b34046x/arccore-315875/system/SchM/SchM_Ea.h
2026-02-05 18:42:27,918 - Knowledge - INFO - [LLM_CALL] Completed: Wdg.c:chunk1, Duration: 40580ms, PromptTokens: 4514, CompletionTokens: 410, Cost: $0.00062
2026-02-05 18:42:27,949 - Knowledge - WARNING - Timeout processing /app/data/T0015/315875/b34046x/arccore-315875/arch/ppc/mpc55xx/integration/Mcu_Arc_mpc56xx.c after 90s - using fallback metadata
2026-02-05 18:42:28,119 - Knowledge - INFO - Fast-tracked /app/data/T0015/315875/b34046x/arccore-315875/boards/mpc560xsim/build_config.mk (ext=.mk, size=832)
2026-02-05 18:42:28,427 - Knowledge - INFO - done ingest for /app/data/T0015/315875/b34046x/arccore-315875/arch/ppc/mpc55xx/drivers/Wdg.c
2026-02-05 18:42:28,733 - Knowledge - WARNING - Timeout processing /app/data/T0015/315875/b34046x/arccore-315875/arch/ppc/mpc55xx/delivery/mpc5500_h7f/include/ssd_h7f_internal.h after 90s - using fallback metadata
2026-02-05 18:42:28,869 - Knowledge - INFO - Worker kw11 processing /app/data/T0015/315875/b34046x/arccore-315875/boards/mpc5606s_xpc560s/config/Dma_Cfg.c
2026-02-05 18:42:28,992 - Knowledge - INFO - process ingested knowledge for /app/data/T0015/315875/b34046x/arccore-315875/system/SchM/SchM_CanIf.h
2026-02-05 18:42:29,660 - Knowledge - WARNING - Timeout processing /app/data/T0015/315875/b34046x/arccore-315875/arch/ppc/mpc55xx/delivery/mpc5500_h7f/include/ssd_types.h after 90s - using fallback metadata
2026-02-05 18:42:29,751 - Knowledge - INFO - Processing batch of 8 files
2026-02-05 18:42:29,892 - Knowledge - INFO - Worker kw11 processing /app/data/T0015/315875/b34046x/arccore-315875/boards/mpc5606s_xpc560s/config/Fls_Cfg.h
2026-02-05 18:42:30,159 - Knowledge - INFO - Async storage completed for 8 embeddings
2026-02-05 18:42:30,246 - Knowledge - WARNING - Timeout processing /app/data/T0015/315875/b34046x/arccore-315875/arch/ppc/mpc55xx/delivery/mpc5500_h7f/include/ssd_h7f.h after 90s - using fallback metadata
2026-02-05 18:42:30,369 - Knowledge - INFO - process ingested knowledge for /app/data/T0015/315875/b34046x/arccore-315875/arch/arm/arm_cm3/drivers/STM32F10x_StdPeriph_Driver/inc/stm32f10x_tim.h
2026-02-05 18:42:30,514 - Knowledge - INFO - Worker kw11 processing /app/data/T0015/315875/b34046x/arccore-315875/boards/mpc5606s_xpc560s/config/Eep_Lcfg.c
2026-02-05 18:42:30,593 - Knowledge - INFO - process ingested knowledge for /app/data/T0015/315875/b34046x/arccore-315875/system/SchM/SchM_NvM.h
2026-02-05 18:42:31,080 - Knowledge - INFO - Async storage completed for 8 embeddings
2026-02-05 18:42:31,128 - Knowledge - INFO - [LLM_CALL] Completed: Port.c:chunk1, Duration: 68002ms, PromptTokens: 4486, CompletionTokens: 420, Cost: $0.00062
2026-02-05 18:42:31,217 - Knowledge - INFO - Worker kw11 processing /app/data/T0015/315875/b34046x/arccore-315875/boards/mpc5606s_xpc560s/config/Wdg_Lcfg.c
2026-02-05 18:42:31,664 - Knowledge - INFO - process ingested knowledge for /app/data/T0015/315875/b34046x/arccore-315875/arch/arm/arm_cm3/drivers/STM32F10x_StdPeriph_Driver/inc/stm32f10x_exti.h
2026-02-05 18:42:31,672 - Knowledge - INFO - process ingested knowledge for /app/data/T0015/315875/b34046x/arccore-315875/system/SchM/SchM.h
2026-02-05 18:42:31,685 - Knowledge - INFO - done ingest for /app/data/T0015/315875/b34046x/arccore-315875/arch/ppc/mpc55xx/drivers/Port.c
2026-02-05 18:42:31,714 - Knowledge - INFO - [LLM_CALL] Completed: ramlog.c:chunk1, Duration: 89065ms, PromptTokens: 2994, CompletionTokens: 461, Cost: $0.00048
2026-02-05 18:42:31,839 - Knowledge - INFO - Fast-tracked /app/data/T0015/315875/b34046x/arccore-315875/boards/mpc5606s_xpc560s/config/Wdg_Lcfg.c (ext=.c, size=1426)
2026-02-05 18:42:32,135 - Knowledge - INFO - Async storage completed for 8 embeddings
2026-02-05 18:42:32,314 - Knowledge - INFO - done ingest for /app/data/T0015/315875/b34046x/arccore-315875/common/ramlog.c
2026-02-05 18:42:32,376 - Knowledge - WARNING - Timeout processing /app/data/T0015/315875/b34046x/arccore-315875/arch/ppc/mpc55xx/drivers/Dio.c after 90s - using fallback metadata
2026-02-05 18:42:32,388 - Knowledge - INFO - [LLM_CALL] Completed: sys_tick.c:chunk1, Duration: 63728ms, PromptTokens: 2956, CompletionTokens: 428, Cost: $0.00047
2026-02-05 18:42:32,458 - Knowledge - INFO - process ingested knowledge for /app/data/T0015/315875/b34046x/arccore-315875/arch/arm/arm_cm3/drivers/STM32F10x_StdPeriph_Driver/inc/stm32f10x_dma.h
2026-02-05 18:42:32,465 - Knowledge - INFO - process ingested knowledge for /app/data/T0015/315875/b34046x/arccore-315875/system/SchM/SchM_Fls.h
2026-02-05 18:42:32,970 - Knowledge - WARNING - Timeout processing /app/data/T0015/315875/b34046x/arccore-315875/arch/ppc/mpc55xx/drivers/Spi.c after 90s - using fallback metadata
2026-02-05 18:42:33,079 - Knowledge - INFO - done ingest for /app/data/T0015/315875/b34046x/arccore-315875/arch/ppc/mpc55xx/drivers/sys_tick.c
2026-02-05 18:42:33,336 - Knowledge - INFO - Fast-tracked /app/data/T0015/315875/b34046x/arccore-315875/boards/mpc5606s_xpc560s/config/Dma_Cfg.c (small file (2178 bytes))
2026-02-05 18:42:33,543 - Knowledge - INFO - process ingested knowledge for /app/data/T0015/315875/b34046x/arccore-315875/arch/arm/arm_cm3/drivers/STM32F10x_StdPeriph_Driver/inc/stm32f10x_can.h
2026-02-05 18:42:33,586 - Knowledge - INFO - [WEBSOCKET] Sent: Type=progress_update, Size: 296, Duration: 0ms
2026-02-05 18:42:33,979 - Knowledge - INFO - Async storage completed for 8 embeddings
2026-02-05 18:42:34,193 - Knowledge - INFO - [LLM_CALL] Completed: ip_edma.h:chunk1, Duration: 79974ms, PromptTokens: 7206, CompletionTokens: 194, Cost: $0.00080
2026-02-05 18:42:34,502 - Knowledge - INFO - done ingest for /app/data/T0015/315875/b34046x/arccore-315875/arch/ppc/mpc55xx/drivers/ip_edma.h
2026-02-05 18:42:34,515 - Knowledge - INFO - [WEBSOCKET] Sent: Type=unknown, Size: ?, Duration: 929ms
2026-02-05 18:42:34,869 - Knowledge - INFO - process ingested knowledge for /app/data/T0015/315875/b34046x/arccore-315875/arch/arm/arm_cm3/drivers/STM32F10x_StdPeriph_Driver/inc/stm32f10x_dbgmcu.h
2026-02-05 18:42:34,942 - Knowledge - INFO - Progress: 33.8% | Files: 368/1086 | Rate: 1.18 files/sec | Queue: 594
2026-02-05 18:42:34,947 - Knowledge - INFO - [LLM_CALL] Completed: Fls.c:chunk1, Duration: 45061ms, PromptTokens: 16214, CompletionTokens: 691, Cost: $0.00190
2026-02-05 18:42:35,412 - Knowledge - INFO - done ingest for /app/data/T0015/315875/b34046x/arccore-315875/arch/ppc/mpc55xx/drivers/Fls.c
2026-02-05 18:42:35,434 - Knowledge - INFO - [LLM_CALL] Completed: Crc_32.c:chunk1, Duration: 69917ms, PromptTokens: 7198, CompletionTokens: 195, Cost: $0.00080
2026-02-05 18:42:35,898 - Knowledge - INFO - done ingest for /app/data/T0015/315875/b34046x/arccore-315875/system/Crc/Crc_32.c
2026-02-05 18:42:36,090 - Knowledge - INFO - process ingested knowledge for /app/data/T0015/315875/b34046x/arccore-315875/arch/arm/arm_cm3/drivers/STM32F10x_StdPeriph_Driver/Release_Notes_for_STM32F10x_StdPeriph_Driver.html
2026-02-05 18:42:36,168 - Knowledge - INFO - [kw19] Queue=594, InProgress=0, PendingWorkers=20/20, Completed=370/1086 (34.1%)
2026-02-05 18:42:36,222 - Knowledge - INFO - [kw13] Queue=594, InProgress=0, PendingWorkers=20/20, Completed=370/1086 (34.1%)
2026-02-05 18:42:36,783 - Knowledge - INFO - Batch sizing: calculated=8, max_allowed=10, queue=594, active_workers=20/20
2026-02-05 18:42:36,927 - Knowledge - INFO - Batch sizing: calculated=8, max_allowed=10, queue=594, active_workers=20/20
2026-02-05 18:42:36,955 - Knowledge - INFO - process ingested knowledge for /app/data/T0015/315875/b34046x/arccore-315875/arch/arm/arm_cm3/drivers/Dio.c
2026-02-05 18:42:37,116 - Knowledge - INFO - Async storing batch of 8 embeddings
2026-02-05 18:42:37,335 - Knowledge - INFO - Async storing batch of 8 embeddings
2026-02-05 18:42:37,754 - Knowledge - INFO - [LLM_CALL] Completed: EcuM_Generated_Types.h:chunk1, Duration: 30357ms, PromptTokens: 3004, CompletionTokens: 59, Cost: $0.00032
2026-02-05 18:42:37,817 - Knowledge - INFO - Worker kw19 processing /app/data/T0015/315875/b34046x/arccore-315875/boards/mpc5606s_xpc560s/config/Fls_Cfg.c
2026-02-05 18:42:38,002 - Knowledge - INFO - Worker kw13 processing /app/data/T0015/315875/b34046x/arccore-315875/boards/mpc5606s_xpc560s/examples/os_simple/config/Os_Cfg.c
2026-02-05 18:42:38,157 - Knowledge - INFO - done ingest for /app/data/T0015/315875/b34046x/arccore-315875/system/EcuM/EcuM_Generated_Types.h
2026-02-05 18:42:38,256 - Knowledge - INFO - process ingested knowledge for /app/data/T0015/315875/b34046x/arccore-315875/arch/arm/arm_cm3/drivers/Can.c
2026-02-05 18:42:38,332 - Knowledge - INFO - Worker kw19 processing /app/data/T0015/315875/b34046x/arccore-315875/boards/mpc5606s_xpc560s/config/Wdg_Cfg.h
2026-02-05 18:42:38,485 - Knowledge - INFO - Worker kw13 processing /app/data/T0015/315875/b34046x/arccore-315875/boards/mpc5606s_xpc560s/examples/os_simple/config/Det_Cfg.h
2026-02-05 18:42:38,845 - Knowledge - INFO - Processing batch of 8 files
2026-02-05 18:42:39,115 - Knowledge - INFO - Fast-tracked /app/data/T0015/315875/b34046x/arccore-315875/boards/mpc5606s_xpc560s/config/Wdg_Cfg.h (ext=.h, size=1350)
2026-02-05 18:42:39,248 - Knowledge - INFO - Fast-tracked /app/data/T0015/315875/b34046x/arccore-315875/boards/mpc5606s_xpc560s/examples/os_simple/config/Det_Cfg.h (ext=.h, size=1121)
2026-02-05 18:42:39,304 - Knowledge - INFO - process ingested knowledge for /app/data/T0015/315875/b34046x/arccore-315875/arch/ppc/mpc55xx/scripts/gcc.mk
2026-02-05 18:42:39,483 - Knowledge - INFO - Worker kw19 processing /app/data/T0015/315875/b34046x/arccore-315875/boards/mpc5606s_xpc560s/config/Dma_Cfg.h
2026-02-05 18:42:39,728 - Knowledge - INFO - Worker kw13 processing /app/data/T0015/315875/b34046x/arccore-315875/boards/mpc5606s_xpc560s/examples/os_simple/config/Mcu_Cfg.h
2026-02-05 18:42:39,981 - Knowledge - INFO - Fast-tracked /app/data/T0015/315875/b34046x/arccore-315875/boards/mpc5606s_xpc560s/config/Dma_Cfg.h (ext=.h, size=1087)
2026-02-05 18:42:40,043 - Knowledge - INFO - Async storage completed for 8 embeddings
2026-02-05 18:42:40,125 - Knowledge - INFO - Fast-tracked /app/data/T0015/315875/b34046x/arccore-315875/boards/mpc5606s_xpc560s/examples/os_simple/config/Mcu_Cfg.h (ext=.h, size=941)
2026-02-05 18:42:40,385 - Knowledge - INFO - Worker kw19 processing /app/data/T0015/315875/b34046x/arccore-315875/boards/mpc5606s_xpc560s/config/Eep_Cfg.h
2026-02-05 18:42:40,548 - Knowledge - INFO - process ingested knowledge for /app/data/T0015/315875/b34046x/arccore-315875/arch/ppc/mpc55xx/integration/Mcu_Arc_mpc55xx.c
2026-02-05 18:42:41,034 - Knowledge - INFO - [LLM_CALL] Completed: perf.c:chunk1, Duration: 82726ms, PromptTokens: 4554, CompletionTokens: 555, Cost: $0.00068
2026-02-05 18:42:41,162 - Knowledge - INFO - Worker kw13 processing /app/data/T0015/315875/b34046x/arccore-315875/boards/mpc5606s_xpc560s/examples/os_simple/config/Mcu_Cfg.c
2026-02-05 18:42:41,476 - Knowledge - WARNING - Timeout processing /app/data/T0015/315875/b34046x/arccore-315875/memory/Fee/Fee.c after 90s - using fallback metadata
2026-02-05 18:42:41,599 - Knowledge - INFO - Worker kw19 processing /app/data/T0015/315875/b34046x/arccore-315875/boards/mpc5606s_xpc560s/board_info.txt
2026-02-05 18:42:41,627 - Knowledge - INFO - done ingest for /app/data/T0015/315875/b34046x/arccore-315875/common/perf.c
2026-02-05 18:42:41,658 - Knowledge - INFO - [LLM_CALL] Completed: Crc_16.c:chunk1, Duration: 49858ms, PromptTokens: 4460, CompletionTokens: 190, Cost: $0.00052
2026-02-05 18:42:41,766 - Knowledge - INFO - Fast-tracked /app/data/T0015/315875/b34046x/arccore-315875/boards/mpc5606s_xpc560s/examples/os_simple/config/Mcu_Cfg.c (ext=.c, size=863)
2026-02-05 18:42:41,846 - Knowledge - WARNING - Timeout processing /app/data/T0015/315875/b34046x/arccore-315875/memory/Ea/Ea.c after 90s - using fallback metadata
2026-02-05 18:42:42,080 - Knowledge - INFO - process ingested knowledge for /app/data/T0015/315875/b34046x/arccore-315875/arch/ppc/mpc55xx/integration/mpc5xxx_callout_stubs.c
2026-02-05 18:42:42,607 - Knowledge - INFO - Fast-tracked /app/data/T0015/315875/b34046x/arccore-315875/boards/mpc5606s_xpc560s/board_info.txt (ext=.txt, size=3771)
2026-02-05 18:42:42,930 - Knowledge - INFO - done ingest for /app/data/T0015/315875/b34046x/arccore-315875/system/Crc/Crc_16.c
2026-02-05 18:42:43,098 - Knowledge - INFO - Worker kw13 processing /app/data/T0015/315875/b34046x/arccore-315875/boards/mpc5606s_xpc560s/examples/os_simple/config/Os_Cfg.h
2026-02-05 18:42:43,287 - Knowledge - WARNING - Timeout processing /app/data/T0015/315875/b34046x/arccore-315875/memory/NvM/NvM.c after 90s - using fallback metadata
2026-02-05 18:42:43,346 - Knowledge - INFO - Processing batch of 8 files
2026-02-05 18:42:43,780 - Knowledge - INFO - Worker kw19 processing /app/data/T0015/315875/b34046x/arccore-315875/boards/mpc5606s_xpc560s/build_config.mk
2026-02-05 18:42:44,372 - Knowledge - INFO - Worker kw13 processing /app/data/T0015/315875/b34046x/arccore-315875/boards/mpc5606s_xpc560s/examples/os_simple/config/EcuM_Cfg.h
2026-02-05 18:42:44,426 - Knowledge - WARNING - Timeout processing /app/data/T0015/315875/b34046x/arccore-315875/memory/NvM/Nvm_ServiceComponent.c after 90s - using fallback metadata
2026-02-05 18:42:44,678 - Knowledge - INFO - process ingested knowledge for /app/data/T0015/315875/b34046x/arccore-315875/arch/ppc/mpc55xx/drivers/Dio.c
2026-02-05 18:42:44,916 - Knowledge - INFO - process ingested knowledge for /app/data/T0015/315875/b34046x/arccore-315875/arch/ppc/mpc55xx/integration/Mcu_Arc_mpc56xx.c
2026-02-05 18:42:44,963 - Knowledge - INFO - [kw17] Queue=578, InProgress=0, PendingWorkers=20/20, Completed=381/1086 (35.1%)
2026-02-05 18:42:44,991 - Knowledge - INFO - Fast-tracked /app/data/T0015/315875/b34046x/arccore-315875/boards/mpc5606s_xpc560s/build_config.mk (ext=.mk, size=822)
2026-02-05 18:42:45,118 - Knowledge - INFO - Fast-tracked /app/data/T0015/315875/b34046x/arccore-315875/boards/mpc5606s_xpc560s/examples/os_simple/config/EcuM_Cfg.h (ext=.h, size=1365)
2026-02-05 18:42:45,278 - Knowledge - WARNING - Timeout processing /app/data/T0015/315875/b34046x/arccore-315875/common/console.c after 90s - using fallback metadata
2026-02-05 18:42:45,816 - Knowledge - INFO - process ingested knowledge for /app/data/T0015/315875/b34046x/arccore-315875/arch/ppc/mpc55xx/drivers/Spi.c
2026-02-05 18:42:45,946 - Knowledge - INFO - process ingested knowledge for /app/data/T0015/315875/b34046x/arccore-315875/arch/ppc/mpc55xx/delivery/mpc5500_h7f/include/ssd_h7f_internal.h
2026-02-05 18:42:45,966 - Knowledge - WARNING - Timeout processing /app/data/T0015/315875/b34046x/arccore-315875/arch/ppc/mpc55xx/drivers/Adc_eQADC.c after 90s - using fallback metadata
2026-02-05 18:42:46,089 - Knowledge - INFO - [LLM_CALL] Completed: SchM.c:chunk1, Duration: 28165ms, PromptTokens: 6308, CompletionTokens: 790, Cost: $0.00095
2026-02-05 18:42:46,219 - Knowledge - INFO - Batch sizing: calculated=8, max_allowed=10, queue=578, active_workers=20/20
2026-02-05 18:42:46,443 - Knowledge - INFO - Worker kw19 processing /app/data/T0015/315875/b34046x/arccore-315875/boards/mpc5606s_xpc560s/examples/os_simple/config/EcuM.mk
2026-02-05 18:42:46,791 - Knowledge - INFO - Worker kw13 processing /app/data/T0015/315875/b34046x/arccore-315875/boards/mpc5606s_xpc560s/examples/os_simple/build_config.mk
2026-02-05 18:42:46,969 - Knowledge - WARNING - Timeout processing /app/data/T0015/315875/b34046x/arccore-315875/common/printf.c after 90s - using fallback metadata
2026-02-05 18:42:46,970 - Knowledge - INFO - Async storage completed for 8 embeddings
2026-02-05 18:42:47,725 - Knowledge - INFO - process ingested knowledge for /app/data/T0015/315875/b34046x/arccore-315875/arch/ppc/mpc55xx/drivers/mpc5567.h
2026-02-05 18:42:47,776 - Knowledge - INFO - process ingested knowledge for /app/data/T0015/315875/b34046x/arccore-315875/arch/ppc/mpc55xx/delivery/mpc5500_h7f/include/ssd_types.h
2026-02-05 18:42:47,904 - Knowledge - INFO - done ingest for /app/data/T0015/315875/b34046x/arccore-315875/system/SchM/SchM.c
2026-02-05 18:42:47,923 - Knowledge - INFO - [LLM_CALL] Completed: flash_ll_h7f_c90.h:chunk1, Duration: 52624ms, PromptTokens: 3650, CompletionTokens: 737, Cost: $0.00066
2026-02-05 18:42:48,275 - Knowledge - INFO - Fast-tracked /app/data/T0015/315875/b34046x/arccore-315875/boards/mpc5606s_xpc560s/examples/os_simple/config/EcuM.mk (ext=.mk, size=37)
2026-02-05 18:42:48,399 - Knowledge - INFO - Async storage completed for 8 embeddings
2026-02-05 18:42:48,452 - Knowledge - INFO - Fast-tracked /app/data/T0015/315875/b34046x/arccore-315875/boards/mpc5606s_xpc560s/examples/os_simple/build_config.mk (ext=.mk, size=241)
2026-02-05 18:42:48,890 - Knowledge - INFO - process ingested knowledge for /app/data/T0015/315875/b34046x/arccore-315875/arch/ppc/mpc55xx/drivers/LinFlex.c
2026-02-05 18:42:49,056 - Knowledge - INFO - process ingested knowledge for /app/data/T0015/315875/b34046x/arccore-315875/arch/ppc/mpc55xx/delivery/mpc5500_h7f/include/ssd_h7f.h
2026-02-05 18:42:49,334 - Knowledge - INFO - done ingest for /app/data/T0015/315875/b34046x/arccore-315875/arch/ppc/mpc55xx/drivers/flash_ll_h7f_c90.h
2026-02-05 18:42:49,352 - Knowledge - INFO - [LLM_CALL] Completed: flash_ll_h7f_c90.c:chunk1, Duration: 51202ms, PromptTokens: 10206, CompletionTokens: 679, Cost: $0.00129
2026-02-05 18:42:49,495 - Knowledge - INFO - Worker kw19 processing /app/data/T0015/315875/b34046x/arccore-315875/boards/mpc5606s_xpc560s/examples/os_simple/config/EcuM_PBcfg.c
2026-02-05 18:42:49,858 - Knowledge - INFO - Worker kw13 processing /app/data/T0015/315875/b34046x/arccore-315875/boards/mpc551xsim/board_info.txt
2026-02-05 18:42:49,908 - Knowledge - INFO - Fast-tracked /app/data/T0015/315875/b34046x/arccore-315875/diagnostic/Det/Det.c (small file (0 bytes))
2026-02-05 18:42:50,084 - Knowledge - INFO - process ingested knowledge for /app/data/T0015/315875/b34046x/arccore-315875/arch/ppc/mpc55xx/drivers/560xP_HEADER_v1_10_SBCHM.h
2026-02-05 18:42:50,266 - Knowledge - INFO - process ingested knowledge for /app/data/T0015/315875/b34046x/arccore-315875/arch/ppc/mpc55xx/delivery/mpc5500_h7f/include/ssd_c90fl_internal.h
2026-02-05 18:42:50,488 - Knowledge - INFO - done ingest for /app/data/T0015/315875/b34046x/arccore-315875/arch/ppc/mpc55xx/drivers/flash_ll_h7f_c90.c
2026-02-05 18:42:50,575 - Knowledge - INFO - Async storing batch of 8 embeddings
2026-02-05 18:42:50,741 - Knowledge - INFO - [LLM_CALL] Completed: shell.c:chunk1, Duration: 53312ms, PromptTokens: 4452, CompletionTokens: 329, Cost: $0.00058
2026-02-05 18:42:51,108 - Knowledge - INFO - Fast-tracked /app/data/T0015/315875/b34046x/arccore-315875/boards/mpc551xsim/board_info.txt (ext=.txt, size=480)
2026-02-05 18:42:51,286 - Knowledge - INFO - Async storage completed for 8 embeddings
2026-02-05 18:42:51,366 - Knowledge - INFO - process ingested knowledge for /app/data/T0015/315875/b34046x/arccore-315875/arch/ppc/mpc55xx/drivers/Dma.c
2026-02-05 18:42:52,088 - Knowledge - INFO - Worker kw17 processing /app/data/T0015/315875/b34046x/arccore-315875/boards/mpc551xsim/build_config.mk
2026-02-05 18:42:52,134 - Knowledge - INFO - done ingest for /app/data/T0015/315875/b34046x/arccore-315875/common/shell.c
2026-02-05 18:42:52,902 - Knowledge - INFO - [kw6] Queue=570, InProgress=0, PendingWorkers=20/20, Completed=390/1086 (35.9%)
2026-02-05 18:42:52,962 - Knowledge - INFO - process ingested knowledge for /app/data/T0015/315875/b34046x/arccore-315875/arch/ppc/mpc55xx/drivers/Can.c
2026-02-05 18:42:53,005 - Knowledge - INFO - Fast-tracked /app/data/T0015/315875/b34046x/arccore-315875/boards/mpc551xsim/build_config.mk (ext=.mk, size=985)
2026-02-05 18:42:53,338 - Knowledge - INFO - Batch sizing: calculated=8, max_allowed=10, queue=570, active_workers=20/20
2026-02-05 18:42:53,404 - Knowledge - INFO - [LLM_CALL] Completed: internal.h:chunk1, Duration: 44328ms, PromptTokens: 4456, CompletionTokens: 246, Cost: $0.00054
2026-02-05 18:42:53,746 - Knowledge - INFO - Worker kw17 processing /app/data/T0015/315875/b34046x/arccore-315875/boards/mpc551xsim/examples/os_schtbl/os_schtbl.c
2026-02-05 18:42:53,947 - Knowledge - INFO - process ingested knowledge for /app/data/T0015/315875/b34046x/arccore-315875/arch/ppc/mpc55xx/drivers/Wdg.c
2026-02-05 18:42:54,156 - Knowledge - INFO - done ingest for /app/data/T0015/315875/b34046x/arccore-315875/system/kernel/include/internal.h
2026-02-05 18:42:54,336 - Knowledge - INFO - Async storing batch of 8 embeddings
2026-02-05 18:42:54,420 - Knowledge - INFO - Worker kw17 processing /app/data/T0015/315875/b34046x/arccore-315875/boards/mpc551xsim/examples/os_schtbl/config/EcuM.mk
2026-02-05 18:42:54,432 - Knowledge - INFO - [LLM_CALL] Completed: WdgM.c:chunk1, Duration: 34223ms, PromptTokens: 14494, CompletionTokens: 913, Cost: $0.00181
2026-02-05 18:42:54,937 - Knowledge - INFO - Worker kw6 processing /app/data/T0015/315875/b34046x/arccore-315875/boards/mpc551xsim/examples/os_schtbl/config/Os_Cfg.h
2026-02-05 18:42:55,151 - Knowledge - INFO - Fast-tracked /app/data/T0015/315875/b34046x/arccore-315875/boards/mpc551xsim/examples/os_schtbl/config/EcuM.mk (ext=.mk, size=37)
2026-02-05 18:42:55,203 - Knowledge - INFO - done ingest for /app/data/T0015/315875/b34046x/arccore-315875/system/WdgM/WdgM.c
2026-02-05 18:42:55,291 - Knowledge - INFO - [LLM_CALL] Completed: Gpt.c:chunk1, Duration: 113243ms, PromptTokens: 11718, CompletionTokens: 789, Cost: $0.00149
2026-02-05 18:42:55,419 - Knowledge - INFO - Worker kw6 processing /app/data/T0015/315875/b34046x/arccore-315875/boards/mpc551xsim/examples/os_schtbl/config/EcuM_Cfg.h
2026-02-05 18:42:55,439 - Knowledge - INFO - Fast-tracked /app/data/T0015/315875/b34046x/arccore-315875/boards/mpc5606s_xpc560s/config/Eep_Cfg.h (small file (0 bytes))
2026-02-05 18:42:55,545 - Knowledge - INFO - Worker kw17 processing /app/data/T0015/315875/b34046x/arccore-315875/boards/mpc551xsim/examples/os_schtbl/config/EcuM_PBcfg.c
2026-02-05 18:42:55,963 - Knowledge - INFO - done ingest for /app/data/T0015/315875/b34046x/arccore-315875/arch/ppc/mpc55xx/drivers/Gpt.c
2026-02-05 18:42:55,973 - Knowledge - INFO - [LLM_CALL] Completed: Pwm.c:chunk1, Duration: 77184ms, PromptTokens: 18306, CompletionTokens: 711, Cost: $0.00211
2026-02-05 18:42:56,190 - Knowledge - INFO - Fast-tracked /app/data/T0015/315875/b34046x/arccore-315875/boards/mpc5606s_xpc560s/examples/os_simple/config/Os_Cfg.h (small file (2971 bytes))
2026-02-05 18:42:56,240 - Knowledge - INFO - Fast-tracked /app/data/T0015/315875/b34046x/arccore-315875/boards/mpc551xsim/examples/os_schtbl/config/EcuM_Cfg.h (ext=.h, size=1365)
2026-02-05 18:42:56,574 - Knowledge - INFO - Worker kw17 processing /app/data/T0015/315875/b34046x/arccore-315875/boards/mpc551xsim/examples/os_schtbl/config/Os_Cfg.c
2026-02-05 18:42:56,745 - Knowledge - WARNING - Timeout processing /app/data/T0015/315875/b34046x/arccore-315875/arch/ppc/mpc55xx/drivers/PwmFlex.c after 90s - using fallback metadata
2026-02-05 18:42:56,770 - Knowledge - INFO - done ingest for /app/data/T0015/315875/b34046x/arccore-315875/arch/ppc/mpc55xx/drivers/Pwm.c
2026-02-05 18:42:56,917 - Knowledge - INFO - Async storage completed for 8 embeddings
2026-02-05 18:42:56,964 - Knowledge - INFO - Processing batch of 8 files
2026-02-05 18:42:57,088 - Knowledge - INFO - Worker kw6 processing /app/data/T0015/315875/b34046x/arccore-315875/boards/mpc551xsim/examples/os_schtbl/build_config.mk
2026-02-05 18:42:57,335 - Knowledge - INFO - Worker kw17 processing /app/data/T0015/315875/b34046x/arccore-315875/boards/mpc551xsim/examples/os_schtbl/config/Det_Cfg.h
2026-02-05 18:42:57,664 - Knowledge - WARNING - Timeout processing /app/data/T0015/315875/b34046x/arccore-315875/arch/ppc/mpc55xx/drivers/flash_h7f_c90.c after 90s - using fallback metadata
2026-02-05 18:42:58,577 - Knowledge - INFO - process ingested knowledge for /app/data/T0015/315875/b34046x/arccore-315875/common/ramlog.c
2026-02-05 18:42:58,686 - Knowledge - INFO - Fast-tracked /app/data/T0015/315875/b34046x/arccore-315875/boards/mpc551xsim/examples/os_schtbl/build_config.mk (ext=.mk, size=241)
2026-02-05 18:42:58,970 - Knowledge - INFO - Fast-tracked /app/data/T0015/315875/b34046x/arccore-315875/boards/mpc551xsim/examples/os_schtbl/config/Det_Cfg.h (ext=.h, size=1121)
2026-02-05 18:42:59,294 - Knowledge - INFO - Async storage completed for 8 embeddings
2026-02-05 18:42:59,568 - Knowledge - INFO - Worker kw6 processing /app/data/T0015/315875/b34046x/arccore-315875/boards/mpc551xsim/examples/os_simple/config/EcuM.mk
2026-02-05 18:42:59,635 - Knowledge - INFO - Worker kw17 processing /app/data/T0015/315875/b34046x/arccore-315875/boards/mpc551xsim/examples/os_schtbl/config/Mcu_Cfg.h
2026-02-05 18:42:59,772 - Knowledge - INFO - [LLM_CALL] Completed: alarm_i.h:chunk1, Duration: 39653ms, PromptTokens: 3154, CompletionTokens: 391, Cost: $0.00047
2026-02-05 18:42:59,953 - Knowledge - INFO - Fast-tracked /app/data/T0015/315875/b34046x/arccore-315875/boards/mpc551xsim/examples/os_simple/config/EcuM.mk (ext=.mk, size=37)
2026-02-05 18:43:00,084 - Knowledge - INFO - Fast-tracked /app/data/T0015/315875/b34046x/arccore-315875/boards/mpc551xsim/examples/os_schtbl/config/Mcu_Cfg.h (ext=.h, size=1005)
2026-02-05 18:43:00,204 - Knowledge - INFO - done ingest for /app/data/T0015/315875/b34046x/arccore-315875/system/kernel/include/alarm_i.h
2026-02-05 18:43:00,239 - Knowledge - INFO - process ingested knowledge for /app/data/T0015/315875/b34046x/arccore-315875/common/mbox.c
2026-02-05 18:43:00,289 - Knowledge - INFO - [LLM_CALL] Completed: newlib_port.c:chunk1, Duration: 122489ms, PromptTokens: 7516, CompletionTokens: 857, Cost: $0.00109
2026-02-05 18:43:00,329 - Knowledge - INFO - Worker kw6 processing /app/data/T0015/315875/b34046x/arccore-315875/boards/mpc551xsim/examples/os_simple/config/EcuM_PBcfg.c
2026-02-05 18:43:00,508 - Knowledge - INFO - Worker kw17 processing /app/data/T0015/315875/b34046x/arccore-315875/boards/mpc551xsim/examples/os_schtbl/config/Mcu_Cfg.c
2026-02-05 18:43:00,849 - Knowledge - INFO - process ingested knowledge for /app/data/T0015/315875/b34046x/arccore-315875/common/arc.c
2026-02-05 18:43:01,017 - Knowledge - INFO - done ingest for /app/data/T0015/315875/b34046x/arccore-315875/common/newlib_port.c
2026-02-05 18:43:01,214 - Knowledge - INFO - [LLM_CALL] Completed: Eep_Lcfg.c:chunk1, Duration: 19572ms, PromptTokens: 2826, CompletionTokens: 253, Cost: $0.00038
2026-02-05 18:43:01,262 - Knowledge - INFO - Worker kw6 processing /app/data/T0015/315875/b34046x/arccore-315875/boards/mpc551xsim/examples/os_simple/config/Os_Cfg.c
2026-02-05 18:43:01,437 - Knowledge - INFO - Fast-tracked /app/data/T0015/315875/b34046x/arccore-315875/boards/mpc551xsim/examples/os_schtbl/config/Mcu_Cfg.c (ext=.c, size=985)
2026-02-05 18:43:01,927 - Knowledge - INFO - done ingest for /app/data/T0015/315875/b34046x/arccore-315875/boards/mpc5606s_xpc560s/config/Eep_Lcfg.c
2026-02-05 18:43:01,966 - Knowledge - INFO - Processing batch of 8 files
2026-02-05 18:43:02,114 - Knowledge - INFO - process ingested knowledge for /app/data/T0015/315875/b34046x/arccore-315875/system/Crc/Crc_32.c
2026-02-05 18:43:02,136 - Knowledge - INFO - [WEBSOCKET] Sent: Type=progress_update, Size: 296, Duration: 0ms
2026-02-05 18:43:02,184 - Knowledge - INFO - Worker kw6 processing /app/data/T0015/315875/b34046x/arccore-315875/boards/mpc551xsim/examples/os_simple/config/Det_Cfg.h
2026-02-05 18:43:02,645 - Knowledge - INFO - Fast-tracked /app/data/T0015/315875/b34046x/arccore-315875/boards/mpc551xsim/examples/os_schtbl/os_schtbl.c (small file (1994 bytes))
2026-02-05 18:43:02,899 - Knowledge - INFO - process ingested knowledge for /app/data/T0015/315875/b34046x/arccore-315875/system/SchM/SchM_Pwm.h
2026-02-05 18:43:03,340 - Knowledge - INFO - process ingested knowledge for /app/data/T0015/315875/b34046x/arccore-315875/system/Crc/Crc_16.c
2026-02-05 18:43:03,342 - Knowledge - INFO - [LLM_CALL] Completed: cirq_buffer.c:chunk1, Duration: 77152ms, PromptTokens: 4206, CompletionTokens: 555, Cost: $0.00064
2026-02-05 18:43:03,414 - Knowledge - INFO - Fast-tracked /app/data/T0015/315875/b34046x/arccore-315875/boards/mpc551xsim/examples/os_simple/config/Det_Cfg.h (ext=.h, size=1121)
2026-02-05 18:43:03,805 - Knowledge - INFO - process ingested knowledge for /app/data/T0015/315875/b34046x/arccore-315875/system/SchM/SchM_Spi.h
2026-02-05 18:43:03,975 - Knowledge - INFO - process ingested knowledge for /app/data/T0015/315875/b34046x/arccore-315875/system/readme.txt
2026-02-05 18:43:04,244 - Knowledge - INFO - done ingest for /app/data/T0015/315875/b34046x/arccore-315875/common/cirq_buffer.c
2026-02-05 18:43:04,275 - Knowledge - INFO - [WEBSOCKET] Sent: Type=unknown, Size: ?, Duration: 2138ms
2026-02-05 18:43:04,385 - Knowledge - INFO - Worker kw6 processing /app/data/T0015/315875/b34046x/arccore-315875/boards/mpc551xsim/examples/os_simple/config/Mcu_Cfg.h
2026-02-05 18:43:04,463 - Knowledge - INFO - process ingested knowledge for /app/data/T0015/315875/b34046x/arccore-315875/system/SchM/SchM_ComM.h
2026-02-05 18:43:04,565 - Knowledge - INFO - process ingested knowledge for /app/data/T0015/315875/b34046x/arccore-315875/system/EcuM/EcuM_Generated_Types.h
2026-02-05 18:43:04,924 - Knowledge - INFO - Progress: 38.6% | Files: 424/1086 | Rate: 1.25 files/sec | Queue: 562
2026-02-05 18:43:05,128 - Knowledge - INFO - Fast-tracked /app/data/T0015/315875/b34046x/arccore-315875/boards/mpc551xsim/examples/os_simple/config/Mcu_Cfg.h (ext=.h, size=1005)
2026-02-05 18:43:05,245 - Knowledge - INFO - Processing batch of 8 files
2026-02-05 18:43:05,311 - Knowledge - INFO - [LLM_CALL] Completed: EcuM_Main.c:chunk1, Duration: 77601ms, PromptTokens: 13172, CompletionTokens: 1258, Cost: $0.00182
2026-02-05 18:43:05,320 - Knowledge - INFO - process ingested knowledge for /app/data/T0015/315875/b34046x/arccore-315875/system/SchM/SchM.c
2026-02-05 18:43:05,468 - Knowledge - INFO - process ingested knowledge for /app/data/T0015/315875/b34046x/arccore-315875/system/EcuM/EcuM_ServiceComponent.c
2026-02-05 18:43:05,649 - Knowledge - INFO - [kw1] Queue=562, InProgress=0, PendingWorkers=20/20, Completed=427/1086 (39.3%)
2026-02-05 18:43:05,858 - Knowledge - INFO - Fast-tracked /app/data/T0015/315875/b34046x/arccore-315875/boards/mpc551xsim/examples/os_schtbl/config/Os_Cfg.h (small file (2983 bytes))
2026-02-05 18:43:05,951 - Knowledge - INFO - process ingested knowledge for /app/data/T0015/315875/b34046x/arccore-315875/arch/ppc/mpc55xx/drivers/MPC5607B.h
2026-02-05 18:43:06,093 - Knowledge - INFO - done ingest for /app/data/T0015/315875/b34046x/arccore-315875/system/EcuM/EcuM_Main.c
2026-02-05 18:43:06,104 - Knowledge - INFO - [LLM_CALL] Completed: Fls_Cfg.h:chunk1, Duration: 31930ms, PromptTokens: 2852, CompletionTokens: 321, Cost: $0.00041
2026-02-05 18:43:06,243 - Knowledge - INFO - process ingested knowledge for /app/data/T0015/315875/b34046x/arccore-315875/system/SchM/SchM_Can.h
2026-02-05 18:43:06,503 - Knowledge - INFO - Batch sizing: calculated=8, max_allowed=10, queue=562, active_workers=20/20
2026-02-05 18:43:07,087 - Knowledge - INFO - process ingested knowledge for /app/data/T0015/315875/b34046x/arccore-315875/arch/ppc/mpc55xx/drivers/mpc5606s.h
2026-02-05 18:43:07,181 - Knowledge - INFO - done ingest for /app/data/T0015/315875/b34046x/arccore-315875/boards/mpc5606s_xpc560s/config/Fls_Cfg.h
2026-02-05 18:43:07,193 - Knowledge - INFO - [kw15] Queue=562, InProgress=0, PendingWorkers=20/20, Completed=427/1086 (39.3%)
2026-02-05 18:43:07,266 - Knowledge - INFO - Processing batch of 8 files
2026-02-05 18:43:07,272 - Knowledge - INFO - [LLM_CALL] Completed: Os_Cfg.c:chunk1, Duration: 14667ms, PromptTokens: 3068, CompletionTokens: 334, Cost: $0.00044
2026-02-05 18:43:07,474 - Knowledge - INFO - process ingested knowledge for /app/data/T0015/315875/b34046x/arccore-315875/system/SchM/SchM_CanSM.h
2026-02-05 18:43:07,586 - Knowledge - INFO - process ingested knowledge for /app/data/T0015/315875/b34046x/arccore-315875/arch/ppc/mpc55xx/drivers/typedefs.h
2026-02-05 18:43:07,816 - Knowledge - INFO - Batch sizing: calculated=8, max_allowed=10, queue=562, active_workers=20/20
2026-02-05 18:43:07,937 - Knowledge - INFO - process ingested knowledge for /app/data/T0015/315875/b34046x/arccore-315875/memory/Fee/Fee.c
2026-02-05 18:43:08,132 - Knowledge - INFO - done ingest for /app/data/T0015/315875/b34046x/arccore-315875/boards/mpc5606s_xpc560s/examples/os_simple/config/Os_Cfg.c
2026-02-05 18:43:08,156 - Knowledge - INFO - [LLM_CALL] Completed: counter_i.h:chunk1, Duration: 120133ms, PromptTokens: 2696, CompletionTokens: 447, Cost: $0.00045
2026-02-05 18:43:08,194 - Knowledge - INFO - process ingested knowledge for /app/data/T0015/315875/b34046x/arccore-315875/system/SchM/SchM_Eep.h
2026-02-05 18:43:08,461 - Knowledge - INFO - process ingested knowledge for /app/data/T0015/315875/b34046x/arccore-315875/arch/ppc/mpc55xx/drivers/Esci.h
2026-02-05 18:43:08,810 - Knowledge - INFO - process ingested knowledge for /app/data/T0015/315875/b34046x/arccore-315875/memory/Ea/Ea.c
2026-02-05 18:43:08,856 - Knowledge - INFO - done ingest for /app/data/T0015/315875/b34046x/arccore-315875/system/kernel/include/counter_i.h
2026-02-05 18:43:08,861 - Knowledge - INFO - [LLM_CALL] Completed: Fls_Cfg.c:chunk1, Duration: 16630ms, PromptTokens: 3742, CompletionTokens: 179, Cost: $0.00045
2026-02-05 18:43:09,472 - Knowledge - INFO - process ingested knowledge for /app/data/T0015/315875/b34046x/arccore-315875/system/SchM/SchM_EcuM.h
2026-02-05 18:43:09,487 - Knowledge - INFO - process ingested knowledge for /app/data/T0015/315875/b34046x/arccore-315875/memory/MemIf/MemIf.c
2026-02-05 18:43:09,495 - Knowledge - INFO - process ingested knowledge for /app/data/T0015/315875/b34046x/arccore-315875/arch/ppc/mpc55xx/drivers/Mcu.c
2026-02-05 18:43:09,737 - Knowledge - INFO - done ingest for /app/data/T0015/315875/b34046x/arccore-315875/boards/mpc5606s_xpc560s/config/Fls_Cfg.c
2026-02-05 18:43:09,827 - Knowledge - INFO - [LLM_CALL] Completed: counter.c:chunk1, Duration: 66804ms, PromptTokens: 4248, CompletionTokens: 633, Cost: $0.00068
2026-02-05 18:43:10,083 - Knowledge - INFO - process ingested knowledge for /app/data/T0015/315875/b34046x/arccore-315875/memory/NvM/NvM.c
2026-02-05 18:43:10,102 - Knowledge - INFO - process ingested knowledge for /app/data/T0015/315875/b34046x/arccore-315875/arch/ppc/mpc55xx/drivers/Adc_eQADC.c
2026-02-05 18:43:10,357 - Knowledge - INFO - done ingest for /app/data/T0015/315875/b34046x/arccore-315875/system/kernel/counter.c
2026-02-05 18:43:10,423 - Knowledge - INFO - Async storing batch of 8 embeddings
2026-02-05 18:43:10,441 - Knowledge - INFO - [LLM_CALL] Completed: semaphore.c:chunk1, Duration: 51920ms, PromptTokens: 3358, CompletionTokens: 540, Cost: $0.00055
2026-02-05 18:43:10,637 - Knowledge - INFO - process ingested knowledge for /app/data/T0015/315875/b34046x/arccore-315875/memory/NvM/Nvm_ServiceComponent.c
2026-02-05 18:43:10,659 - Knowledge - INFO - process ingested knowledge for /app/data/T0015/315875/b34046x/arccore-315875/arch/ppc/mpc55xx/drivers/Port.c
2026-02-05 18:43:11,044 - Knowledge - INFO - Worker kw15 processing /app/data/T0015/315875/b34046x/arccore-315875/boards/mpc5606b_xpc560b/config/Eep_Lcfg.c
2026-02-05 18:43:11,191 - Knowledge - INFO - done ingest for /app/data/T0015/315875/b34046x/arccore-315875/system/kernel/semaphore.c
2026-02-05 18:43:11,288 - Knowledge - INFO - Async storing batch of 8 embeddings
2026-02-05 18:43:11,347 - Knowledge - INFO - process ingested knowledge for /app/data/T0015/315875/b34046x/arccore-315875/common/console.c
2026-02-05 18:43:11,658 - Knowledge - INFO - Worker kw15 processing /app/data/T0015/315875/b34046x/arccore-315875/boards/mpc5606b_xpc560b/config/Wdg_Lcfg.c
2026-02-05 18:43:11,692 - Knowledge - INFO - Processing batch of 8 files
2026-02-05 18:43:11,938 - Knowledge - INFO - [LLM_CALL] Completed: EcuM_Callout_Stubs.c:chunk1, Duration: 128338ms, PromptTokens: 7884, CompletionTokens: 1869, Cost: $0.00154
2026-02-05 18:43:11,982 - Knowledge - INFO - Worker kw1 processing /app/data/T0015/315875/b34046x/arccore-315875/boards/mpc551xsim/examples/os_simple/config/Mcu_Cfg.c
2026-02-05 18:43:12,115 - Knowledge - INFO - process ingested knowledge for /app/data/T0015/315875/b34046x/arccore-315875/arch/ppc/mpc55xx/drivers/Fls.c
2026-02-05 18:43:12,164 - Knowledge - INFO - [kw7] Queue=546, InProgress=0, PendingWorkers=20/20, Completed=444/1086 (40.9%)
2026-02-05 18:43:12,204 - Knowledge - INFO - process ingested knowledge for /app/data/T0015/315875/b34046x/arccore-315875/common/printf.c
2026-02-05 18:43:12,346 - Knowledge - INFO - Fast-tracked /app/data/T0015/315875/b34046x/arccore-315875/boards/mpc5606b_xpc560b/config/Wdg_Lcfg.c (ext=.c, size=1426)
2026-02-05 18:43:12,548 - Knowledge - INFO - process ingested knowledge for /app/data/T0015/315875/b34046x/arccore-315875/system/SchM/SchM_CanNm.h
2026-02-05 18:43:12,703 - Knowledge - INFO - done ingest for /app/data/T0015/315875/b34046x/arccore-315875/system/EcuM/EcuM_Callout_Stubs.c
2026-02-05 18:43:12,729 - Knowledge - INFO - [LLM_CALL] Completed: EcuM_PBcfg.c:chunk1, Duration: 2968ms, PromptTokens: 2906, CompletionTokens: 271, Cost: $0.00040
2026-02-05 18:43:12,931 - Knowledge - INFO - Fast-tracked /app/data/T0015/315875/b34046x/arccore-315875/boards/mpc551xsim/examples/os_simple/config/Mcu_Cfg.c (ext=.c, size=985)
2026-02-05 18:43:13,212 - Knowledge - INFO - Batch sizing: calculated=8, max_allowed=10, queue=546, active_workers=20/20
2026-02-05 18:43:13,395 - Knowledge - INFO - process ingested knowledge for /app/data/T0015/315875/b34046x/arccore-315875/common/sleep.c
2026-02-05 18:43:13,490 - Knowledge - INFO - Worker kw15 processing /app/data/T0015/315875/b34046x/arccore-315875/boards/mpc5606b_xpc560b/config/Fls_Cfg.c
2026-02-05 18:43:14,188 - Knowledge - INFO - Async storage completed for 8 embeddings
2026-02-05 18:43:14,443 - Knowledge - INFO - done ingest for /app/data/T0015/315875/b34046x/arccore-315875/boards/mpc5606s_xpc560s/examples/os_simple/config/EcuM_PBcfg.c
2026-02-05 18:43:14,597 - Knowledge - INFO - [LLM_CALL] Completed: init.c:chunk1, Duration: 64839ms, PromptTokens: 5806, CompletionTokens: 587, Cost: $0.00082
2026-02-05 18:43:14,614 - Knowledge - INFO - Worker kw1 processing /app/data/T0015/315875/b34046x/arccore-315875/boards/mpc551xsim/examples/os_simple/config/Os_Cfg.h
2026-02-05 18:43:14,631 - Knowledge - INFO - Async storage completed for 8 embeddings
2026-02-05 18:43:14,655 - Knowledge - INFO - process ingested knowledge for /app/data/T0015/315875/b34046x/arccore-315875/system/SchM/SchM_PduR.h
2026-02-05 18:43:15,173 - Knowledge - INFO - Worker kw15 processing /app/data/T0015/315875/b34046x/arccore-315875/boards/mpc5606b_xpc560b/config/Wdg_Cfg.h
2026-02-05 18:43:15,675 - Knowledge - INFO - done ingest for /app/data/T0015/315875/b34046x/arccore-315875/system/kernel/init.c
2026-02-05 18:43:15,826 - Knowledge - INFO - Worker kw1 processing /app/data/T0015/315875/b34046x/arccore-315875/boards/mpc551xsim/examples/os_simple/config/EcuM_Cfg.h
2026-02-05 18:43:15,840 - Knowledge - INFO - [LLM_CALL] Completed: alarm.c:chunk1, Duration: 86200ms, PromptTokens: 5866, CompletionTokens: 633, Cost: $0.00084
2026-02-05 18:43:16,282 - Knowledge - INFO - Fast-tracked /app/data/T0015/315875/b34046x/arccore-315875/boards/mpc5606b_xpc560b/config/Wdg_Cfg.h (ext=.h, size=1350)
2026-02-05 18:43:16,631 - Knowledge - INFO - Fast-tracked /app/data/T0015/315875/b34046x/arccore-315875/boards/mpc551xsim/examples/os_simple/config/EcuM_Cfg.h (ext=.h, size=1365)
2026-02-05 18:43:16,763 - Knowledge - INFO - done ingest for /app/data/T0015/315875/b34046x/arccore-315875/system/kernel/alarm.c
2026-02-05 18:43:16,788 - Knowledge - INFO - Async storing batch of 8 embeddings
2026-02-05 18:43:16,811 - Knowledge - INFO - process ingested knowledge for /app/data/T0015/315875/b34046x/arccore-315875/system/SchM/SchM_Nm.h
2026-02-05 18:43:16,817 - Knowledge - INFO - Processing batch of 8 files
2026-02-05 18:43:16,894 - Knowledge - INFO - Worker kw15 processing /app/data/T0015/315875/b34046x/arccore-315875/boards/mpc5606b_xpc560b/config/Dma_Cfg.h
2026-02-05 18:43:16,998 - Knowledge - INFO - Worker kw1 processing /app/data/T0015/315875/b34046x/arccore-315875/boards/mpc551xsim/examples/os_simple/build_config.mk
2026-02-05 18:43:17,352 - Knowledge - INFO - Worker kw7 processing /app/data/T0015/315875/b34046x/arccore-315875/boards/mpc5606b_xpc560b/examples/os_simple/config/EcuM.mk
2026-02-05 18:43:17,532 - Knowledge - INFO - [WEBSOCKET] Sent: Type=progress_update, Size: 293, Duration: 0ms
2026-02-05 18:43:17,853 - Knowledge - INFO - process ingested knowledge for /app/data/T0015/315875/b34046x/arccore-315875/README.md
2026-02-05 18:43:17,976 - Knowledge - INFO - Fast-tracked /app/data/T0015/315875/b34046x/arccore-315875/boards/mpc5606b_xpc560b/config/Dma_Cfg.h (ext=.h, size=1087)
2026-02-05 18:43:18,025 - Knowledge - INFO - Fast-tracked /app/data/T0015/315875/b34046x/arccore-315875/boards/mpc551xsim/examples/os_simple/build_config.mk (ext=.mk, size=241)
2026-02-05 18:43:18,048 - Knowledge - INFO - process ingested knowledge for /app/data/T0015/315875/b34046x/arccore-315875/system/SchM/SchM_Com.h
2026-02-05 18:43:18,225 - Knowledge - INFO - Fast-tracked /app/data/T0015/315875/b34046x/arccore-315875/boards/mpc5606b_xpc560b/examples/os_simple/config/EcuM.mk (ext=.mk, size=37)
2026-02-05 18:43:18,557 - Knowledge - INFO - [WEBSOCKET] Sent: Type=unknown, Size: ?, Duration: 1025ms
2026-02-05 18:43:18,764 - Knowledge - INFO - Worker kw15 processing /app/data/T0015/315875/b34046x/arccore-315875/boards/mpc5606b_xpc560b/config/Eep_Cfg.h
2026-02-05 18:43:18,967 - Knowledge - INFO - process ingested knowledge for /app/data/T0015/315875/b34046x/arccore-315875/boards/linux/build_config.mk
2026-02-05 18:43:19,104 - Knowledge - INFO - Worker kw1 processing /app/data/T0015/315875/b34046x/arccore-315875/boards/mpc5554sim/board_info.txt
2026-02-05 18:43:19,565 - Knowledge - INFO - Worker kw7 processing /app/data/T0015/315875/b34046x/arccore-315875/boards/mpc5606b_xpc560b/examples/os_simple/config/EcuM_PBcfg.c
2026-02-05 18:43:19,734 - Knowledge - INFO - Progress: 41.7% | Files: 457/1086 | Rate: 1.29 files/sec | Queue: 538
2026-02-05 18:43:19,792 - Knowledge - INFO - Processing batch of 8 files
2026-02-05 18:43:19,842 - Knowledge - INFO - Processing batch of 8 files
2026-02-05 18:43:19,929 - Knowledge - INFO - Worker kw15 processing /app/data/T0015/315875/b34046x/arccore-315875/boards/mpc5606b_xpc560b/board_info.txt
2026-02-05 18:43:19,945 - Knowledge - INFO - [LLM_CALL] Completed: EcuM.c:chunk1, Duration: 119123ms, PromptTokens: 10440, CompletionTokens: 1769, Cost: $0.00175
2026-02-05 18:43:20,156 - Knowledge - INFO - process ingested knowledge for /app/data/T0015/315875/b34046x/arccore-315875/system/SchM/SchM_WdgM.h
2026-02-05 18:43:20,258 - Knowledge - INFO - Fast-tracked /app/data/T0015/315875/b34046x/arccore-315875/boards/mpc5554sim/board_info.txt (ext=.txt, size=297)
2026-02-05 18:43:20,554 - Knowledge - INFO - Worker kw7 processing /app/data/T0015/315875/b34046x/arccore-315875/boards/mpc5606b_xpc560b/examples/os_simple/config/Os_Cfg.c
2026-02-05 18:43:20,750 - Knowledge - INFO - process ingested knowledge for /app/data/T0015/315875/b34046x/arccore-315875/arch/ppc/mpc55xx/drivers/mpc5554_vars.h
2026-02-05 18:43:20,783 - Knowledge - INFO - process ingested knowledge for /app/data/T0015/315875/b34046x/arccore-315875/boards/mpc560xsim/board_info.txt
2026-02-05 18:43:20,816 - Knowledge - INFO - [kw8] Queue=538, InProgress=0, PendingWorkers=20/20, Completed=458/1086 (42.2%)
2026-02-05 18:43:20,873 - Knowledge - INFO - process ingested knowledge for /app/data/T0015/315875/b34046x/arccore-315875/arch/ppc/mpc55xx/drivers/ip_dspi.h
2026-02-05 18:43:21,033 - Knowledge - INFO - Fast-tracked /app/data/T0015/315875/b34046x/arccore-315875/boards/mpc5606b_xpc560b/board_info.txt (ext=.txt, size=3398)
2026-02-05 18:43:21,115 - Knowledge - INFO - done ingest for /app/data/T0015/315875/b34046x/arccore-315875/system/EcuM/EcuM.c
2026-02-05 18:43:21,370 - Knowledge - INFO - Worker kw1 processing /app/data/T0015/315875/b34046x/arccore-315875/boards/mpc5554sim/build_config.mk
2026-02-05 18:43:21,548 - Knowledge - INFO - Worker kw7 processing /app/data/T0015/315875/b34046x/arccore-315875/boards/mpc5606b_xpc560b/examples/os_simple/config/Det_Cfg.h
2026-02-05 18:43:21,820 - Knowledge - INFO - process ingested knowledge for /app/data/T0015/315875/b34046x/arccore-315875/system/WdgM/WdgM.c
2026-02-05 18:43:21,901 - Knowledge - INFO - process ingested knowledge for /app/data/T0015/315875/b34046x/arccore-315875/arch/ppc/mpc55xx/drivers/PwmFlex.c
2026-02-05 18:43:21,926 - Knowledge - INFO - [kw3] Queue=538, InProgress=0, PendingWorkers=20/20, Completed=461/1086 (42.4%)
2026-02-05 18:43:21,970 - Knowledge - INFO - Processing batch of 8 files
2026-02-05 18:43:21,972 - Knowledge - INFO - Processing batch of 8 files
2026-02-05 18:43:21,977 - Knowledge - INFO - process ingested knowledge for /app/data/T0015/315875/b34046x/arccore-315875/boards/mpc560xsim/build_config.mk
2026-02-05 18:43:22,042 - Knowledge - INFO - [LLM_CALL] Completed: application.c:chunk1, Duration: 64817ms, PromptTokens: 6994, CompletionTokens: 759, Cost: $0.00100
2026-02-05 18:43:22,075 - Knowledge - INFO - Batch sizing: calculated=8, max_allowed=10, queue=538, active_workers=20/20
2026-02-05 18:43:22,295 - Knowledge - INFO - process ingested knowledge for /app/data/T0015/315875/b34046x/arccore-315875/arch/ppc/mpc55xx/drivers/flash_h7f_c90.c
2026-02-05 18:43:22,336 - Knowledge - INFO - Worker kw15 processing /app/data/T0015/315875/b34046x/arccore-315875/boards/mpc5606b_xpc560b/build_config.mk
2026-02-05 18:43:22,707 - Knowledge - INFO - Fast-tracked /app/data/T0015/315875/b34046x/arccore-315875/boards/mpc5554sim/build_config.mk (ext=.mk, size=737)
2026-02-05 18:43:22,885 - Knowledge - INFO - Fast-tracked /app/data/T0015/315875/b34046x/arccore-315875/boards/mpc5606b_xpc560b/examples/os_simple/config/Det_Cfg.h (ext=.h, size=1122)
2026-02-05 18:43:22,985 - Knowledge - INFO - process ingested knowledge for /app/data/T0015/315875/b34046x/arccore-315875/system/WdgM/WdgM_ServiceComponent.c
2026-02-05 18:43:23,188 - Knowledge - INFO - process ingested knowledge for /app/data/T0015/315875/b34046x/arccore-315875/arch/ppc/mpc55xx/drivers/MPC5604B_0M27V_0102.h
2026-02-05 18:43:23,409 - Knowledge - INFO - Batch sizing: calculated=8, max_allowed=10, queue=538, active_workers=20/20
2026-02-05 18:43:23,562 - Knowledge - INFO - process ingested knowledge for /app/data/T0015/315875/b34046x/arccore-315875/common/newlib_port.c
2026-02-05 18:43:23,607 - Knowledge - INFO - process ingested knowledge for /app/data/T0015/315875/b34046x/arccore-315875/boards/mpc5606s_xpc560s/examples/os_simple/config/Os_Cfg.c
2026-02-05 18:43:23,800 - Knowledge - INFO - process ingested knowledge for /app/data/T0015/315875/b34046x/arccore-315875/boards/mpc5606s_xpc560s/config/Dma_Cfg.c
2026-02-05 18:43:23,919 - Knowledge - INFO - done ingest for /app/data/T0015/315875/b34046x/arccore-315875/system/kernel/application.c
2026-02-05 18:43:23,952 - Knowledge - INFO - done ingest for /app/data/T0015/315875/b34046x/arccore-315875/boards/mpc551xsim/examples/os_simple/config/EcuM_PBcfg.c
2026-02-05 18:43:23,958 - Knowledge - INFO - [LLM_CALL] Completed: sys.h:chunk1, Duration: 87041ms, PromptTokens: 3202, CompletionTokens: 458, Cost: $0.00050
2026-02-05 18:43:24,275 - Knowledge - INFO - process ingested knowledge for /app/data/T0015/315875/b34046x/arccore-315875/arch/ppc/mpc55xx/drivers/MPC5606B.h
2026-02-05 18:43:24,378 - Knowledge - INFO - Fast-tracked /app/data/T0015/315875/b34046x/arccore-315875/boards/mpc5606b_xpc560b/build_config.mk (ext=.mk, size=862)
2026-02-05 18:43:24,448 - Knowledge - INFO - Worker kw1 processing /app/data/T0015/315875/b34046x/arccore-315875/boards/mpc5606b_xpc560b/config/Dma_Cfg.c
2026-02-05 18:43:24,531 - Knowledge - INFO - Worker kw7 processing /app/data/T0015/315875/b34046x/arccore-315875/boards/mpc5606b_xpc560b/examples/os_simple/config/Mcu_Cfg.h
2026-02-05 18:43:24,619 - Knowledge - INFO - process ingested knowledge for /app/data/T0015/315875/b34046x/arccore-315875/diagnostic/Dcm/Rte_Dcm.h
2026-02-05 18:43:24,730 - Knowledge - INFO - process ingested knowledge for /app/data/T0015/315875/b34046x/arccore-315875/arch/ppc/mpc55xx/drivers/mpc563m_vars.h
2026-02-05 18:43:24,923 - Knowledge - INFO - process ingested knowledge for /app/data/T0015/315875/b34046x/arccore-315875/common/perf.c
2026-02-05 18:43:25,006 - Knowledge - INFO - process ingested knowledge for /app/data/T0015/315875/b34046x/arccore-315875/boards/mpc5606s_xpc560s/examples/os_simple/config/Det_Cfg.h
2026-02-05 18:43:25,083 - Knowledge - INFO - process ingested knowledge for /app/data/T0015/315875/b34046x/arccore-315875/boards/mpc5606s_xpc560s/config/Fls_Cfg.h
2026-02-05 18:43:25,667 - Knowledge - INFO - done ingest for /app/data/T0015/315875/b34046x/arccore-315875/system/kernel/include/sys.h
2026-02-05 18:43:25,669 - Knowledge - INFO - done ingest for /app/data/T0015/315875/b34046x/arccore-315875/boards/mpc551xsim/examples/os_schtbl/config/EcuM_PBcfg.c
2026-02-05 18:43:25,694 - Knowledge - INFO - [kw16] Queue=522, InProgress=0, PendingWorkers=20/20, Completed=465/1086 (42.8%)
2026-02-05 18:43:25,701 - Knowledge - INFO - [LLM_CALL] Completed: Dcm_Internal.h:chunk1, Duration: 64834ms, PromptTokens: 5078, CompletionTokens: 626, Cost: $0.00076
2026-02-05 18:43:25,790 - Knowledge - INFO - process ingested knowledge for /app/data/T0015/315875/b34046x/arccore-315875/arch/ppc/mpc55xx/drivers/mpc5554.h
2026-02-05 18:43:26,151 - Knowledge - INFO - Worker kw1 processing /app/data/T0015/315875/b34046x/arccore-315875/boards/mpc5606b_xpc560b/config/Fls_Cfg.h
2026-02-05 18:43:26,278 - Knowledge - INFO - Fast-tracked /app/data/T0015/315875/b34046x/arccore-315875/boards/mpc5606b_xpc560b/examples/os_simple/config/Mcu_Cfg.h (ext=.h, size=956)
2026-02-05 18:43:26,828 - Knowledge - INFO - process ingested knowledge for /app/data/T0015/315875/b34046x/arccore-315875/arch/ppc/mpc55xx/drivers/Gpt.c
2026-02-05 18:43:26,836 - Knowledge - INFO - process ingested knowledge for /app/data/T0015/315875/b34046x/arccore-315875/common/iar_port.c
2026-02-05 18:43:26,839 - Knowledge - INFO - process ingested knowledge for /app/data/T0015/315875/b34046x/arccore-315875/boards/mpc5606s_xpc560s/examples/os_simple/config/Mcu_Cfg.h
2026-02-05 18:43:26,946 - Knowledge - INFO - process ingested knowledge for /app/data/T0015/315875/b34046x/arccore-315875/boards/mpc5606s_xpc560s/config/Eep_Lcfg.c
2026-02-05 18:43:27,298 - Knowledge - WARNING - Timeout processing /app/data/T0015/315875/b34046x/arccore-315875/system/kernel/include/task_i.h after 90s - using fallback metadata
2026-02-05 18:43:27,364 - Knowledge - INFO - Batch sizing: calculated=8, max_allowed=10, queue=522, active_workers=20/20
2026-02-05 18:43:27,444 - Knowledge - INFO - done ingest for /app/data/T0015/315875/b34046x/arccore-315875/diagnostic/Dcm/Dcm_Internal.h
2026-02-05 18:43:27,487 - Knowledge - INFO - [LLM_CALL] Completed: sched_table.c:chunk1, Duration: 42368ms, PromptTokens: 10512, CompletionTokens: 545, Cost: $0.00127
2026-02-05 18:43:27,506 - Knowledge - INFO - Async storing batch of 8 embeddings
2026-02-05 18:43:27,561 - Knowledge - INFO - process ingested knowledge for /app/data/T0015/315875/b34046x/arccore-315875/arch/ppc/mpc55xx/drivers/Cpu.c
2026-02-05 18:43:27,780 - Knowledge - INFO - Fast-tracked /app/data/T0015/315875/b34046x/arccore-315875/boards/mpc551xsim/examples/os_simple/config/Os_Cfg.h (small file (2970 bytes))
2026-02-05 18:43:27,845 - Knowledge - INFO - Worker kw7 processing /app/data/T0015/315875/b34046x/arccore-315875/boards/mpc5606b_xpc560b/examples/os_simple/config/Mcu_Cfg.c
2026-02-05 18:43:27,934 - Knowledge - INFO - process ingested knowledge for /app/data/T0015/315875/b34046x/arccore-315875/arch/ppc/mpc55xx/drivers/timer_rtc.c
2026-02-05 18:43:28,221 - Knowledge - INFO - process ingested knowledge for /app/data/T0015/315875/b34046x/arccore-315875/common/msl_port.c
2026-02-05 18:43:28,222 - Knowledge - INFO - process ingested knowledge for /app/data/T0015/315875/b34046x/arccore-315875/boards/mpc5606s_xpc560s/examples/os_simple/config/Mcu_Cfg.c
2026-02-05 18:43:28,311 - Knowledge - INFO - process ingested knowledge for /app/data/T0015/315875/b34046x/arccore-315875/boards/mpc5606s_xpc560s/config/Wdg_Lcfg.c
2026-02-05 18:43:28,811 - Knowledge - INFO - done ingest for /app/data/T0015/315875/b34046x/arccore-315875/system/kernel/sched_table.c
2026-02-05 18:43:28,817 - Knowledge - INFO - Async storing batch of 8 embeddings
2026-02-05 18:43:28,846 - Knowledge - INFO - [LLM_CALL] Completed: Os_Cfg.c:chunk1, Duration: 17435ms, PromptTokens: 3092, CompletionTokens: 299, Cost: $0.00043
2026-02-05 18:43:28,969 - Knowledge - INFO - Worker kw8 processing /app/data/T0015/315875/b34046x/arccore-315875/boards/mpc5606b_xpc560b/examples/os_simple/build_config.mk
2026-02-05 18:43:29,270 - Knowledge - INFO - Fast-tracked /app/data/T0015/315875/b34046x/arccore-315875/boards/mpc5606b_xpc560b/config/Dma_Cfg.c (small file (2214 bytes))
2026-02-05 18:43:29,294 - Knowledge - INFO - process ingested knowledge for /app/data/T0015/315875/b34046x/arccore-315875/arch/ppc/mpc55xx/drivers/ip_edma.h
2026-02-05 18:43:29,390 - Knowledge - INFO - Fast-tracked /app/data/T0015/315875/b34046x/arccore-315875/boards/mpc5606b_xpc560b/examples/os_simple/config/Mcu_Cfg.c (ext=.c, size=864)
2026-02-05 18:43:29,453 - Knowledge - INFO - process ingested knowledge for /app/data/T0015/315875/b34046x/arccore-315875/arch/ppc/mpc55xx/drivers/sys_tick.c
2026-02-05 18:43:29,693 - Knowledge - INFO - process ingested knowledge for /app/data/T0015/315875/b34046x/arccore-315875/common/cirq_buffer.c
2026-02-05 18:43:29,694 - Knowledge - INFO - process ingested knowledge for /app/data/T0015/315875/b34046x/arccore-315875/boards/mpc5606s_xpc560s/examples/os_simple/config/Os_Cfg.h
2026-02-05 18:43:30,539 - Knowledge - INFO - Worker kw3 processing /app/data/T0015/315875/b34046x/arccore-315875/boards/mpc5602b_xpc560b/board_info.txt
2026-02-05 18:43:30,626 - Knowledge - INFO - done ingest for /app/data/T0015/315875/b34046x/arccore-315875/boards/mpc551xsim/examples/os_simple/config/Os_Cfg.c
2026-02-05 18:43:30,634 - Knowledge - INFO - done ingest for /app/data/T0015/315875/b34046x/arccore-315875/boards/mpc551xsim/examples/os_schtbl/config/Os_Cfg.c
2026-02-05 18:43:30,645 - Knowledge - INFO - Async storing batch of 8 embeddings
2026-02-05 18:43:30,648 - Knowledge - INFO - [LLM_CALL] Completed: task.c:chunk1, Duration: 118927ms, PromptTokens: 14634, CompletionTokens: 1650, Cost: $0.00212
2026-02-05 18:43:30,722 - Knowledge - INFO - Fast-tracked /app/data/T0015/315875/b34046x/arccore-315875/boards/mpc5606b_xpc560b/examples/os_simple/build_config.mk (ext=.mk, size=241)
2026-02-05 18:43:31,038 - Knowledge - INFO - process ingested knowledge for /app/data/T0015/315875/b34046x/arccore-315875/arch/ppc/mpc55xx/drivers/Pwm.c
2026-02-05 18:43:31,174 - Knowledge - INFO - Worker kw7 processing /app/data/T0015/315875/b34046x/arccore-315875/boards/mpc5606b_xpc560b/examples/os_simple/config/Os_Cfg.h
2026-02-05 18:43:31,558 - Knowledge - INFO - process ingested knowledge for /app/data/T0015/315875/b34046x/arccore-315875/arch/ppc/mpc55xx/drivers/flash_ll_h7f_c90.h
2026-02-05 18:43:31,558 - Knowledge - INFO - process ingested knowledge for /app/data/T0015/315875/b34046x/arccore-315875/common/shell.c
2026-02-05 18:43:31,560 - Knowledge - INFO - process ingested knowledge for /app/data/T0015/315875/b34046x/arccore-315875/boards/mpc5606s_xpc560s/examples/os_simple/config/EcuM_Cfg.h
2026-02-05 18:43:31,622 - Knowledge - INFO - Fast-tracked /app/data/T0015/315875/b34046x/arccore-315875/boards/mpc5602b_xpc560b/board_info.txt (ext=.txt, size=3417)
2026-02-05 18:43:31,911 - Knowledge - INFO - Worker kw16 processing /app/data/T0015/315875/b34046x/arccore-315875/boards/mpc5602b_xpc560b/examples/lin_simple/config/EcuM_PBcfg.c
2026-02-05 18:43:31,995 - Knowledge - INFO - done ingest for /app/data/T0015/315875/b34046x/arccore-315875/system/kernel/task.c
2026-02-05 18:43:31,995 - Knowledge - INFO - [LLM_CALL] Completed: Dcm.c:chunk1, Duration: 58906ms, PromptTokens: 4476, CompletionTokens: 669, Cost: $0.00072
2026-02-05 18:43:32,065 - Knowledge - INFO - Worker kw8 processing /app/data/T0015/315875/b34046x/arccore-315875/boards/board_common.mk
2026-02-05 18:43:32,156 - Knowledge - INFO - process ingested knowledge for /app/data/T0015/315875/b34046x/arccore-315875/arch/ppc/mpc55xx/drivers/flash_ll_h7f_c90.c
2026-02-05 18:43:32,252 - Knowledge - INFO - Worker kw7 processing /app/data/T0015/315875/b34046x/arccore-315875/boards/mpc5606b_xpc560b/examples/os_simple/config/EcuM_Cfg.h
2026-02-05 18:43:32,409 - Knowledge - INFO - process ingested knowledge for /app/data/T0015/315875/b34046x/arccore-315875/common/tcf/streams.c
2026-02-05 18:43:32,486 - Knowledge - INFO - process ingested knowledge for /app/data/T0015/315875/b34046x/arccore-315875/boards/mpc5606s_xpc560s/examples/os_simple/build_config.mk
2026-02-05 18:43:32,565 - Knowledge - INFO - Worker kw3 processing /app/data/T0015/315875/b34046x/arccore-315875/boards/mpc5602b_xpc560b/build_config.mk
2026-02-05 18:43:32,665 - Knowledge - INFO - Worker kw16 processing /app/data/T0015/315875/b34046x/arccore-315875/boards/mpc5602b_xpc560b/examples/lin_simple/config/Os_Cfg.c
2026-02-05 18:43:32,878 - Knowledge - INFO - done ingest for /app/data/T0015/315875/b34046x/arccore-315875/diagnostic/Dcm/Dcm.c
2026-02-05 18:43:32,882 - Knowledge - INFO - Processing batch of 8 files
2026-02-05 18:43:32,882 - Knowledge - INFO - [LLM_CALL] Completed: event.c:chunk1, Duration: 61898ms, PromptTokens: 4740, CompletionTokens: 480, Cost: $0.00067
2026-02-05 18:43:32,968 - Knowledge - INFO - Worker kw8 processing /app/data/T0015/315875/b34046x/arccore-315875/boards/mpc5602b_xpc560b/config/Fls_Cfg.h
2026-02-05 18:43:33,131 - Knowledge - INFO - Fast-tracked /app/data/T0015/315875/b34046x/arccore-315875/boards/mpc5606b_xpc560b/examples/os_simple/config/EcuM_Cfg.h (ext=.h, size=1366)
2026-02-05 18:43:33,270 - Knowledge - INFO - process ingested knowledge for /app/data/T0015/315875/b34046x/arccore-315875/common/tcf/sys_monitor.h
2026-02-05 18:43:33,282 - Knowledge - INFO - process ingested knowledge for /app/data/T0015/315875/b34046x/arccore-315875/boards/mpc551xsim/board_info.txt
2026-02-05 18:43:33,364 - Knowledge - INFO - Fast-tracked /app/data/T0015/315875/b34046x/arccore-315875/boards/mpc5602b_xpc560b/build_config.mk (ext=.mk, size=836)
2026-02-05 18:43:33,466 - Knowledge - INFO - Worker kw16 processing /app/data/T0015/315875/b34046x/arccore-315875/boards/mpc5602b_xpc560b/examples/lin_simple/config/EcuM_Lin.mk
2026-02-05 18:43:33,692 - Knowledge - INFO - process ingested knowledge for /app/data/T0015/315875/b34046x/arccore-315875/boards/mpc5606s_xpc560s/config/Fls_Cfg.c
2026-02-05 18:43:33,770 - Knowledge - INFO - done ingest for /app/data/T0015/315875/b34046x/arccore-315875/system/kernel/event.c
2026-02-05 18:43:33,883 - Knowledge - INFO - Worker kw8 processing /app/data/T0015/315875/b34046x/arccore-315875/boards/mpc5602b_xpc560b/config/Eep_Lcfg.c
2026-02-05 18:43:33,990 - Knowledge - INFO - [WEBSOCKET] Sent: Type=progress_update, Size: 293, Duration: 0ms
2026-02-05 18:43:33,999 - Knowledge - INFO - [kw11] Queue=514, InProgress=0, PendingWorkers=20/20, Completed=481/1086 (44.3%)
2026-02-05 18:43:34,002 - Knowledge - INFO - [kw4] Queue=514, InProgress=0, PendingWorkers=20/20, Completed=482/1086 (44.4%)
2026-02-05 18:43:34,368 - Knowledge - INFO - Worker kw3 processing /app/data/T0015/315875/b34046x/arccore-315875/boards/mpc5602b_xpc560b/examples/lin_simple/config/EcuM.mk
2026-02-05 18:43:34,464 - Knowledge - INFO - Async storage completed for 8 embeddings
2026-02-05 18:43:34,489 - Knowledge - INFO - Fast-tracked /app/data/T0015/315875/b34046x/arccore-315875/boards/mpc5602b_xpc560b/examples/lin_simple/config/EcuM_Lin.mk (ext=.mk, size=66)
2026-02-05 18:43:34,878 - Knowledge - INFO - Worker kw8 processing /app/data/T0015/315875/b34046x/arccore-315875/boards/mpc5602b_xpc560b/config/Wdg_Lcfg.c
2026-02-05 18:43:34,884 - Knowledge - INFO - Fast-tracked /app/data/T0015/315875/b34046x/arccore-315875/boards/mpc5606b_xpc560b/config/Eep_Cfg.h (small file (0 bytes))
2026-02-05 18:43:35,033 - Knowledge - INFO - [WEBSOCKET] Sent: Type=unknown, Size: ?, Duration: 1043ms
2026-02-05 18:43:35,158 - Knowledge - INFO - Batch sizing: calculated=8, max_allowed=10, queue=514, active_workers=20/20
2026-02-05 18:43:35,358 - Knowledge - INFO - Batch sizing: calculated=8, max_allowed=10, queue=514, active_workers=20/20
2026-02-05 18:43:35,413 - Knowledge - INFO - process ingested knowledge for /app/data/T0015/315875/b34046x/arccore-315875/boards/mpc5606s_xpc560s/config/Wdg_Cfg.h
2026-02-05 18:43:35,470 - Knowledge - INFO - Fast-tracked /app/data/T0015/315875/b34046x/arccore-315875/boards/mpc5602b_xpc560b/examples/lin_simple/config/EcuM.mk (ext=.mk, size=66)
2026-02-05 18:43:35,726 - Knowledge - INFO - Worker kw16 processing /app/data/T0015/315875/b34046x/arccore-315875/boards/mpc5602b_xpc560b/examples/lin_simple/config/Det_Cfg.h
2026-02-05 18:43:35,912 - Knowledge - INFO - Fast-tracked /app/data/T0015/315875/b34046x/arccore-315875/boards/mpc5602b_xpc560b/config/Wdg_Lcfg.c (ext=.c, size=1426)
2026-02-05 18:43:36,068 - Knowledge - INFO - Async storage completed for 8 embeddings
2026-02-05 18:43:36,157 - Knowledge - INFO - Progress: 43.8% | Files: 482/1086 | Rate: 1.29 files/sec | Queue: 514
2026-02-05 18:43:36,209 - Knowledge - INFO - [LLM_CALL] Completed: Dcm_Dsd.c:chunk1, Duration: 48295ms, PromptTokens: 7616, CompletionTokens: 1164, Cost: $0.00123
2026-02-05 18:43:36,549 - Knowledge - INFO - process ingested knowledge for /app/data/T0015/315875/b34046x/arccore-315875/boards/mpc5606s_xpc560s/config/Dma_Cfg.h
2026-02-05 18:43:36,564 - Knowledge - INFO - Worker kw3 processing /app/data/T0015/315875/b34046x/arccore-315875/boards/mpc5602b_xpc560b/examples/lin_simple/config/PduR_Cfg.h
2026-02-05 18:43:36,657 - Knowledge - INFO - Fast-tracked /app/data/T0015/315875/b34046x/arccore-315875/boards/mpc5602b_xpc560b/examples/lin_simple/config/Det_Cfg.h (ext=.h, size=1122)
2026-02-05 18:43:36,755 - Knowledge - INFO - Worker kw8 processing /app/data/T0015/315875/b34046x/arccore-315875/boards/mpc5602b_xpc560b/config/Fls_Cfg.c
2026-02-05 18:43:37,028 - Knowledge - INFO - [kw10] Queue=498, InProgress=0, PendingWorkers=20/20, Completed=489/1086 (45.0%)
2026-02-05 18:43:37,038 - Knowledge - INFO - done ingest for /app/data/T0015/315875/b34046x/arccore-315875/diagnostic/Dcm/Dcm_Dsd.c
2026-02-05 18:43:37,038 - Knowledge - INFO - [LLM_CALL] Completed: isr.c:chunk1, Duration: 57579ms, PromptTokens: 7454, CompletionTokens: 911, Cost: $0.00111
2026-02-05 18:43:37,191 - Knowledge - INFO - Worker kw3 processing /app/data/T0015/315875/b34046x/arccore-315875/boards/mpc5602b_xpc560b/examples/lin_simple/config/Lin_Cfg.h
2026-02-05 18:43:37,198 - Knowledge - INFO - process ingested knowledge for /app/data/T0015/315875/b34046x/arccore-315875/boards/mpc5606s_xpc560s/config/Eep_Cfg.h
2026-02-05 18:43:37,269 - Knowledge - INFO - Worker kw16 processing /app/data/T0015/315875/b34046x/arccore-315875/boards/mpc5602b_xpc560b/examples/lin_simple/config/PduR_PbCfg.h
2026-02-05 18:43:37,354 - Knowledge - INFO - Worker kw8 processing /app/data/T0015/315875/b34046x/arccore-315875/boards/mpc5602b_xpc560b/config/Wdg_Cfg.h
2026-02-05 18:43:37,445 - Knowledge - INFO - Batch sizing: calculated=6, max_allowed=10, queue=498, active_workers=20/20
2026-02-05 18:43:37,713 - Knowledge - INFO - done ingest for /app/data/T0015/315875/b34046x/arccore-315875/system/kernel/isr.c
2026-02-05 18:43:37,741 - Knowledge - INFO - Async storing batch of 8 embeddings
2026-02-05 18:43:37,800 - Knowledge - INFO - [kw14] Queue=498, InProgress=0, PendingWorkers=20/20, Completed=489/1086 (45.0%)
2026-02-05 18:43:37,811 - Knowledge - INFO - Async storing batch of 8 embeddings
2026-02-05 18:43:37,818 - Knowledge - INFO - [kw12] Queue=498, InProgress=0, PendingWorkers=20/20, Completed=489/1086 (45.0%)
2026-02-05 18:43:37,831 - Knowledge - INFO - [kw13] Queue=498, InProgress=0, PendingWorkers=20/20, Completed=490/1086 (45.1%)
2026-02-05 18:43:37,837 - Knowledge - INFO - Worker kw3 processing /app/data/T0015/315875/b34046x/arccore-315875/boards/mpc5602b_xpc560b/examples/lin_simple/config/LinSM_Cfg.h
2026-02-05 18:43:37,934 - Knowledge - INFO - process ingested knowledge for /app/data/T0015/315875/b34046x/arccore-315875/boards/mpc5606s_xpc560s/board_info.txt
2026-02-05 18:43:38,081 - Knowledge - INFO - Fast-tracked /app/data/T0015/315875/b34046x/arccore-315875/boards/mpc5602b_xpc560b/examples/lin_simple/config/PduR_PbCfg.h (ext=.h, size=932)
2026-02-05 18:43:38,168 - Knowledge - INFO - Processing batch of 8 files
2026-02-05 18:43:38,196 - Knowledge - INFO - Processing batch of 8 files
2026-02-05 18:43:38,208 - Knowledge - INFO - Fast-tracked /app/data/T0015/315875/b34046x/arccore-315875/boards/mpc5602b_xpc560b/config/Wdg_Cfg.h (ext=.h, size=1350)
2026-02-05 18:43:38,208 - Knowledge - INFO - Processing batch of 8 files
2026-02-05 18:43:38,248 - Knowledge - INFO - Fast-tracked /app/data/T0015/315875/b34046x/arccore-315875/boards/mpc5606b_xpc560b/examples/os_simple/config/Os_Cfg.h (small file (2972 bytes))
2026-02-05 18:43:38,278 - Knowledge - INFO - Processing batch of 8 files
2026-02-05 18:43:38,332 - Knowledge - INFO - Async storing batch of 8 embeddings
2026-02-05 18:43:38,497 - Knowledge - INFO - Processing batch of 8 files
2026-02-05 18:43:38,595 - Knowledge - INFO - Worker kw11 processing /app/data/T0015/315875/b34046x/arccore-315875/boards/mpc5602b_xpc560b/examples/lin_simple/config/LinIf_Lcfg.c
2026-02-05 18:43:38,750 - Knowledge - INFO - Batch sizing: calculated=6, max_allowed=10, queue=498, active_workers=20/20
2026-02-05 18:43:38,868 - Knowledge - INFO - Worker kw4 processing /app/data/T0015/315875/b34046x/arccore-315875/boards/mpc5602b_xpc560b/examples/lin_simple/config/Os_Cfg.h
2026-02-05 18:43:39,005 - Knowledge - INFO - Batch sizing: calculated=6, max_allowed=10, queue=498, active_workers=20/20
2026-02-05 18:43:39,147 - Knowledge - INFO - Batch sizing: calculated=6, max_allowed=10, queue=498, active_workers=20/20
2026-02-05 18:43:39,343 - Knowledge - INFO - Fast-tracked /app/data/T0015/315875/b34046x/arccore-315875/boards/mpc5602b_xpc560b/examples/lin_simple/config/LinSM_Cfg.h (ext=.h, size=1684)
2026-02-05 18:43:39,476 - Knowledge - INFO - process ingested knowledge for /app/data/T0015/315875/b34046x/arccore-315875/boards/mpc5606s_xpc560s/build_config.mk
2026-02-05 18:43:39,595 - Knowledge - INFO - Worker kw16 processing /app/data/T0015/315875/b34046x/arccore-315875/boards/mpc5602b_xpc560b/examples/lin_simple/config/Mcu_Cfg.h
2026-02-05 18:43:39,631 - Knowledge - INFO - [LLM_CALL] Completed: Dcm_Dsl.c:chunk1, Duration: 59141ms, PromptTokens: 24098, CompletionTokens: 882, Cost: $0.00276
2026-02-05 18:43:39,776 - Knowledge - INFO - process ingested knowledge for /app/data/T0015/315875/b34046x/arccore-315875/system/EcuM/EcuM_Callout_Stubs.c
2026-02-05 18:43:39,887 - Knowledge - INFO - process ingested knowledge for /app/data/T0015/315875/b34046x/arccore-315875/boards/mpc551xsim/examples/os_schtbl/config/Os_Cfg.h
2026-02-05 18:43:39,968 - Knowledge - INFO - Worker kw8 processing /app/data/T0015/315875/b34046x/arccore-315875/boards/mpc5602b_xpc560b/config/Eep_Cfg.h
2026-02-05 18:43:40,049 - Knowledge - INFO - process ingested knowledge for /app/data/T0015/315875/b34046x/arccore-315875/boards/mpc551xsim/build_config.mk
2026-02-05 18:43:40,157 - Knowledge - INFO - Async storage completed for 8 embeddings
2026-02-05 18:43:40,227 - Knowledge - INFO - process ingested knowledge for /app/data/T0015/315875/b34046x/arccore-315875/system/kernel/include/counter_i.h
2026-02-05 18:43:40,350 - Knowledge - INFO - Worker kw10 processing /app/data/T0015/315875/b34046x/arccore-315875/boards/mpc5602b_xpc560b/examples/os_simple/config/EcuM_PBcfg.c
2026-02-05 18:43:40,430 - Knowledge - INFO - process ingested knowledge for /app/data/T0015/315875/b34046x/arccore-315875/system/kernel/task.c
2026-02-05 18:43:40,534 - Knowledge - INFO - Worker kw11 processing /app/data/T0015/315875/b34046x/arccore-315875/boards/mpc5602b_xpc560b/examples/lin_simple/config/Com_PbCfg.c
2026-02-05 18:43:40,717 - Knowledge - INFO - Worker kw4 processing /app/data/T0015/315875/b34046x/arccore-315875/boards/mpc5602b_xpc560b/examples/lin_simple/config/LinIf_Cfg.h
2026-02-05 18:43:40,981 - Knowledge - INFO - Worker kw3 processing /app/data/T0015/315875/b34046x/arccore-315875/boards/mpc5602b_xpc560b/examples/lin_simple/config/Com_Cfg.h
2026-02-05 18:43:41,088 - Knowledge - INFO - process ingested knowledge for /app/data/T0015/315875/b34046x/arccore-315875/boards/mpc5606s_xpc560s/examples/os_simple/config/EcuM.mk
2026-02-05 18:43:41,165 - Knowledge - INFO - Fast-tracked /app/data/T0015/315875/b34046x/arccore-315875/boards/mpc5602b_xpc560b/examples/lin_simple/config/Mcu_Cfg.h (ext=.h, size=942)
2026-02-05 18:43:41,253 - Knowledge - INFO - done ingest for /app/data/T0015/315875/b34046x/arccore-315875/diagnostic/Dcm/Dcm_Dsl.c
2026-02-05 18:43:41,255 - Knowledge - INFO - [LLM_CALL] Completed: Fls_Cfg.h:chunk1, Duration: 8373ms, PromptTokens: 2852, CompletionTokens: 283, Cost: $0.00040
2026-02-05 18:43:41,364 - Knowledge - INFO - process ingested knowledge for /app/data/T0015/315875/b34046x/arccore-315875/system/EcuM/EcuM.c
2026-02-05 18:43:41,445 - Knowledge - INFO - process ingested knowledge for /app/data/T0015/315875/b34046x/arccore-315875/boards/mpc551xsim/examples/os_schtbl/config/EcuM_Cfg.h
2026-02-05 18:43:41,596 - Knowledge - INFO - process ingested knowledge for /app/data/T0015/315875/b34046x/arccore-315875/boards/mpc551xsim/examples/os_schtbl/os_schtbl.c
2026-02-05 18:43:41,828 - Knowledge - INFO - process ingested knowledge for /app/data/T0015/315875/b34046x/arccore-315875/system/kernel/include/swap.h
2026-02-05 18:43:41,910 - Knowledge - INFO - Worker kw10 processing /app/data/T0015/315875/b34046x/arccore-315875/boards/mpc5602b_xpc560b/examples/os_simple/config/Os_Cfg.c
2026-02-05 18:43:41,982 - Knowledge - INFO - process ingested knowledge for /app/data/T0015/315875/b34046x/arccore-315875/system/kernel/trusted.c
2026-02-05 18:43:42,057 - Knowledge - INFO - Worker kw11 processing /app/data/T0015/315875/b34046x/arccore-315875/boards/mpc5602b_xpc560b/examples/lin_simple/config/Mcu_Cfg.c
2026-02-05 18:43:42,135 - Knowledge - INFO - Worker kw4 processing /app/data/T0015/315875/b34046x/arccore-315875/boards/mpc5602b_xpc560b/examples/lin_simple/config/Lin_Lcfg.c
2026-02-05 18:43:42,202 - Knowledge - INFO - Fast-tracked /app/data/T0015/315875/b34046x/arccore-315875/boards/mpc5602b_xpc560b/examples/lin_simple/config/Com_Cfg.h (ext=.h, size=1145)
2026-02-05 18:43:42,313 - Knowledge - INFO - process ingested knowledge for /app/data/T0015/315875/b34046x/arccore-315875/boards/mpc5606s_xpc560s/examples/os_simple/config/EcuM_PBcfg.c
2026-02-05 18:43:42,390 - Knowledge - INFO - Worker kw16 processing /app/data/T0015/315875/b34046x/arccore-315875/boards/mpc5602b_xpc560b/examples/lin_simple/config/Port_Cfg.h
2026-02-05 18:43:42,545 - Knowledge - INFO - done ingest for /app/data/T0015/315875/b34046x/arccore-315875/boards/mpc5606b_xpc560b/config/Fls_Cfg.h
2026-02-05 18:43:42,546 - Knowledge - INFO - Async storing batch of 8 embeddings
2026-02-05 18:43:42,546 - Knowledge - INFO - [LLM_CALL] Completed: Fls_Cfg.c:chunk1, Duration: 9665ms, PromptTokens: 3742, CompletionTokens: 182, Cost: $0.00045
2026-02-05 18:43:42,546 - Knowledge - INFO - Async storing batch of 8 embeddings
2026-02-05 18:43:42,546 - Knowledge - INFO - Async storing batch of 8 embeddings
2026-02-05 18:43:42,659 - Knowledge - INFO - process ingested knowledge for /app/data/T0015/315875/b34046x/arccore-315875/system/EcuM/EcuM_Internals.h
2026-02-05 18:43:42,772 - Knowledge - INFO - process ingested knowledge for /app/data/T0015/315875/b34046x/arccore-315875/boards/mpc551xsim/examples/os_schtbl/build_config.mk
2026-02-05 18:43:42,852 - Knowledge - INFO - process ingested knowledge for /app/data/T0015/315875/b34046x/arccore-315875/boards/mpc551xsim/examples/os_schtbl/config/EcuM.mk
2026-02-05 18:43:42,953 - Knowledge - INFO - process ingested knowledge for /app/data/T0015/315875/b34046x/arccore-315875/system/kernel/include/task_i.h
2026-02-05 18:43:43,076 - Knowledge - INFO - Worker kw10 processing /app/data/T0015/315875/b34046x/arccore-315875/boards/mpc5602b_xpc560b/examples/os_simple/config/Det_Cfg.h
2026-02-05 18:43:43,155 - Knowledge - INFO - process ingested knowledge for /app/data/T0015/315875/b34046x/arccore-315875/system/kernel/memory.c
2026-02-05 18:43:43,225 - Knowledge - INFO - Fast-tracked /app/data/T0015/315875/b34046x/arccore-315875/boards/mpc5602b_xpc560b/examples/lin_simple/config/Mcu_Cfg.c (ext=.c, size=864)
2026-02-05 18:43:43,308 - Knowledge - INFO - Fast-tracked /app/data/T0015/315875/b34046x/arccore-315875/boards/mpc5602b_xpc560b/examples/lin_simple/config/Lin_Lcfg.c (ext=.c, size=1094)
2026-02-05 18:43:43,415 - Knowledge - INFO - Worker kw3 processing /app/data/T0015/315875/b34046x/arccore-315875/boards/mpc5602b_xpc560b/examples/lin_simple/config/LinIf_PBcfg.c
2026-02-05 18:43:43,581 - Knowledge - INFO - Worker kw16 processing /app/data/T0015/315875/b34046x/arccore-315875/boards/mpc5602b_xpc560b/examples/lin_simple/config/Com_PbCfg.h
2026-02-05 18:43:43,782 - Knowledge - INFO - Worker kw14 processing /app/data/T0015/315875/b34046x/arccore-315875/boards/mpc5602b_xpc560b/examples/os_simple/config/EcuM_Cfg.h
2026-02-05 18:43:43,857 - Knowledge - INFO - done ingest for /app/data/T0015/315875/b34046x/arccore-315875/boards/mpc5606b_xpc560b/config/Fls_Cfg.c
2026-02-05 18:43:43,882 - Knowledge - INFO - Processing batch of 8 files
2026-02-05 18:43:43,936 - Knowledge - INFO - Worker kw12 processing /app/data/T0015/315875/b34046x/arccore-315875/boards/hcs12x_elmicro_tboard/examples/ledmaster/config/Dio_Lcfg.c
2026-02-05 18:43:43,998 - Knowledge - INFO - Processing batch of 8 files
2026-02-05 18:43:44,045 - Knowledge - INFO - Worker kw13 processing /app/data/T0015/315875/b34046x/arccore-315875/boards/hcs12x_elmicro_tboard/examples/ledmaster/config/Det_Cfg.h
2026-02-05 18:43:44,080 - Knowledge - INFO - Processing batch of 8 files
2026-02-05 18:43:44,170 - Knowledge - INFO - process ingested knowledge for /app/data/T0015/315875/b34046x/arccore-315875/system/EcuM/EcuM_Main.c
2026-02-05 18:43:44,269 - Knowledge - INFO - process ingested knowledge for /app/data/T0015/315875/b34046x/arccore-315875/boards/mpc551xsim/examples/os_simple/config/EcuM.mk
2026-02-05 18:43:44,276 - Knowledge - INFO - process ingested knowledge for /app/data/T0015/315875/b34046x/arccore-315875/boards/mpc551xsim/examples/os_schtbl/config/EcuM_PBcfg.c
2026-02-05 18:43:44,295 - Knowledge - INFO - [WEBSOCKET] Sent: Type=progress_update, Size: 291, Duration: 0ms
2026-02-05 18:43:44,366 - Knowledge - INFO - process ingested knowledge for /app/data/T0015/315875/b34046x/arccore-315875/system/kernel/include/sys.h
2026-02-05 18:43:44,490 - Knowledge - INFO - Fast-tracked /app/data/T0015/315875/b34046x/arccore-315875/boards/mpc5602b_xpc560b/examples/os_simple/config/Det_Cfg.h (ext=.h, size=1122)
2026-02-05 18:43:44,555 - Knowledge - INFO - process ingested knowledge for /app/data/T0015/315875/b34046x/arccore-315875/system/kernel/sleep.c
2026-02-05 18:43:44,645 - Knowledge - INFO - Worker kw11 processing /app/data/T0015/315875/b34046x/arccore-315875/boards/mpc5602b_xpc560b/examples/lin_simple/config/LinSM_PBcfg.c
2026-02-05 18:43:44,724 - Knowledge - INFO - Worker kw4 processing /app/data/T0015/315875/b34046x/arccore-315875/boards/mpc5602b_xpc560b/examples/lin_simple/config/LinSM_Lcfg.c
2026-02-05 18:43:44,815 - Knowledge - INFO - Fast-tracked /app/data/T0015/315875/b34046x/arccore-315875/boards/mpc5602b_xpc560b/examples/lin_simple/config/LinIf_PBcfg.c (ext=.c, size=799)
2026-02-05 18:43:44,904 - Knowledge - INFO - Fast-tracked /app/data/T0015/315875/b34046x/arccore-315875/boards/mpc5602b_xpc560b/examples/lin_simple/config/Com_PbCfg.h (ext=.h, size=1014)
2026-02-05 18:43:45,013 - Knowledge - INFO - Fast-tracked /app/data/T0015/315875/b34046x/arccore-315875/boards/mpc5602b_xpc560b/examples/os_simple/config/EcuM_Cfg.h (ext=.h, size=1362)
2026-02-05 18:43:45,162 - Knowledge - INFO - process ingested knowledge for /app/data/T0015/315875/b34046x/arccore-315875/system/kernel/init.c
2026-02-05 18:43:45,303 - Knowledge - INFO - Fast-tracked /app/data/T0015/315875/b34046x/arccore-315875/boards/hcs12x_elmicro_tboard/examples/ledmaster/config/Dio_Lcfg.c (ext=.c, size=1492)
2026-02-05 18:43:45,370 - Knowledge - INFO - process ingested knowledge for /app/data/T0015/315875/b34046x/arccore-315875/boards/mpc551xsim/examples/os_simple/config/Mcu_Cfg.c
2026-02-05 18:43:45,461 - Knowledge - INFO - Fast-tracked /app/data/T0015/315875/b34046x/arccore-315875/boards/hcs12x_elmicro_tboard/examples/ledmaster/config/Det_Cfg.h (ext=.h, size=1119)
2026-02-05 18:43:45,563 - Knowledge - INFO - process ingested knowledge for /app/data/T0015/315875/b34046x/arccore-315875/diagnostic/Dcm/Dcm_Internal.h
2026-02-05 18:43:45,652 - Knowledge - INFO - process ingested knowledge for /app/data/T0015/315875/b34046x/arccore-315875/system/mm/mm.c
2026-02-05 18:43:45,723 - Knowledge - INFO - process ingested knowledge for /app/data/T0015/315875/b34046x/arccore-315875/boards/mpc551xsim/examples/os_simple/config/EcuM_PBcfg.c
2026-02-05 18:43:45,812 - Knowledge - INFO - process ingested knowledge for /app/data/T0015/315875/b34046x/arccore-315875/boards/mpc551xsim/examples/os_schtbl/config/Os_Cfg.c
2026-02-05 18:43:45,927 - Knowledge - INFO - [LLM_CALL] Completed: Eep_Lcfg.c:chunk1, Duration: 17096ms, PromptTokens: 2826, CompletionTokens: 266, Cost: $0.00039
2026-02-05 18:43:45,999 - Knowledge - INFO - process ingested knowledge for /app/data/T0015/315875/b34046x/arccore-315875/system/kernel/include/internal.h
2026-02-05 18:43:46,072 - Knowledge - INFO - Worker kw10 processing /app/data/T0015/315875/b34046x/arccore-315875/boards/mpc5602b_xpc560b/examples/os_simple/config/Mcu_Cfg.h
2026-02-05 18:43:46,142 - Knowledge - INFO - process ingested knowledge for /app/data/T0015/315875/b34046x/arccore-315875/system/kernel/alarm.c
2026-02-05 18:43:46,254 - Knowledge - INFO - Fast-tracked /app/data/T0015/315875/b34046x/arccore-315875/boards/mpc5602b_xpc560b/examples/lin_simple/config/LinSM_PBcfg.c (ext=.c, size=799)
2026-02-05 18:43:46,346 - Knowledge - INFO - Fast-tracked /app/data/T0015/315875/b34046x/arccore-315875/boards/mpc5602b_xpc560b/examples/lin_simple/config/LinSM_Lcfg.c (ext=.c, size=1288)
2026-02-05 18:43:46,459 - Knowledge - INFO - Fast-tracked /app/data/T0015/315875/b34046x/arccore-315875/boards/mpc5602b_xpc560b/examples/lin_simple/config/PduR_Cfg.h (small file (2104 bytes))
2026-02-05 18:43:46,630 - Knowledge - INFO - Worker kw14 processing /app/data/T0015/315875/b34046x/arccore-315875/boards/mpc5602b_xpc560b/examples/os_simple/build_config.mk
2026-02-05 18:43:46,716 - Knowledge - INFO - process ingested knowledge for /app/data/T0015/315875/b34046x/arccore-315875/system/kernel/semaphore.c
2026-02-05 18:43:46,830 - Knowledge - INFO - Worker kw12 processing /app/data/T0015/315875/b34046x/arccore-315875/boards/hcs12x_elmicro_tboard/examples/ledmaster/config/Adc_Cfg.c
2026-02-05 18:43:46,951 - Knowledge - INFO - process ingested knowledge for /app/data/T0015/315875/b34046x/arccore-315875/boards/mpc551xsim/examples/os_simple/config/Os_Cfg.h
2026-02-05 18:43:47,060 - Knowledge - INFO - Worker kw13 processing /app/data/T0015/315875/b34046x/arccore-315875/boards/hcs12x_elmicro_tboard/examples/ledmaster/config/PduR_PbCfg.h
2026-02-05 18:43:47,168 - Knowledge - INFO - process ingested knowledge for /app/data/T0015/315875/b34046x/arccore-315875/diagnostic/Dcm/Dcm.c
2026-02-05 18:43:47,244 - Knowledge - INFO - process ingested knowledge for /app/data/T0015/315875/b34046x/arccore-315875/system/IoHwAb/IoHwAb_ServiceComponent.c
2026-02-05 18:43:47,338 - Knowledge - INFO - process ingested knowledge for /app/data/T0015/315875/b34046x/arccore-315875/boards/mpc551xsim/examples/os_simple/config/Os_Cfg.c
2026-02-05 18:43:47,416 - Knowledge - INFO - process ingested knowledge for /app/data/T0015/315875/b34046x/arccore-315875/boards/mpc551xsim/examples/os_schtbl/config/Det_Cfg.h
2026-02-05 18:43:47,534 - Knowledge - INFO - done ingest for /app/data/T0015/315875/b34046x/arccore-315875/boards/mpc5606b_xpc560b/config/Eep_Lcfg.c
2026-02-05 18:43:47,534 - Knowledge - INFO - [LLM_CALL] Completed: EcuM_PBcfg.c:chunk1, Duration: 12502ms, PromptTokens: 2916, CompletionTokens: 269, Cost: $0.00040
2026-02-05 18:43:47,611 - Knowledge - INFO - process ingested knowledge for /app/data/T0015/315875/b34046x/arccore-315875/system/kernel/include/types.h
2026-02-05 18:43:47,689 - Knowledge - INFO - Fast-tracked /app/data/T0015/315875/b34046x/arccore-315875/boards/mpc5602b_xpc560b/examples/os_simple/config/Mcu_Cfg.h (ext=.h, size=942)
2026-02-05 18:43:47,756 - Knowledge - INFO - process ingested knowledge for /app/data/T0015/315875/b34046x/arccore-315875/system/kernel/counter.c
2026-02-05 18:43:47,870 - Knowledge - INFO - Worker kw11 processing /app/data/T0015/315875/b34046x/arccore-315875/boards/mpc5602b_xpc560b/examples/lin_simple/config/Port_Cfg.c
2026-02-05 18:43:47,960 - Knowledge - INFO - Worker kw4 processing /app/data/T0015/315875/b34046x/arccore-315875/boards/mpc5602b_xpc560b/examples/lin_simple/config/EcuM_Cfg.h
2026-02-05 18:43:48,039 - Knowledge - INFO - Fast-tracked /app/data/T0015/315875/b34046x/arccore-315875/boards/mpc5602b_xpc560b/examples/lin_simple/config/Lin_Cfg.h (small file (2896 bytes))
2026-02-05 18:43:48,120 - Knowledge - INFO - Fast-tracked /app/data/T0015/315875/b34046x/arccore-315875/boards/mpc5602b_xpc560b/examples/os_simple/build_config.mk (ext=.mk, size=241)
2026-02-05 18:43:48,210 - Knowledge - INFO - process ingested knowledge for /app/data/T0015/315875/b34046x/arccore-315875/system/kernel/asm_sample.c
2026-02-05 18:43:48,320 - Knowledge - INFO - Fast-tracked /app/data/T0015/315875/b34046x/arccore-315875/boards/hcs12x_elmicro_tboard/examples/ledmaster/config/Adc_Cfg.c (ext=.c, size=1402)
2026-02-05 18:43:48,415 - Knowledge - INFO - process ingested knowledge for /app/data/T0015/315875/b34046x/arccore-315875/boards/mpc551xsim/examples/os_simple/config/EcuM_Cfg.h
2026-02-05 18:43:48,525 - Knowledge - INFO - Fast-tracked /app/data/T0015/315875/b34046x/arccore-315875/boards/hcs12x_elmicro_tboard/examples/ledmaster/config/PduR_PbCfg.h (ext=.h, size=929)
2026-02-05 18:43:48,604 - Knowledge - INFO - process ingested knowledge for /app/data/T0015/315875/b34046x/arccore-315875/diagnostic/Dcm/Dcm_Dsp.c
2026-02-05 18:43:48,687 - Knowledge - INFO - process ingested knowledge for /app/data/T0015/315875/b34046x/arccore-315875/system/WdgIf/WdgIf.c
2026-02-05 18:43:48,771 - Knowledge - INFO - process ingested knowledge for /app/data/T0015/315875/b34046x/arccore-315875/boards/mpc551xsim/examples/os_simple/config/Det_Cfg.h
2026-02-05 18:43:48,849 - Knowledge - INFO - process ingested knowledge for /app/data/T0015/315875/b34046x/arccore-315875/boards/mpc551xsim/examples/os_schtbl/config/Mcu_Cfg.h
2026-02-05 18:43:49,020 - Knowledge - INFO - done ingest for /app/data/T0015/315875/b34046x/arccore-315875/boards/mpc5606b_xpc560b/examples/os_simple/config/EcuM_PBcfg.c
2026-02-05 18:43:49,021 - Knowledge - INFO - [WEBSOCKET] Sent: Type=unknown, Size: ?, Duration: 4726ms
2026-02-05 18:43:49,113 - Knowledge - INFO - process ingested knowledge for /app/data/T0015/315875/b34046x/arccore-315875/system/kernel/include/alarm_i.h
2026-02-05 18:43:49,181 - Knowledge - INFO - Worker kw10 processing /app/data/T0015/315875/b34046x/arccore-315875/boards/mpc5602b_xpc560b/examples/os_simple/config/Mcu_Cfg.c
2026-02-05 18:43:49,268 - Knowledge - INFO - process ingested knowledge for /app/data/T0015/315875/b34046x/arccore-315875/system/kernel/resource.c
2026-02-05 18:43:49,355 - Knowledge - INFO - Worker kw11 processing /app/data/T0015/315875/b34046x/arccore-315875/boards/mpc5602b_xpc560b/examples/lin_simple/config/Lin_PBcfg.c
2026-02-05 18:43:49,428 - Knowledge - INFO - Fast-tracked /app/data/T0015/315875/b34046x/arccore-315875/boards/mpc5602b_xpc560b/examples/lin_simple/config/EcuM_Cfg.h (ext=.h, size=1362)
2026-02-05 18:43:49,527 - Knowledge - INFO - Async storage completed for 8 embeddings
2026-02-05 18:43:49,600 - Knowledge - INFO - Worker kw14 processing /app/data/T0015/315875/b34046x/arccore-315875/boards/hcs12x_elmicro_tboard/board_info.txt
2026-02-05 18:43:49,727 - Knowledge - INFO - process ingested knowledge for /app/data/T0015/315875/b34046x/arccore-315875/system/kernel/event.c
2026-02-05 18:43:49,840 - Knowledge - INFO - Worker kw12 processing /app/data/T0015/315875/b34046x/arccore-315875/boards/hcs12x_elmicro_tboard/examples/ledmaster/config/Com_Cfg.h
2026-02-05 18:43:49,930 - Knowledge - INFO - process ingested knowledge for /app/data/T0015/315875/b34046x/arccore-315875/boards/mpc551xsim/examples/os_simple/build_config.mk
2026-02-05 18:43:50,027 - Knowledge - INFO - Worker kw13 processing /app/data/T0015/315875/b34046x/arccore-315875/boards/hcs12x_elmicro_tboard/examples/ledmaster/config/Mcu_Cfg.h
2026-02-05 18:43:50,099 - Knowledge - INFO - process ingested knowledge for /app/data/T0015/315875/b34046x/arccore-315875/diagnostic/Dcm/Dcm_Dsl.c
2026-02-05 18:43:50,217 - Knowledge - INFO - process ingested knowledge for /app/data/T0015/315875/b34046x/arccore-315875/system/kernel/design_notes.txt
2026-02-05 18:43:50,301 - Knowledge - INFO - process ingested knowledge for /app/data/T0015/315875/b34046x/arccore-315875/boards/mpc551xsim/examples/os_simple/config/Mcu_Cfg.h
2026-02-05 18:43:50,408 - Knowledge - INFO - process ingested knowledge for /app/data/T0015/315875/b34046x/arccore-315875/boards/mpc551xsim/examples/os_schtbl/config/Mcu_Cfg.c
2026-02-05 18:43:50,587 - Knowledge - INFO - Progress: 49.0% | Files: 533/1086 | Rate: 1.39 files/sec | Queue: 474
2026-02-05 18:43:50,589 - Knowledge - INFO - [LLM_CALL] Completed: Os_Cfg.c:chunk1, Duration: 13551ms, PromptTokens: 3070, CompletionTokens: 269, Cost: $0.00041
2026-02-05 18:43:50,662 - Knowledge - INFO - process ingested knowledge for /app/data/T0015/315875/b34046x/arccore-315875/system/kernel/include/kernel.h
2026-02-05 18:43:50,761 - Knowledge - INFO - Fast-tracked /app/data/T0015/315875/b34046x/arccore-315875/boards/mpc5602b_xpc560b/examples/os_simple/config/Mcu_Cfg.c (ext=.c, size=864)
2026-02-05 18:43:50,868 - Knowledge - INFO - process ingested knowledge for /app/data/T0015/315875/b34046x/arccore-315875/system/kernel/application.c
2026-02-05 18:43:50,981 - Knowledge - INFO - Fast-tracked /app/data/T0015/315875/b34046x/arccore-315875/boards/mpc5602b_xpc560b/examples/lin_simple/config/Lin_PBcfg.c (ext=.c, size=821)
2026-02-05 18:43:51,067 - Knowledge - INFO - Worker kw4 processing /app/data/T0015/315875/b34046x/arccore-315875/boards/mpc5602b_xpc560b/examples/lin_simple/build_config.mk
2026-02-05 18:43:51,218 - Knowledge - INFO - Fast-tracked /app/data/T0015/315875/b34046x/arccore-315875/boards/hcs12x_elmicro_tboard/board_info.txt (ext=.txt, size=801)
2026-02-05 18:43:51,319 - Knowledge - INFO - process ingested knowledge for /app/data/T0015/315875/b34046x/arccore-315875/system/kernel/isr.c
2026-02-05 18:43:51,445 - Knowledge - INFO - Fast-tracked /app/data/T0015/315875/b34046x/arccore-315875/boards/hcs12x_elmicro_tboard/examples/ledmaster/config/Com_Cfg.h (ext=.h, size=1143)
2026-02-05 18:43:51,524 - Knowledge - INFO - process ingested knowledge for /app/data/T0015/315875/b34046x/arccore-315875/boards/mpc5554sim/board_info.txt
2026-02-05 18:43:51,623 - Knowledge - INFO - Fast-tracked /app/data/T0015/315875/b34046x/arccore-315875/boards/hcs12x_elmicro_tboard/examples/ledmaster/config/Mcu_Cfg.h (ext=.h, size=963)
2026-02-05 18:43:51,740 - Knowledge - INFO - process ingested knowledge for /app/data/T0015/315875/b34046x/arccore-315875/diagnostic/Dcm/Dcm_Dsd.c
2026-02-05 18:43:52,117 - Knowledge - INFO - done ingest for /app/data/T0015/315875/b34046x/arccore-315875/boards/mpc5606b_xpc560b/examples/os_simple/config/Os_Cfg.c
2026-02-05 18:43:52,194 - Knowledge - INFO - Fast-tracked /app/data/T0015/315875/b34046x/arccore-315875/boards/mpc5602b_xpc560b/config/Fls_Cfg.c (small file (3015 bytes))
2026-02-05 18:43:52,214 - Knowledge - INFO - [kw19] Queue=474, InProgress=0, PendingWorkers=20/20, Completed=537/1086 (49.4%)
2026-02-05 18:43:52,328 - Knowledge - INFO - Worker kw10 processing /app/data/T0015/315875/b34046x/arccore-315875/boards/mpc5602b_xpc560b/examples/os_simple/config/Os_Cfg.h
2026-02-05 18:43:52,510 - Knowledge - INFO - Worker kw11 processing /app/data/T0015/315875/b34046x/arccore-315875/boards/mpc5602b_xpc560b/examples/lin_simple/config/PduR_PbCfg.c
2026-02-05 18:43:52,611 - Knowledge - INFO - Fast-tracked /app/data/T0015/315875/b34046x/arccore-315875/boards/mpc5602b_xpc560b/examples/lin_simple/build_config.mk (ext=.mk, size=248)
2026-02-05 18:43:52,713 - Knowledge - INFO - Worker kw14 processing /app/data/T0015/315875/b34046x/arccore-315875/boards/hcs12x_elmicro_tboard/build_config.mk
2026-02-05 18:43:52,915 - Knowledge - INFO - Worker kw12 processing /app/data/T0015/315875/b34046x/arccore-315875/boards/hcs12x_elmicro_tboard/examples/ledmaster/config/Pwm_Cfg.c
2026-02-05 18:43:52,979 - Knowledge - INFO - Fast-tracked /app/data/T0015/315875/b34046x/arccore-315875/boards/mpc5602b_xpc560b/examples/lin_simple/config/Port_Cfg.h (small file (2981 bytes))
2026-02-05 18:43:53,057 - Knowledge - INFO - Processing batch of 8 files
2026-02-05 18:43:53,101 - Knowledge - INFO - Worker kw13 processing /app/data/T0015/315875/b34046x/arccore-315875/boards/hcs12x_elmicro_tboard/examples/ledmaster/config/Port_Cfg.h
2026-02-05 18:43:53,110 - Knowledge - INFO - process ingested knowledge for /app/data/T0015/315875/b34046x/arccore-315875/system/kernel/sched_table.c
2026-02-05 18:43:53,176 - Knowledge - INFO - process ingested knowledge for /app/data/T0015/315875/b34046x/arccore-315875/boards/mpc5554sim/build_config.mk
2026-02-05 18:43:53,365 - Knowledge - INFO - Fast-tracked /app/data/T0015/315875/b34046x/arccore-315875/boards/mpc5602b_xpc560b/config/Eep_Cfg.h (small file (0 bytes))
2026-02-05 18:43:53,436 - Knowledge - INFO - Batch sizing: calculated=6, max_allowed=10, queue=474, active_workers=20/20
2026-02-05 18:43:53,507 - Knowledge - INFO - process ingested knowledge for /app/data/T0015/315875/b34046x/arccore-315875/diagnostic/readme.txt
2026-02-05 18:43:53,628 - Knowledge - INFO - Worker kw11 processing /app/data/T0015/315875/b34046x/arccore-315875/boards/mpc5602b_xpc560b/examples/lin_simple/config/LinSM_Cfg.c
2026-02-05 18:43:53,725 - Knowledge - INFO - Worker kw4 processing /app/data/T0015/315875/b34046x/arccore-315875/boards/mpc5602b_xpc560b/examples/lin_simple/Tasks.c
2026-02-05 18:43:53,802 - Knowledge - INFO - Fast-tracked /app/data/T0015/315875/b34046x/arccore-315875/boards/hcs12x_elmicro_tboard/build_config.mk (ext=.mk, size=710)
2026-02-05 18:43:53,873 - Knowledge - INFO - Fast-tracked /app/data/T0015/315875/b34046x/arccore-315875/boards/hcs12x_elmicro_tboard/examples/ledmaster/config/Pwm_Cfg.c (ext=.c, size=710)
2026-02-05 18:43:53,951 - Knowledge - INFO - Async storage completed for 8 embeddings
2026-02-05 18:43:54,063 - Knowledge - INFO - process ingested knowledge for /app/data/T0015/315875/b34046x/arccore-315875/boards/mpc5602b_xpc560b/board_info.txt
2026-02-05 18:43:54,134 - Knowledge - INFO - Processing batch of 8 files
2026-02-05 18:43:54,153 - Knowledge - INFO - Worker kw13 processing /app/data/T0015/315875/b34046x/arccore-315875/boards/hcs12x_elmicro_tboard/examples/ledmaster/config/CanIf_Cfg.h
2026-02-05 18:43:54,415 - Knowledge - INFO - Async storage completed for 8 embeddings
2026-02-05 18:43:54,575 - Knowledge - INFO - process ingested knowledge for /app/data/T0015/315875/b34046x/arccore-315875/system/SchM/SchM_Fee.h
2026-02-05 18:43:54,664 - Knowledge - INFO - [kw6] Queue=474, InProgress=0, PendingWorkers=20/20, Completed=552/1086 (50.8%)
2026-02-05 18:43:54,703 - Knowledge - INFO - Fast-tracked /app/data/T0015/315875/b34046x/arccore-315875/boards/mpc5602b_xpc560b/examples/lin_simple/config/LinSM_Cfg.c (ext=.c, size=799)
2026-02-05 18:43:54,778 - Knowledge - INFO - process ingested knowledge for /app/data/T0015/315875/b34046x/arccore-315875/boards/mpc5606b_xpc560b/config/Dma_Cfg.c
2026-02-05 18:43:54,779 - Knowledge - INFO - process ingested knowledge for /app/data/T0015/315875/b34046x/arccore-315875/diagnostic/Dem/Dem.c
2026-02-05 18:43:54,780 - Knowledge - INFO - Worker kw4 processing /app/data/T0015/315875/b34046x/arccore-315875/boards/mpc5602b_xpc560b/examples/os_simple/config/EcuM.mk
2026-02-05 18:43:54,862 - Knowledge - INFO - [WEBSOCKET] Sent: Type=progress_update, Size: 292, Duration: 0ms
2026-02-05 18:43:54,892 - Knowledge - INFO - Worker kw14 processing /app/data/T0015/315875/b34046x/arccore-315875/boards/hcs12x_elmicro_tboard/examples/ledmaster/config/EcuM.mk
2026-02-05 18:43:54,963 - Knowledge - INFO - Worker kw12 processing /app/data/T0015/315875/b34046x/arccore-315875/boards/hcs12x_elmicro_tboard/examples/ledmaster/config/EcuM_PBcfg.c
2026-02-05 18:43:55,059 - Knowledge - INFO - [kw5] Queue=468, InProgress=0, PendingWorkers=20/20, Completed=554/1086 (51.0%)
2026-02-05 18:43:55,151 - Knowledge - INFO - Fast-tracked /app/data/T0015/315875/b34046x/arccore-315875/boards/mpc5602b_xpc560b/examples/os_simple/config/Os_Cfg.h (small file (2973 bytes))
2026-02-05 18:43:55,245 - Knowledge - INFO - process ingested knowledge for /app/data/T0015/315875/b34046x/arccore-315875/boards/mpc5602b_xpc560b/build_config.mk
2026-02-05 18:43:55,279 - Knowledge - INFO - process ingested knowledge for /app/data/T0015/315875/b34046x/arccore-315875/boards/mpc5606b_xpc560b/config/Eep_Lcfg.c
2026-02-05 18:43:55,351 - Knowledge - INFO - Fast-tracked /app/data/T0015/315875/b34046x/arccore-315875/boards/hcs12x_elmicro_tboard/examples/ledmaster/config/CanIf_Cfg.h (ext=.h, size=1800)
2026-02-05 18:43:55,561 - Knowledge - INFO - process ingested knowledge for /app/data/T0015/315875/b34046x/arccore-315875/system/SchM/SchM_Dcm.h
2026-02-05 18:43:55,650 - Knowledge - INFO - Batch sizing: calculated=6, max_allowed=10, queue=474, active_workers=20/20
2026-02-05 18:43:55,830 - Knowledge - INFO - process ingested knowledge for /app/data/T0015/315875/b34046x/arccore-315875/boards/mpc5606b_xpc560b/config/Fls_Cfg.h
2026-02-05 18:43:55,916 - Knowledge - INFO - process ingested knowledge for /app/data/T0015/315875/b34046x/arccore-315875/diagnostic/Det/Det.c
2026-02-05 18:43:56,071 - Knowledge - INFO - Fast-tracked /app/data/T0015/315875/b34046x/arccore-315875/boards/mpc5602b_xpc560b/examples/os_simple/config/EcuM.mk (ext=.mk, size=37)
2026-02-05 18:43:56,158 - Knowledge - INFO - Async storing batch of 8 embeddings
2026-02-05 18:43:56,161 - Knowledge - INFO - [WEBSOCKET] Sent: Type=unknown, Size: ?, Duration: 1299ms
2026-02-05 18:43:56,302 - Knowledge - INFO - Fast-tracked /app/data/T0015/315875/b34046x/arccore-315875/boards/hcs12x_elmicro_tboard/examples/ledmaster/config/EcuM.mk (ext=.mk, size=73)
2026-02-05 18:43:56,382 - Knowledge - INFO - Worker kw12 processing /app/data/T0015/315875/b34046x/arccore-315875/boards/hcs12x_elmicro_tboard/examples/ledmaster/config/Os_Cfg.c
2026-02-05 18:43:56,504 - Knowledge - INFO - Batch sizing: calculated=6, max_allowed=10, queue=468, active_workers=20/20
2026-02-05 18:43:56,618 - Knowledge - INFO - Async storage completed for 8 embeddings
2026-02-05 18:43:56,693 - Knowledge - INFO - process ingested knowledge for /app/data/T0015/315875/b34046x/arccore-315875/boards/mpc5602b_xpc560b/examples/lin_simple/config/EcuM.mk
2026-02-05 18:43:56,824 - Knowledge - INFO - process ingested knowledge for /app/data/T0015/315875/b34046x/arccore-315875/boards/mpc5606b_xpc560b/config/Wdg_Lcfg.c
2026-02-05 18:43:56,912 - Knowledge - INFO - Worker kw13 processing /app/data/T0015/315875/b34046x/arccore-315875/boards/hcs12x_elmicro_tboard/examples/ledmaster/config/Com_PbCfg.h
2026-02-05 18:43:57,377 - Knowledge - INFO - Fast-tracked /app/data/T0015/315875/b34046x/arccore-315875/boards/mpc5602b_xpc560b/examples/lin_simple/config/Os_Cfg.h (small file (2890 bytes))
2026-02-05 18:43:57,483 - Knowledge - INFO - Worker kw19 processing /app/data/T0015/315875/b34046x/arccore-315875/boards/hcs12x_elmicro_tboard/examples/ledmaster/config/Can_Lcfg.c
2026-02-05 18:43:57,592 - Knowledge - INFO - Progress: 51.0% | Files: 555/1086 | Rate: 1.41 files/sec | Queue: 462
2026-02-05 18:43:57,607 - Knowledge - INFO - Async storing batch of 8 embeddings
2026-02-05 18:43:57,732 - Knowledge - INFO - Worker kw14 processing /app/data/T0015/315875/b34046x/arccore-315875/boards/hcs12x_elmicro_tboard/examples/ledmaster/config/PduR_Cfg.h
2026-02-05 18:43:57,971 - Knowledge - INFO - [kw9] Queue=462, InProgress=0, PendingWorkers=20/20, Completed=555/1086 (51.1%)
2026-02-05 18:43:58,033 - Knowledge - INFO - Processing batch of 8 files
2026-02-05 18:43:58,415 - Knowledge - INFO - Fast-tracked /app/data/T0015/315875/b34046x/arccore-315875/boards/hcs12x_elmicro_tboard/examples/ledmaster/config/Com_PbCfg.h (ext=.h, size=871)
2026-02-05 18:43:58,417 - Knowledge - INFO - Async storing batch of 8 embeddings
2026-02-05 18:43:58,417 - Knowledge - INFO - [kw20] Queue=456, InProgress=0, PendingWorkers=20/20, Completed=556/1086 (51.2%)
2026-02-05 18:43:58,435 - Knowledge - INFO - process ingested knowledge for /app/data/T0015/315875/b34046x/arccore-315875/boards/mpc5602b_xpc560b/examples/lin_simple/config/PduR_Cfg.h
2026-02-05 18:43:58,451 - Knowledge - INFO - process ingested knowledge for /app/data/T0015/315875/b34046x/arccore-315875/boards/mpc5606b_xpc560b/config/Fls_Cfg.c
2026-02-05 18:43:58,657 - Knowledge - INFO - Worker kw19 processing /app/data/T0015/315875/b34046x/arccore-315875/boards/hcs12x_elmicro_tboard/examples/ledmaster/config/Dio_Cfg.h
2026-02-05 18:43:58,879 - Knowledge - INFO - Worker kw6 processing /app/data/T0015/315875/b34046x/arccore-315875/boards/hcs12x_elmicro_tboard/examples/ledmaster/config/Port_Cfg.c
2026-02-05 18:43:59,174 - Knowledge - INFO - Batch sizing: calculated=6, max_allowed=10, queue=462, active_workers=20/20
2026-02-05 18:43:59,254 - Knowledge - INFO - [kw17] Queue=456, InProgress=0, PendingWorkers=20/20, Completed=556/1086 (51.2%)
2026-02-05 18:43:59,334 - Knowledge - INFO - process ingested knowledge for /app/data/T0015/315875/b34046x/arccore-315875/boards/mpc5606b_xpc560b/examples/os_simple/config/EcuM.mk
2026-02-05 18:43:59,564 - Knowledge - INFO - [LLM_CALL] Completed: EcuM_PBcfg.c:chunk1, Duration: 1607ms, PromptTokens: 2898, CompletionTokens: 271, Cost: $0.00040
2026-02-05 18:43:59,576 - Knowledge - INFO - Worker kw5 processing /app/data/T0015/315875/b34046x/arccore-315875/boards/hcs12x_elmicro_tboard/examples/ledmaster/config/EcuM_Cfg.h
2026-02-05 18:43:59,697 - Knowledge - INFO - Batch sizing: calculated=6, max_allowed=10, queue=456, active_workers=20/20
2026-02-05 18:44:00,037 - Knowledge - INFO - Worker kw19 processing /app/data/T0015/315875/b34046x/arccore-315875/boards/hcs12x_elmicro_tboard/examples/ledmaster/config/CanIf_Cfg.c
2026-02-05 18:44:00,133 - Knowledge - INFO - Worker kw6 processing /app/data/T0015/315875/b34046x/arccore-315875/boards/hcs12x_elmicro_tboard/examples/ledmaster/config/PduR_PbCfg.c
2026-02-05 18:44:00,423 - Knowledge - INFO - Batch sizing: calculated=6, max_allowed=10, queue=456, active_workers=20/20
2026-02-05 18:44:00,594 - Knowledge - INFO - process ingested knowledge for /app/data/T0015/315875/b34046x/arccore-315875/boards/mpc5602b_xpc560b/examples/lin_simple/config/Lin_Cfg.h
2026-02-05 18:44:00,596 - Knowledge - INFO - process ingested knowledge for /app/data/T0015/315875/b34046x/arccore-315875/boards/mpc5606b_xpc560b/config/Wdg_Cfg.h
2026-02-05 18:44:00,704 - Knowledge - INFO - done ingest for /app/data/T0015/315875/b34046x/arccore-315875/boards/mpc5602b_xpc560b/examples/lin_simple/config/EcuM_PBcfg.c
2026-02-05 18:44:00,716 - Knowledge - INFO - [LLM_CALL] Completed: Eep_Lcfg.c:chunk1, Duration: 10127ms, PromptTokens: 2826, CompletionTokens: 270, Cost: $0.00039
2026-02-05 18:44:00,793 - Knowledge - INFO - Fast-tracked /app/data/T0015/315875/b34046x/arccore-315875/boards/hcs12x_elmicro_tboard/examples/ledmaster/config/EcuM_Cfg.h (ext=.h, size=1363)
2026-02-05 18:44:01,002 - Knowledge - INFO - Worker kw19 processing /app/data/T0015/315875/b34046x/arccore-315875/boards/hcs12x_elmicro_tboard/examples/ledmaster/config/Com_PbCfg.c
2026-02-05 18:44:01,075 - Knowledge - INFO - Fast-tracked /app/data/T0015/315875/b34046x/arccore-315875/boards/hcs12x_elmicro_tboard/examples/ledmaster/config/PduR_PbCfg.c (ext=.c, size=467)
2026-02-05 18:44:01,327 - Knowledge - INFO - process ingested knowledge for /app/data/T0015/315875/b34046x/arccore-315875/boards/mpc5606b_xpc560b/examples/os_simple/config/EcuM_PBcfg.c
2026-02-05 18:44:01,543 - Knowledge - INFO - done ingest for /app/data/T0015/315875/b34046x/arccore-315875/boards/mpc5602b_xpc560b/config/Eep_Lcfg.c
2026-02-05 18:44:01,552 - Knowledge - INFO - Async storing batch of 8 embeddings
2026-02-05 18:44:01,552 - Knowledge - INFO - Async storing batch of 8 embeddings
2026-02-05 18:44:01,563 - Knowledge - INFO - done ingest for /app/data/T0015/315875/b34046x/arccore-315875/boards/mpc5602b_xpc560b/examples/os_simple/config/EcuM_PBcfg.c
2026-02-05 18:44:01,569 - Knowledge - INFO - Async storing batch of 8 embeddings
2026-02-05 18:44:01,573 - Knowledge - INFO - [LLM_CALL] Completed: Os_Cfg.c:chunk1, Duration: 28ms, PromptTokens: 2802, CompletionTokens: 279, Cost: $0.00039
2026-02-05 18:44:01,602 - Knowledge - INFO - process ingested knowledge for /app/data/T0015/315875/b34046x/arccore-315875/boards/mpc5602b_xpc560b/examples/lin_simple/config/LinSM_Cfg.h
2026-02-05 18:44:01,602 - Knowledge - INFO - process ingested knowledge for /app/data/T0015/315875/b34046x/arccore-315875/boards/mpc5606b_xpc560b/config/Dma_Cfg.h
2026-02-05 18:44:01,666 - Knowledge - INFO - Worker kw5 processing /app/data/T0015/315875/b34046x/arccore-315875/boards/hcs12x_elmicro_tboard/examples/ledmaster/example_info.txt
2026-02-05 18:44:01,790 - Knowledge - INFO - Worker kw19 processing /app/data/T0015/315875/b34046x/arccore-315875/boards/hcs12x_elmicro_tboard/examples/ledmaster/config/Pwm_Cfg.h
2026-02-05 18:44:01,874 - Knowledge - INFO - Worker kw6 processing /app/data/T0015/315875/b34046x/arccore-315875/boards/hcs12x_elmicro_tboard/examples/ledmaster/config/Adc_Cfg.h
2026-02-05 18:44:01,962 - Knowledge - INFO - process ingested knowledge for /app/data/T0015/315875/b34046x/arccore-315875/boards/mpc5606b_xpc560b/examples/os_simple/config/Os_Cfg.c
2026-02-05 18:44:02,178 - Knowledge - INFO - Worker kw9 processing /app/data/T0015/315875/b34046x/arccore-315875/boards/hcs12x_elmicro_tboard/examples/os_simple/config/Os_Cfg.c
2026-02-05 18:44:02,288 - Knowledge - INFO - Worker kw20 processing /app/data/T0015/315875/b34046x/arccore-315875/boards/hcs12x_elmicro_tboard/examples/os_simple/build_config.mk
2026-02-05 18:44:02,498 - Knowledge - INFO - Worker kw17 processing /app/data/T0015/315875/b34046x/arccore-315875/boards/mpc5567qrtech/board_info.txt
2026-02-05 18:44:02,622 - Knowledge - INFO - done ingest for /app/data/T0015/315875/b34046x/arccore-315875/boards/mpc5602b_xpc560b/examples/lin_simple/config/Os_Cfg.c
2026-02-05 18:44:02,624 - Knowledge - INFO - [kw2] Queue=438, InProgress=0, PendingWorkers=20/20, Completed=556/1086 (51.2%)
2026-02-05 18:44:02,624 - Knowledge - INFO - done ingest for /app/data/T0015/315875/b34046x/arccore-315875/boards/mpc5602b_xpc560b/examples/os_simple/config/Os_Cfg.c
2026-02-05 18:44:02,624 - Knowledge - INFO - [kw1] Queue=438, InProgress=0, PendingWorkers=20/20, Completed=556/1086 (51.2%)
2026-02-05 18:44:02,624 - Knowledge - INFO - [LLM_CALL] Completed: Fls_Cfg.h:chunk1, Duration: 16698ms, PromptTokens: 2848, CompletionTokens: 356, Cost: $0.00043
2026-02-05 18:44:02,727 - Knowledge - INFO - process ingested knowledge for /app/data/T0015/315875/b34046x/arccore-315875/boards/mpc5602b_xpc560b/examples/lin_simple/config/Com_Cfg.h
2026-02-05 18:44:02,814 - Knowledge - INFO - process ingested knowledge for /app/data/T0015/315875/b34046x/arccore-315875/boards/mpc5606b_xpc560b/config/Eep_Cfg.h
2026-02-05 18:44:02,901 - Knowledge - INFO - Fast-tracked /app/data/T0015/315875/b34046x/arccore-315875/boards/hcs12x_elmicro_tboard/examples/ledmaster/example_info.txt (ext=.txt, size=581)
2026-02-05 18:44:02,972 - Knowledge - INFO - Worker kw19 processing /app/data/T0015/315875/b34046x/arccore-315875/boards/hcs12x_elmicro_tboard/examples/ledmaster/config/Mcu_Cfg.c
2026-02-05 18:44:03,079 - Knowledge - INFO - Fast-tracked /app/data/T0015/315875/b34046x/arccore-315875/boards/hcs12x_elmicro_tboard/examples/ledmaster/config/Adc_Cfg.h (ext=.h, size=1426)
2026-02-05 18:44:03,174 - Knowledge - INFO - process ingested knowledge for /app/data/T0015/315875/b34046x/arccore-315875/boards/mpc5606b_xpc560b/examples/os_simple/config/Det_Cfg.h
2026-02-05 18:44:03,252 - Knowledge - INFO - Worker kw9 processing /app/data/T0015/315875/b34046x/arccore-315875/boards/hcs12x_elmicro_tboard/examples/os_simple/config/Det_Cfg.h
2026-02-05 18:44:03,276 - Knowledge - INFO - Fast-tracked /app/data/T0015/315875/b34046x/arccore-315875/boards/mpc5602b_xpc560b/examples/lin_simple/Tasks.c (small file (2923 bytes))
2026-02-05 18:44:03,339 - Knowledge - INFO - Fast-tracked /app/data/T0015/315875/b34046x/arccore-315875/boards/hcs12x_elmicro_tboard/examples/os_simple/build_config.mk (ext=.mk, size=293)
2026-02-05 18:44:03,420 - Knowledge - INFO - Fast-tracked /app/data/T0015/315875/b34046x/arccore-315875/boards/mpc5567qrtech/board_info.txt (ext=.txt, size=531)
2026-02-05 18:44:03,603 - Knowledge - INFO - Batch sizing: calculated=6, max_allowed=10, queue=438, active_workers=20/20
2026-02-05 18:44:03,802 - Knowledge - INFO - Batch sizing: calculated=6, max_allowed=10, queue=438, active_workers=20/20
2026-02-05 18:44:03,901 - Knowledge - INFO - done ingest for /app/data/T0015/315875/b34046x/arccore-315875/boards/mpc5602b_xpc560b/config/Fls_Cfg.h
2026-02-05 18:44:03,902 - Knowledge - INFO - [kw18] Queue=438, InProgress=0, PendingWorkers=20/20, Completed=558/1086 (51.4%)
2026-02-05 18:44:03,931 - Knowledge - INFO - Fast-tracked /app/data/T0015/315875/b34046x/arccore-315875/boards/mpc5602b_xpc560b/examples/lin_simple/config/PduR_PbCfg.c (small file (2578 bytes))
2026-02-05 18:44:03,996 - Knowledge - INFO - process ingested knowledge for /app/data/T0015/315875/b34046x/arccore-315875/boards/mpc5602b_xpc560b/examples/lin_simple/config/LinIf_PBcfg.c
2026-02-05 18:44:04,016 - Knowledge - INFO - Async storage completed for 8 embeddings
2026-02-05 18:44:04,033 - Knowledge - INFO - Processing batch of 6 files
2026-02-05 18:44:04,043 - Knowledge - INFO - Processing batch of 8 files
2026-02-05 18:44:04,116 - Knowledge - INFO - process ingested knowledge for /app/data/T0015/315875/b34046x/arccore-315875/boards/mpc5606b_xpc560b/board_info.txt
2026-02-05 18:44:04,142 - Knowledge - INFO - Async storage completed for 8 embeddings
2026-02-05 18:44:04,226 - Knowledge - INFO - Worker kw5 processing /app/data/T0015/315875/b34046x/arccore-315875/boards/hcs12x_elmicro_tboard/examples/ledmaster/build_config.mk
2026-02-05 18:44:04,330 - Knowledge - INFO - Fast-tracked /app/data/T0015/315875/b34046x/arccore-315875/boards/hcs12x_elmicro_tboard/examples/ledmaster/config/Mcu_Cfg.c (ext=.c, size=841)
2026-02-05 18:44:04,438 - Knowledge - INFO - Worker kw6 processing /app/data/T0015/315875/b34046x/arccore-315875/boards/hcs12x_elmicro_tboard/examples/ledmaster/config/CanIf_SpecialPdus.h
2026-02-05 18:44:04,541 - Knowledge - INFO - process ingested knowledge for /app/data/T0015/315875/b34046x/arccore-315875/boards/mpc5606b_xpc560b/examples/os_simple/config/Mcu_Cfg.h
2026-02-05 18:44:04,633 - Knowledge - INFO - Async storage completed for 8 embeddings
2026-02-05 18:44:04,654 - Knowledge - INFO - Fast-tracked /app/data/T0015/315875/b34046x/arccore-315875/boards/hcs12x_elmicro_tboard/examples/os_simple/config/Det_Cfg.h (ext=.h, size=1119)
2026-02-05 18:44:04,760 - Knowledge - INFO - Async storage completed for 8 embeddings
2026-02-05 18:44:04,837 - Knowledge - INFO - Worker kw20 processing /app/data/T0015/315875/b34046x/arccore-315875/boards/mpc5567qrtech/config/Dma_Cfg.c
2026-02-05 18:44:04,944 - Knowledge - INFO - Worker kw17 processing /app/data/T0015/315875/b34046x/arccore-315875/boards/mpc5567qrtech/boot_info.mk
2026-02-05 18:44:05,019 - Knowledge - INFO - Async storing batch of 8 embeddings
2026-02-05 18:44:05,109 - Knowledge - INFO - Async storing batch of 8 embeddings
2026-02-05 18:44:05,306 - Knowledge - INFO - Batch sizing: calculated=6, max_allowed=10, queue=438, active_workers=20/20
2026-02-05 18:44:05,419 - Knowledge - INFO - Async storage completed for 8 embeddings
2026-02-05 18:44:05,735 - Knowledge - INFO - process ingested knowledge for /app/data/T0015/315875/b34046x/arccore-315875/boards/mpc5602b_xpc560b/examples/os_simple/config/EcuM_PBcfg.c
2026-02-05 18:44:05,829 - Knowledge - INFO - process ingested knowledge for /app/data/T0015/315875/b34046x/arccore-315875/boards/mpc5602b_xpc560b/examples/lin_simple/config/EcuM_PBcfg.c
2026-02-05 18:44:05,863 - Knowledge - INFO - [LLM_CALL] Completed: board_common.mk:chunk1, Duration: 22000ms, PromptTokens: 9908, CompletionTokens: 480, Cost: $0.00118
2026-02-05 18:44:06,003 - Knowledge - INFO - process ingested knowledge for /app/data/T0015/315875/b34046x/arccore-315875/boards/mpc5606b_xpc560b/build_config.mk
2026-02-05 18:44:06,112 - Knowledge - INFO - Fast-tracked /app/data/T0015/315875/b34046x/arccore-315875/boards/hcs12x_elmicro_tboard/examples/ledmaster/build_config.mk (ext=.mk, size=295)
2026-02-05 18:44:06,204 - Knowledge - INFO - Fast-tracked /app/data/T0015/315875/b34046x/arccore-315875/boards/hcs12x_elmicro_tboard/examples/ledmaster/config/Can_Lcfg.c (small file (2193 bytes))
2026-02-05 18:44:06,295 - Knowledge - INFO - Fast-tracked /app/data/T0015/315875/b34046x/arccore-315875/boards/hcs12x_elmicro_tboard/examples/ledmaster/config/CanIf_SpecialPdus.h (ext=.h, size=530)
2026-02-05 18:44:06,444 - Knowledge - INFO - process ingested knowledge for /app/data/T0015/315875/b34046x/arccore-315875/boards/mpc5606b_xpc560b/examples/os_simple/config/Mcu_Cfg.c
2026-02-05 18:44:06,594 - Knowledge - INFO - Worker kw9 processing /app/data/T0015/315875/b34046x/arccore-315875/boards/hcs12x_elmicro_tboard/examples/os_simple/config/Mcu_Cfg.h
2026-02-05 18:44:06,758 - Knowledge - INFO - Worker kw20 processing /app/data/T0015/315875/b34046x/arccore-315875/boards/mpc5567qrtech/config/Fls_Cfg.h
2026-02-05 18:44:06,874 - Knowledge - INFO - Fast-tracked /app/data/T0015/315875/b34046x/arccore-315875/boards/mpc5567qrtech/boot_info.mk (ext=.mk, size=101)
2026-02-05 18:44:06,979 - Knowledge - INFO - Worker kw2 processing /app/data/T0015/315875/b34046x/arccore-315875/boards/mpc5567qrtech/examples/rte_simple/config/Dio_Lcfg.c
2026-02-05 18:44:07,087 - Knowledge - INFO - Worker kw1 processing /app/data/T0015/315875/b34046x/arccore-315875/boards/mpc5567qrtech/examples/rte_simple/config/Os_Cfg.c
2026-02-05 18:44:07,399 - Knowledge - INFO - process ingested knowledge for /app/data/T0015/315875/b34046x/arccore-315875/boards/mpc5602b_xpc560b/examples/os_simple/config/Os_Cfg.c
2026-02-05 18:44:07,495 - Knowledge - INFO - process ingested knowledge for /app/data/T0015/315875/b34046x/arccore-315875/boards/mpc5602b_xpc560b/examples/lin_simple/config/Os_Cfg.c
2026-02-05 18:44:07,587 - Knowledge - INFO - done ingest for /app/data/T0015/315875/b34046x/arccore-315875/boards/board_common.mk
2026-02-05 18:44:07,588 - Knowledge - INFO - Async storing batch of 8 embeddings
2026-02-05 18:44:07,588 - Knowledge - INFO - [LLM_CALL] Completed: PduR_Cfg.h:chunk1, Duration: 8468ms, PromptTokens: 3032, CompletionTokens: 59, Cost: $0.00033
2026-02-05 18:44:07,822 - Knowledge - INFO - Worker kw5 processing /app/data/T0015/315875/b34046x/arccore-315875/boards/hcs12x_elmicro_tboard/examples/ledmaster/Tasks.c
2026-02-05 18:44:08,023 - Knowledge - INFO - Fast-tracked /app/data/T0015/315875/b34046x/arccore-315875/boards/hcs12x_elmicro_tboard/examples/ledmaster/config/Dio_Cfg.h (small file (2072 bytes))
2026-02-05 18:44:08,071 - Knowledge - INFO - Worker kw6 processing /app/data/T0015/315875/b34046x/arccore-315875/boards/hcs12x_elmicro_tboard/examples/ledmaster/config/Os_Cfg.h
2026-02-05 18:44:08,346 - Knowledge - INFO - Fast-tracked /app/data/T0015/315875/b34046x/arccore-315875/boards/hcs12x_elmicro_tboard/examples/os_simple/config/Mcu_Cfg.h (ext=.h, size=963)
2026-02-05 18:44:08,512 - Knowledge - INFO - process ingested knowledge for /app/data/T0015/315875/b34046x/arccore-315875/boards/mpc5606b_xpc560b/examples/os_simple/config/Os_Cfg.h
2026-02-05 18:44:08,512 - Knowledge - INFO - Worker kw20 processing /app/data/T0015/315875/b34046x/arccore-315875/boards/mpc5567qrtech/config/Fls_Cfg.c
2026-02-05 18:44:08,590 - Knowledge - INFO - Worker kw17 processing /app/data/T0015/315875/b34046x/arccore-315875/boards/mpc5567qrtech/build_config.mk
2026-02-05 18:44:08,865 - Knowledge - INFO - Fast-tracked /app/data/T0015/315875/b34046x/arccore-315875/boards/mpc5567qrtech/examples/rte_simple/config/Dio_Lcfg.c (ext=.c, size=738)
2026-02-05 18:44:08,975 - Knowledge - INFO - Worker kw1 processing /app/data/T0015/315875/b34046x/arccore-315875/boards/mpc5567qrtech/examples/rte_simple/config/Det_Cfg.h
2026-02-05 18:44:09,110 - Knowledge - INFO - process ingested knowledge for /app/data/T0015/315875/b34046x/arccore-315875/boards/mpc5602b_xpc560b/examples/os_simple/config/Det_Cfg.h
2026-02-05 18:44:09,432 - Knowledge - INFO - process ingested knowledge for /app/data/T0015/315875/b34046x/arccore-315875/boards/mpc5602b_xpc560b/examples/lin_simple/config/EcuM_Lin.mk
2026-02-05 18:44:09,513 - Knowledge - INFO - Worker kw18 processing /app/data/T0015/315875/b34046x/arccore-315875/boards/mpc5567qrtech/examples/rte_simple/config/Rte_Data.h
2026-02-05 18:44:09,533 - Knowledge - INFO - done ingest for /app/data/T0015/315875/b34046x/arccore-315875/boards/hcs12x_elmicro_tboard/examples/ledmaster/config/PduR_Cfg.h
2026-02-05 18:44:09,668 - Knowledge - INFO - Worker kw5 processing /app/data/T0015/315875/b34046x/arccore-315875/boards/hcs12x_elmicro_tboard/examples/os_simple/config/EcuM.mk
2026-02-05 18:44:09,950 - Knowledge - INFO - Worker kw6 processing /app/data/T0015/315875/b34046x/arccore-315875/boards/hcs12x_elmicro_tboard/examples/ledmaster/config/Can_Cfg.h
2026-02-05 18:44:09,951 - Knowledge - INFO - [kw3] Queue=420, InProgress=0, PendingWorkers=20/20, Completed=573/1086 (52.8%)
2026-02-05 18:44:10,056 - Knowledge - INFO - Worker kw9 processing /app/data/T0015/315875/b34046x/arccore-315875/boards/hcs12x_elmicro_tboard/examples/os_simple/config/Mcu_Cfg.c
2026-02-05 18:44:10,419 - Knowledge - INFO - process ingested knowledge for /app/data/T0015/315875/b34046x/arccore-315875/boards/mpc5606b_xpc560b/examples/os_simple/config/EcuM_Cfg.h
2026-02-05 18:44:10,442 - Knowledge - INFO - Worker kw20 processing /app/data/T0015/315875/b34046x/arccore-315875/boards/mpc5567qrtech/config/Wdg_Cfg.h
2026-02-05 18:44:10,569 - Knowledge - INFO - Fast-tracked /app/data/T0015/315875/b34046x/arccore-315875/boards/mpc5567qrtech/build_config.mk (ext=.mk, size=790)
2026-02-05 18:44:10,659 - Knowledge - INFO - Worker kw2 processing /app/data/T0015/315875/b34046x/arccore-315875/boards/mpc5567qrtech/examples/rte_simple/config/Can_PBcfg.c
2026-02-05 18:44:10,852 - Knowledge - INFO - Fast-tracked /app/data/T0015/315875/b34046x/arccore-315875/boards/mpc5567qrtech/examples/rte_simple/config/Det_Cfg.h (ext=.h, size=1121)
2026-02-05 18:44:11,066 - Knowledge - INFO - process ingested knowledge for /app/data/T0015/315875/b34046x/arccore-315875/boards/mpc5602b_xpc560b/examples/os_simple/config/Mcu_Cfg.h
2026-02-05 18:44:11,072 - Knowledge - INFO - process ingested knowledge for /app/data/T0015/315875/b34046x/arccore-315875/boards/mpc5602b_xpc560b/examples/lin_simple/config/Det_Cfg.h
2026-02-05 18:44:11,186 - Knowledge - INFO - Fast-tracked /app/data/T0015/315875/b34046x/arccore-315875/boards/mpc5567qrtech/examples/rte_simple/config/Rte_Data.h (ext=.h, size=762)
2026-02-05 18:44:11,209 - Knowledge - INFO - Processing batch of 8 files
2026-02-05 18:44:11,454 - Knowledge - INFO - Fast-tracked /app/data/T0015/315875/b34046x/arccore-315875/boards/hcs12x_elmicro_tboard/examples/os_simple/config/EcuM.mk (ext=.mk, size=37)
2026-02-05 18:44:11,554 - Knowledge - INFO - done ingest for /app/data/T0015/315875/b34046x/arccore-315875/boards/hcs12x_elmicro_tboard/examples/ledmaster/config/EcuM_PBcfg.c
2026-02-05 18:44:11,562 - Knowledge - INFO - [WEBSOCKET] Sent: Type=progress_update, Size: 293, Duration: 0ms
2026-02-05 18:44:11,659 - Knowledge - INFO - Fast-tracked /app/data/T0015/315875/b34046x/arccore-315875/boards/hcs12x_elmicro_tboard/examples/ledmaster/config/Port_Cfg.c (small file (2669 bytes))
2026-02-05 18:44:11,767 - Knowledge - INFO - Batch sizing: calculated=6, max_allowed=10, queue=420, active_workers=20/20
2026-02-05 18:44:11,920 - Knowledge - INFO - Fast-tracked /app/data/T0015/315875/b34046x/arccore-315875/boards/hcs12x_elmicro_tboard/examples/os_simple/config/Mcu_Cfg.c (ext=.c, size=841)
2026-02-05 18:44:12,400 - Knowledge - INFO - Fast-tracked /app/data/T0015/315875/b34046x/arccore-315875/boards/mpc5567qrtech/config/Wdg_Cfg.h (ext=.h, size=1350)
2026-02-05 18:44:12,486 - Knowledge - INFO - Worker kw17 processing /app/data/T0015/315875/b34046x/arccore-315875/boards/mpc5567qrtech/examples/rte_simple/config/EcuM.mk
2026-02-05 18:44:12,592 - Knowledge - INFO - Worker kw2 processing /app/data/T0015/315875/b34046x/arccore-315875/boards/mpc5567qrtech/examples/rte_simple/config/Com_Cfg.h
2026-02-05 18:44:12,687 - Knowledge - INFO - Worker kw1 processing /app/data/T0015/315875/b34046x/arccore-315875/boards/mpc5567qrtech/examples/rte_simple/config/Rte_Logger2.h
2026-02-05 18:44:12,779 - Knowledge - INFO - process ingested knowledge for /app/data/T0015/315875/b34046x/arccore-315875/boards/mpc5602b_xpc560b/examples/os_simple/config/Mcu_Cfg.c
2026-02-05 18:44:12,940 - Knowledge - INFO - process ingested knowledge for /app/data/T0015/315875/b34046x/arccore-315875/boards/mpc5602b_xpc560b/examples/lin_simple/config/PduR_PbCfg.h
2026-02-05 18:44:12,969 - Knowledge - INFO - Worker kw18 processing /app/data/T0015/315875/b34046x/arccore-315875/boards/mpc5567qrtech/examples/rte_simple/config/Mcu_Cfg.h
2026-02-05 18:44:13,053 - Knowledge - INFO - process ingested knowledge for /app/data/T0015/315875/b34046x/arccore-315875/boards/mpc5606b_xpc560b/examples/os_simple/build_config.mk
2026-02-05 18:44:13,177 - Knowledge - INFO - Worker kw5 processing /app/data/T0015/315875/b34046x/arccore-315875/boards/hcs12x_elmicro_tboard/examples/os_simple/config/EcuM_PBcfg.c
2026-02-05 18:44:13,422 - Knowledge - INFO - [LLM_CALL] Completed: Com_PbCfg.c:chunk1, Duration: 2141ms, PromptTokens: 8236, CompletionTokens: 211, Cost: $0.00091
2026-02-05 18:44:13,731 - Knowledge - INFO - Worker kw9 processing /app/data/T0015/315875/b34046x/arccore-315875/boards/hcs12x_elmicro_tboard/examples/os_simple/config/Os_Cfg.h
2026-02-05 18:44:13,852 - Knowledge - INFO - Worker kw20 processing /app/data/T0015/315875/b34046x/arccore-315875/boards/mpc5567qrtech/config/Dma_Cfg.h
2026-02-05 18:44:13,948 - Knowledge - INFO - Fast-tracked /app/data/T0015/315875/b34046x/arccore-315875/boards/mpc5567qrtech/examples/rte_simple/config/EcuM.mk (ext=.mk, size=69)
2026-02-05 18:44:14,036 - Knowledge - INFO - Fast-tracked /app/data/T0015/315875/b34046x/arccore-315875/boards/mpc5567qrtech/examples/rte_simple/config/Com_Cfg.h (ext=.h, size=1144)
2026-02-05 18:44:14,116 - Knowledge - INFO - Fast-tracked /app/data/T0015/315875/b34046x/arccore-315875/boards/mpc5567qrtech/examples/rte_simple/config/Rte_Logger2.h (ext=.h, size=479)
2026-02-05 18:44:14,227 - Knowledge - INFO - process ingested knowledge for /app/data/T0015/315875/b34046x/arccore-315875/boards/mpc5602b_xpc560b/examples/os_simple/config/Os_Cfg.h
2026-02-05 18:44:14,341 - Knowledge - INFO - process ingested knowledge for /app/data/T0015/315875/b34046x/arccore-315875/boards/mpc5602b_xpc560b/examples/lin_simple/config/Mcu_Cfg.h
2026-02-05 18:44:14,423 - Knowledge - INFO - Fast-tracked /app/data/T0015/315875/b34046x/arccore-315875/boards/mpc5567qrtech/examples/rte_simple/config/Mcu_Cfg.h (ext=.h, size=987)
2026-02-05 18:44:14,539 - Knowledge - INFO - process ingested knowledge for /app/data/T0015/315875/b34046x/arccore-315875/boards/board_common.mk
2026-02-05 18:44:14,697 - Knowledge - INFO - done ingest for /app/data/T0015/315875/b34046x/arccore-315875/boards/mpc5602b_xpc560b/examples/lin_simple/config/Com_PbCfg.c
2026-02-05 18:44:14,697 - Knowledge - INFO - [LLM_CALL] Completed: Port_Cfg.h:chunk1, Duration: 15179ms, PromptTokens: 5058, CompletionTokens: 408, Cost: $0.00067
2026-02-05 18:44:14,788 - Knowledge - INFO - Worker kw9 processing /app/data/T0015/315875/b34046x/arccore-315875/boards/hcs12x_elmicro_tboard/examples/os_simple/config/EcuM_Cfg.h
2026-02-05 18:44:14,896 - Knowledge - INFO - Fast-tracked /app/data/T0015/315875/b34046x/arccore-315875/boards/mpc5567qrtech/config/Dma_Cfg.h (ext=.h, size=1979)
2026-02-05 18:44:14,988 - Knowledge - INFO - Worker kw17 processing /app/data/T0015/315875/b34046x/arccore-315875/boards/mpc5567qrtech/examples/rte_simple/config/PduR_Cfg.h
2026-02-05 18:44:15,100 - Knowledge - INFO - Worker kw2 processing /app/data/T0015/315875/b34046x/arccore-315875/boards/mpc5567qrtech/examples/rte_simple/config/EcuM_PBcfg.c
2026-02-05 18:44:15,201 - Knowledge - INFO - Worker kw1 processing /app/data/T0015/315875/b34046x/arccore-315875/boards/mpc5567qrtech/examples/rte_simple/config/Rte_Tester.c
2026-02-05 18:44:15,371 - Knowledge - INFO - process ingested knowledge for /app/data/T0015/315875/b34046x/arccore-315875/boards/mpc5602b_xpc560b/examples/lin_simple/config/Port_Cfg.h
2026-02-05 18:44:15,480 - Knowledge - INFO - Worker kw18 processing /app/data/T0015/315875/b34046x/arccore-315875/boards/mpc5567qrtech/examples/rte_simple/config/Port_Cfg.h
2026-02-05 18:44:15,547 - Knowledge - INFO - process ingested knowledge for /app/data/T0015/315875/b34046x/arccore-315875/boards/mpc5602b_xpc560b/config/Fls_Cfg.h
2026-02-05 18:44:15,731 - Knowledge - INFO - done ingest for /app/data/T0015/315875/b34046x/arccore-315875/boards/hcs12x_elmicro_tboard/examples/ledmaster/config/Port_Cfg.h
2026-02-05 18:44:15,752 - Knowledge - INFO - [LLM_CALL] Completed: LinIf_Cfg.h:chunk1, Duration: 17193ms, PromptTokens: 3834, CompletionTokens: 422, Cost: $0.00055
2026-02-05 18:44:15,856 - Knowledge - INFO - Fast-tracked /app/data/T0015/315875/b34046x/arccore-315875/boards/hcs12x_elmicro_tboard/examples/os_simple/config/EcuM_Cfg.h (ext=.h, size=1363)
2026-02-05 18:44:16,060 - Knowledge - INFO - Worker kw17 processing /app/data/T0015/315875/b34046x/arccore-315875/boards/mpc5567qrtech/examples/rte_simple/config/Rte_Logger.h
2026-02-05 18:44:16,178 - Knowledge - INFO - Worker kw2 processing /app/data/T0015/315875/b34046x/arccore-315875/boards/mpc5567qrtech/examples/rte_simple/config/Rte_Logger_Internal.h
2026-02-05 18:44:16,281 - Knowledge - INFO - Fast-tracked /app/data/T0015/315875/b34046x/arccore-315875/boards/mpc5567qrtech/examples/rte_simple/config/Rte_Tester.c (ext=.c, size=1733)
2026-02-05 18:44:16,352 - Knowledge - INFO - process ingested knowledge for /app/data/T0015/315875/b34046x/arccore-315875/boards/mpc5602b_xpc560b/examples/lin_simple/config/Com_PbCfg.h
2026-02-05 18:44:16,456 - Knowledge - INFO - Worker kw18 processing /app/data/T0015/315875/b34046x/arccore-315875/boards/mpc5567qrtech/examples/rte_simple/config/Rte_Calculator.h
2026-02-05 18:44:16,535 - Knowledge - INFO - process ingested knowledge for /app/data/T0015/315875/b34046x/arccore-315875/boards/mpc5602b_xpc560b/config/Eep_Lcfg.c
2026-02-05 18:44:16,631 - Knowledge - INFO - Async storage completed for 8 embeddings
2026-02-05 18:44:16,725 - Knowledge - INFO - done ingest for /app/data/T0015/315875/b34046x/arccore-315875/boards/mpc5602b_xpc560b/examples/lin_simple/config/LinIf_Cfg.h
2026-02-05 18:44:16,725 - Knowledge - INFO - [kw7] Queue=414, InProgress=0, PendingWorkers=20/20, Completed=585/1086 (53.9%)
2026-02-05 18:44:16,728 - Knowledge - INFO - Async storing batch of 8 embeddings
2026-02-05 18:44:16,730 - Knowledge - INFO - done ingest for /app/data/T0015/315875/b34046x/arccore-315875/boards/hcs12x_elmicro_tboard/examples/ledmaster/config/Os_Cfg.c
2026-02-05 18:44:16,731 - Knowledge - INFO - [LLM_CALL] Completed: Port_Cfg.c:chunk1, Duration: 16021ms, PromptTokens: 8202, CompletionTokens: 170, Cost: $0.00089
2026-02-05 18:44:16,929 - Knowledge - INFO - Fast-tracked /app/data/T0015/315875/b34046x/arccore-315875/boards/mpc5567qrtech/examples/rte_simple/config/Rte_Logger.h (ext=.h, size=473)
2026-02-05 18:44:17,014 - Knowledge - INFO - Fast-tracked /app/data/T0015/315875/b34046x/arccore-315875/boards/mpc5567qrtech/examples/rte_simple/config/Rte_Logger_Internal.h (ext=.h, size=482)
2026-02-05 18:44:17,105 - Knowledge - INFO - Worker kw1 processing /app/data/T0015/315875/b34046x/arccore-315875/boards/mpc5567qrtech/examples/rte_simple/config/PduR_PbCfg.h
2026-02-05 18:44:17,329 - Knowledge - INFO - Fast-tracked /app/data/T0015/315875/b34046x/arccore-315875/boards/mpc5567qrtech/examples/rte_simple/config/Rte_Calculator.h (ext=.h, size=483)
2026-02-05 18:44:17,469 - Knowledge - INFO - process ingested knowledge for /app/data/T0015/315875/b34046x/arccore-315875/boards/mpc5602b_xpc560b/config/Wdg_Lcfg.c
2026-02-05 18:44:17,672 - Knowledge - INFO - Batch sizing: calculated=6, max_allowed=10, queue=414, active_workers=20/20
2026-02-05 18:44:17,762 - Knowledge - INFO - Worker kw3 processing /app/data/T0015/315875/b34046x/arccore-315875/boards/mpc5567qrtech/examples/rte_simple/config/Rte_Calculator_Internal.h
2026-02-05 18:44:17,942 - Knowledge - INFO - done ingest for /app/data/T0015/315875/b34046x/arccore-315875/boards/mpc5602b_xpc560b/examples/lin_simple/config/Port_Cfg.c
2026-02-05 18:44:17,944 - Knowledge - INFO - [kw10] Queue=414, InProgress=0, PendingWorkers=20/20, Completed=587/1086 (54.1%)
2026-02-05 18:44:17,945 - Knowledge - INFO - Processing batch of 6 files
2026-02-05 18:44:17,946 - Knowledge - INFO - [WEBSOCKET] Sent: Type=unknown, Size: ?, Duration: 6384ms
2026-02-05 18:44:18,035 - Knowledge - INFO - Fast-tracked /app/data/T0015/315875/b34046x/arccore-315875/boards/mpc5567qrtech/examples/rte_simple/config/PduR_Cfg.h (small file (2103 bytes))
2026-02-05 18:44:18,114 - Knowledge - INFO - Worker kw2 processing /app/data/T0015/315875/b34046x/arccore-315875/boards/mpc5567qrtech/examples/rte_simple/config/Rte.c
2026-02-05 18:44:18,215 - Knowledge - INFO - Fast-tracked /app/data/T0015/315875/b34046x/arccore-315875/boards/mpc5567qrtech/examples/rte_simple/config/PduR_PbCfg.h (ext=.h, size=1001)
2026-02-05 18:44:18,295 - Knowledge - INFO - Worker kw18 processing /app/data/T0015/315875/b34046x/arccore-315875/boards/mpc5567qrtech/examples/rte_simple/config/CanIf_Cfg.h
2026-02-05 18:44:18,384 - Knowledge - INFO - process ingested knowledge for /app/data/T0015/315875/b34046x/arccore-315875/boards/mpc5602b_xpc560b/config/Fls_Cfg.c
2026-02-05 18:44:18,607 - Knowledge - INFO - Fast-tracked /app/data/T0015/315875/b34046x/arccore-315875/boards/mpc5567qrtech/examples/rte_simple/config/Rte_Calculator_Internal.h (ext=.h, size=492)
2026-02-05 18:44:18,777 - Knowledge - INFO - Batch sizing: calculated=6, max_allowed=10, queue=414, active_workers=20/20
2026-02-05 18:44:18,862 - Knowledge - INFO - process ingested knowledge for /app/data/T0015/315875/b34046x/arccore-315875/boards/mpc5602b_xpc560b/examples/os_simple/config/EcuM_Cfg.h
2026-02-05 18:44:18,930 - Knowledge - INFO - Progress: 53.3% | Files: 587/1086 | Rate: 1.43 files/sec | Queue: 408
2026-02-05 18:44:18,933 - Knowledge - INFO - Async storing batch of 8 embeddings
2026-02-05 18:44:18,933 - Knowledge - INFO - [LLM_CALL] Completed: LinIf_Lcfg.c:chunk1, Duration: 22777ms, PromptTokens: 3074, CompletionTokens: 230, Cost: $0.00040
2026-02-05 18:44:19,036 - Knowledge - INFO - Async storage completed for 8 embeddings
2026-02-05 18:44:19,316 - Knowledge - INFO - Fast-tracked /app/data/T0015/315875/b34046x/arccore-315875/boards/mpc5567qrtech/examples/rte_simple/config/Can_PBcfg.c (small file (2955 bytes))
2026-02-05 18:44:19,331 - Knowledge - INFO - Worker kw1 processing /app/data/T0015/315875/b34046x/arccore-315875/boards/mpc5567qrtech/examples/rte_simple/config/Rte_Type.h
2026-02-05 18:44:19,424 - Knowledge - INFO - Fast-tracked /app/data/T0015/315875/b34046x/arccore-315875/boards/mpc5567qrtech/examples/rte_simple/config/CanIf_Cfg.h (ext=.h, size=1877)
2026-02-05 18:44:19,543 - Knowledge - INFO - process ingested knowledge for /app/data/T0015/315875/b34046x/arccore-315875/boards/mpc5602b_xpc560b/config/Wdg_Cfg.h
2026-02-05 18:44:19,628 - Knowledge - INFO - Worker kw3 processing /app/data/T0015/315875/b34046x/arccore-315875/boards/mpc5567qrtech/examples/rte_simple/config/Calibration_Settings.h
2026-02-05 18:44:19,840 - Knowledge - INFO - process ingested knowledge for /app/data/T0015/315875/b34046x/arccore-315875/boards/mpc5602b_xpc560b/examples/os_simple/build_config.mk
2026-02-05 18:44:19,958 - Knowledge - INFO - [kw15] Queue=402, InProgress=0, PendingWorkers=20/20, Completed=589/1086 (54.2%)
2026-02-05 18:44:20,089 - Knowledge - INFO - Worker kw7 processing /app/data/T0015/315875/b34046x/arccore-315875/boards/mpc5567qrtech/examples/rte_simple/config/Com_PbCfg.c
2026-02-05 18:44:20,222 - Knowledge - INFO - done ingest for /app/data/T0015/315875/b34046x/arccore-315875/boards/mpc5602b_xpc560b/examples/lin_simple/config/LinIf_Lcfg.c
2026-02-05 18:44:20,228 - Knowledge - INFO - [kw16] Queue=402, InProgress=0, PendingWorkers=20/20, Completed=590/1086 (54.3%)
2026-02-05 18:44:20,229 - Knowledge - INFO - Async storing batch of 6 embeddings
2026-02-05 18:44:20,284 - Knowledge - INFO - Processing batch of 6 files
2026-02-05 18:44:20,291 - Knowledge - INFO - Processing batch of 8 files
2026-02-05 18:44:20,291 - Knowledge - INFO - Processing batch of 6 files
2026-02-05 18:44:20,384 - Knowledge - INFO - Processing batch of 6 files
2026-02-05 18:44:20,545 - Knowledge - INFO - done ingest for /app/data/T0015/315875/b34046x/arccore-315875/boards/hcs12x_elmicro_tboard/examples/ledmaster/config/Com_PbCfg.c
2026-02-05 18:44:20,641 - Knowledge - INFO - Worker kw18 processing /app/data/T0015/315875/b34046x/arccore-315875/boards/mpc5567qrtech/examples/rte_simple/config/Com_PbCfg.h
2026-02-05 18:44:20,753 - Knowledge - INFO - process ingested knowledge for /app/data/T0015/315875/b34046x/arccore-315875/boards/mpc5602b_xpc560b/config/Eep_Cfg.h
2026-02-05 18:44:20,866 - Knowledge - INFO - Fast-tracked /app/data/T0015/315875/b34046x/arccore-315875/boards/mpc5567qrtech/examples/rte_simple/config/Calibration_Settings.h (ext=.h, size=492)
2026-02-05 18:44:20,948 - Knowledge - INFO - process ingested knowledge for /app/data/T0015/315875/b34046x/arccore-315875/boards/hcs12x_elmicro_tboard/board_info.txt
2026-02-05 18:44:21,055 - Knowledge - INFO - Batch sizing: calculated=6, max_allowed=10, queue=402, active_workers=20/20
2026-02-05 18:44:21,159 - Knowledge - INFO - Worker kw7 processing /app/data/T0015/315875/b34046x/arccore-315875/boards/mpc5567qrtech/examples/rte_simple/config/Rte_Data.c
2026-02-05 18:44:21,285 - Knowledge - INFO - Processing batch of 8 files
2026-02-05 18:44:21,306 - Knowledge - INFO - Batch sizing: calculated=6, max_allowed=10, queue=402, active_workers=20/20
2026-02-05 18:44:21,378 - Knowledge - INFO - Worker kw10 processing /app/data/T0015/315875/b34046x/arccore-315875/boards/mpc5567qrtech/examples/rte_simple/config/Rte_Logger2.c
2026-02-05 18:44:21,454 - Knowledge - INFO - process ingested knowledge for /app/data/T0015/315875/b34046x/arccore-315875/boards/hcs12x_elmicro_tboard/examples/ledmaster/config/Dio_Lcfg.c
2026-02-05 18:44:21,567 - Knowledge - INFO - process ingested knowledge for /app/data/T0015/315875/b34046x/arccore-315875/boards/mpc5602b_xpc560b/examples/lin_simple/config/Os_Cfg.h
2026-02-05 18:44:21,636 - Knowledge - INFO - process ingested knowledge for /app/data/T0015/315875/b34046x/arccore-315875/boards/hcs12x_elmicro_tboard/examples/ledmaster/config/Det_Cfg.h
2026-02-05 18:44:21,668 - Knowledge - INFO - Fast-tracked /app/data/T0015/315875/b34046x/arccore-315875/boards/hcs12x_elmicro_tboard/examples/os_simple/config/Os_Cfg.h (small file (2968 bytes))
2026-02-05 18:44:21,735 - Knowledge - INFO - process ingested knowledge for /app/data/T0015/315875/b34046x/arccore-315875/boards/mpc5567qrtech/board_info.txt
2026-02-05 18:44:22,009 - Knowledge - INFO - Fast-tracked /app/data/T0015/315875/b34046x/arccore-315875/boards/mpc5567qrtech/examples/rte_simple/config/Com_PbCfg.h (ext=.h, size=991)
2026-02-05 18:44:22,158 - Knowledge - INFO - [LLM_CALL] Completed: CanIf_Cfg.c:chunk1, Duration: 12214ms, PromptTokens: 3682, CompletionTokens: 255, Cost: $0.00047
2026-02-05 18:44:22,259 - Knowledge - INFO - Worker kw3 processing /app/data/T0015/315875/b34046x/arccore-315875/boards/mpc5567qrtech/examples/rte_simple/config/Rte_Logger2_Internal.h
2026-02-05 18:44:22,340 - Knowledge - INFO - process ingested knowledge for /app/data/T0015/315875/b34046x/arccore-315875/boards/hcs12x_elmicro_tboard/build_config.mk
2026-02-05 18:44:22,560 - Knowledge - INFO - Fast-tracked /app/data/T0015/315875/b34046x/arccore-315875/boards/mpc5567qrtech/examples/rte_simple/config/Rte_Data.c (ext=.c, size=570)
2026-02-05 18:44:22,630 - Knowledge - INFO - process ingested knowledge for /app/data/T0015/315875/b34046x/arccore-315875/boards/mpc5602b_xpc560b/examples/lin_simple/config/LinIf_Lcfg.c
2026-02-05 18:44:22,810 - Knowledge - INFO - Fast-tracked /app/data/T0015/315875/b34046x/arccore-315875/boards/mpc5567qrtech/examples/rte_simple/config/Rte_Logger2.c (ext=.c, size=584)
2026-02-05 18:44:22,882 - Knowledge - INFO - process ingested knowledge for /app/data/T0015/315875/b34046x/arccore-315875/boards/hcs12x_elmicro_tboard/examples/ledmaster/config/Adc_Cfg.c
2026-02-05 18:44:22,964 - Knowledge - INFO - process ingested knowledge for /app/data/T0015/315875/b34046x/arccore-315875/boards/mpc5602b_xpc560b/examples/lin_simple/config/LinIf_Cfg.h
2026-02-05 18:44:23,073 - Knowledge - INFO - process ingested knowledge for /app/data/T0015/315875/b34046x/arccore-315875/boards/hcs12x_elmicro_tboard/examples/ledmaster/config/PduR_PbCfg.h
2026-02-05 18:44:23,184 - Knowledge - INFO - Async storage completed for 8 embeddings
2026-02-05 18:44:23,254 - Knowledge - INFO - process ingested knowledge for /app/data/T0015/315875/b34046x/arccore-315875/boards/mpc5567qrtech/boot_info.mk
2026-02-05 18:44:23,339 - Knowledge - INFO - Fast-tracked /app/data/T0015/315875/b34046x/arccore-315875/boards/mpc5567qrtech/examples/rte_simple/config/Port_Cfg.h (small file (2377 bytes))
2026-02-05 18:44:23,414 - Knowledge - INFO - done ingest for /app/data/T0015/315875/b34046x/arccore-315875/boards/hcs12x_elmicro_tboard/examples/ledmaster/config/CanIf_Cfg.c
2026-02-05 18:44:23,414 - Knowledge - INFO - [WEBSOCKET] Sent: Type=progress_update, Size: 293, Duration: 0ms
2026-02-05 18:44:23,414 - Knowledge - INFO - Async storing batch of 8 embeddings
2026-02-05 18:44:23,414 - Knowledge - INFO - Async storing batch of 8 embeddings
2026-02-05 18:44:23,526 - Knowledge - INFO - Fast-tracked /app/data/T0015/315875/b34046x/arccore-315875/boards/mpc5567qrtech/examples/rte_simple/config/Rte_Logger2_Internal.h (ext=.h, size=488)
2026-02-05 18:44:23,605 - Knowledge - INFO - process ingested knowledge for /app/data/T0015/315875/b34046x/arccore-315875/boards/hcs12x_elmicro_tboard/examples/ledmaster/config/EcuM.mk
2026-02-05 18:44:23,724 - Knowledge - INFO - Worker kw7 processing /app/data/T0015/315875/b34046x/arccore-315875/boards/mpc5567qrtech/examples/rte_simple/config/Mcu_Cfg.c
2026-02-05 18:44:23,812 - Knowledge - INFO - process ingested knowledge for /app/data/T0015/315875/b34046x/arccore-315875/boards/mpc5602b_xpc560b/examples/lin_simple/config/Com_PbCfg.c
2026-02-05 18:44:23,883 - Knowledge - INFO - Worker kw10 processing /app/data/T0015/315875/b34046x/arccore-315875/boards/mpc5567qrtech/examples/rte_simple/config/CanIf_SpecialPdus.h
2026-02-05 18:44:23,975 - Knowledge - INFO - process ingested knowledge for /app/data/T0015/315875/b34046x/arccore-315875/boards/hcs12x_elmicro_tboard/examples/ledmaster/config/Com_Cfg.h
2026-02-05 18:44:24,036 - Knowledge - INFO - Async storage completed for 8 embeddings
2026-02-05 18:44:24,059 - Knowledge - INFO - process ingested knowledge for /app/data/T0015/315875/b34046x/arccore-315875/boards/mpc5602b_xpc560b/examples/lin_simple/config/Lin_Lcfg.c
2026-02-05 18:44:24,156 - Knowledge - INFO - process ingested knowledge for /app/data/T0015/315875/b34046x/arccore-315875/boards/hcs12x_elmicro_tboard/examples/ledmaster/config/Mcu_Cfg.h
2026-02-05 18:44:24,326 - Knowledge - INFO - Async storage completed for 8 embeddings
2026-02-05 18:44:24,385 - Knowledge - INFO - process ingested knowledge for /app/data/T0015/315875/b34046x/arccore-315875/boards/mpc5567qrtech/build_config.mk
2026-02-05 18:44:24,466 - Knowledge - INFO - Async storage completed for 8 embeddings
2026-02-05 18:44:24,680 - Knowledge - INFO - [WEBSOCKET] Sent: Type=unknown, Size: ?, Duration: 1265ms
2026-02-05 18:44:24,782 - Knowledge - INFO - Worker kw15 processing /app/data/T0015/315875/b34046x/arccore-315875/boards/mpc5567qrtech/examples/rte_simple/config/Rte_Tester.h
2026-02-05 18:44:24,896 - Knowledge - INFO - Worker kw16 processing /app/data/T0015/315875/b34046x/arccore-315875/boards/mpc5567qrtech/examples/os_simple/config/EcuM_PBcfg.c
2026-02-05 18:44:24,983 - Knowledge - INFO - Worker kw3 processing /app/data/T0015/315875/b34046x/arccore-315875/boards/mpc5567qrtech/examples/rte_simple/config/Dio_Cfg.h
2026-02-05 18:44:25,089 - Knowledge - INFO - process ingested knowledge for /app/data/T0015/315875/b34046x/arccore-315875/boards/hcs12x_elmicro_tboard/examples/ledmaster/config/PduR_Cfg.h
2026-02-05 18:44:25,184 - Knowledge - INFO - Fast-tracked /app/data/T0015/315875/b34046x/arccore-315875/boards/mpc5567qrtech/examples/rte_simple/config/Mcu_Cfg.c (ext=.c, size=864)
2026-02-05 18:44:25,273 - Knowledge - INFO - process ingested knowledge for /app/data/T0015/315875/b34046x/arccore-315875/boards/mpc5602b_xpc560b/examples/lin_simple/config/Mcu_Cfg.c
2026-02-05 18:44:25,353 - Knowledge - INFO - Fast-tracked /app/data/T0015/315875/b34046x/arccore-315875/boards/mpc5567qrtech/examples/rte_simple/config/CanIf_SpecialPdus.h (ext=.h, size=532)
2026-02-05 18:44:25,428 - Knowledge - INFO - process ingested knowledge for /app/data/T0015/315875/b34046x/arccore-315875/boards/hcs12x_elmicro_tboard/examples/ledmaster/config/Pwm_Cfg.c
2026-02-05 18:44:25,590 - Knowledge - INFO - process ingested knowledge for /app/data/T0015/315875/b34046x/arccore-315875/boards/mpc5602b_xpc560b/examples/lin_simple/config/LinSM_Lcfg.c
2026-02-05 18:44:25,652 - Knowledge - INFO - process ingested knowledge for /app/data/T0015/315875/b34046x/arccore-315875/boards/hcs12x_elmicro_tboard/examples/ledmaster/config/Port_Cfg.h
2026-02-05 18:44:25,704 - Knowledge - INFO - Async storage completed for 8 embeddings
2026-02-05 18:44:25,857 - Knowledge - INFO - process ingested knowledge for /app/data/T0015/315875/b34046x/arccore-315875/boards/mpc5567qrtech/examples/rte_simple/config/EcuM.mk
2026-02-05 18:44:26,076 - Knowledge - INFO - Progress: 56.9% | Files: 619/1086 | Rate: 1.47 files/sec | Queue: 390
2026-02-05 18:44:26,086 - Knowledge - INFO - [LLM_CALL] Completed: Pwm_Cfg.h:chunk1, Duration: 10345ms, PromptTokens: 2458, CompletionTokens: 312, Cost: $0.00037
2026-02-05 18:44:26,174 - Knowledge - INFO - Fast-tracked /app/data/T0015/315875/b34046x/arccore-315875/boards/mpc5567qrtech/examples/rte_simple/config/Rte_Tester.h (ext=.h, size=931)
2026-02-05 18:44:26,299 - Knowledge - INFO - Worker kw16 processing /app/data/T0015/315875/b34046x/arccore-315875/boards/mpc5567qrtech/examples/os_simple/config/Os_Cfg.c
2026-02-05 18:44:26,372 - Knowledge - INFO - Fast-tracked /app/data/T0015/315875/b34046x/arccore-315875/boards/mpc5567qrtech/examples/rte_simple/config/Dio_Cfg.h (ext=.h, size=1100)
2026-02-05 18:44:26,554 - Knowledge - INFO - Worker kw7 processing /app/data/T0015/315875/b34046x/arccore-315875/boards/mpc5567qrtech/examples/rte_simple/config/Port_Cfg.c
2026-02-05 18:44:26,650 - Knowledge - INFO - process ingested knowledge for /app/data/T0015/315875/b34046x/arccore-315875/boards/mpc5602b_xpc560b/examples/lin_simple/config/LinSM_PBcfg.c
2026-02-05 18:44:26,727 - Knowledge - INFO - Worker kw10 processing /app/data/T0015/315875/b34046x/arccore-315875/boards/mpc5567qrtech/examples/rte_simple/config/Rte_Tester_Internal.h
2026-02-05 18:44:26,798 - Knowledge - INFO - process ingested knowledge for /app/data/T0015/315875/b34046x/arccore-315875/boards/hcs12x_elmicro_tboard/examples/ledmaster/config/EcuM_PBcfg.c
2026-02-05 18:44:27,014 - Knowledge - INFO - process ingested knowledge for /app/data/T0015/315875/b34046x/arccore-315875/boards/mpc5602b_xpc560b/examples/lin_simple/config/EcuM_Cfg.h
2026-02-05 18:44:27,040 - Knowledge - INFO - process ingested knowledge for /app/data/T0015/315875/b34046x/arccore-315875/boards/hcs12x_elmicro_tboard/examples/ledmaster/config/CanIf_Cfg.h
2026-02-05 18:44:27,158 - Knowledge - INFO - Async storage completed for 8 embeddings
2026-02-05 18:44:27,373 - Knowledge - INFO - process ingested knowledge for /app/data/T0015/315875/b34046x/arccore-315875/boards/mpc5567qrtech/examples/rte_simple/config/PduR_Cfg.h
2026-02-05 18:44:27,376 - Knowledge - INFO - [kw8] Queue=390, InProgress=0, PendingWorkers=20/20, Completed=619/1086 (57.0%)
2026-02-05 18:44:27,463 - Knowledge - INFO - done ingest for /app/data/T0015/315875/b34046x/arccore-315875/boards/hcs12x_elmicro_tboard/examples/ledmaster/config/Pwm_Cfg.h
2026-02-05 18:44:27,472 - Knowledge - INFO - [kw14] Queue=390, InProgress=0, PendingWorkers=20/20, Completed=619/1086 (57.0%)
2026-02-05 18:44:27,543 - Knowledge - INFO - Processing batch of 6 files
2026-02-05 18:44:28,453 - Knowledge - INFO - [LLM_CALL] Completed: Can_Cfg.h:chunk1, Duration: 8224ms, PromptTokens: 4148, CompletionTokens: 163, Cost: $0.00048
2026-02-05 18:44:27,643 - Knowledge - INFO - Worker kw16 processing /app/data/T0015/315875/b34046x/arccore-315875/boards/mpc5567qrtech/examples/os_simple/config/Det_Cfg.h
2026-02-05 18:44:27,713 - Knowledge - INFO - Worker kw3 processing /app/data/T0015/315875/b34046x/arccore-315875/boards/mpc5567qrtech/examples/rte_simple/config/Rte.mk
2026-02-05 18:44:27,808 - Knowledge - INFO - Worker kw7 processing /app/data/T0015/315875/b34046x/arccore-315875/boards/mpc5567qrtech/examples/rte_simple/config/Rte_Calculator.c
2026-02-05 18:44:27,886 - Knowledge - INFO - process ingested knowledge for /app/data/T0015/315875/b34046x/arccore-315875/boards/mpc5602b_xpc560b/examples/lin_simple/config/Port_Cfg.c
2026-02-05 18:44:27,991 - Knowledge - INFO - Fast-tracked /app/data/T0015/315875/b34046x/arccore-315875/boards/mpc5567qrtech/examples/rte_simple/config/Rte_Tester_Internal.h (ext=.h, size=864)
2026-02-05 18:44:28,075 - Knowledge - INFO - process ingested knowledge for /app/data/T0015/315875/b34046x/arccore-315875/boards/hcs12x_elmicro_tboard/examples/ledmaster/config/Os_Cfg.c
2026-02-05 18:44:28,213 - Knowledge - INFO - process ingested knowledge for /app/data/T0015/315875/b34046x/arccore-315875/boards/mpc5602b_xpc560b/examples/lin_simple/build_config.mk
2026-02-05 18:44:28,337 - Knowledge - INFO - process ingested knowledge for /app/data/T0015/315875/b34046x/arccore-315875/boards/hcs12x_elmicro_tboard/examples/ledmaster/config/Com_PbCfg.h
2026-02-05 18:44:27,553 - Knowledge - INFO - Worker kw15 processing /app/data/T0015/315875/b34046x/arccore-315875/boards/mpc5567qrtech/examples/rte_simple/config/Can_Cfg.h
2026-02-05 18:44:28,534 - Knowledge - INFO - process ingested knowledge for /app/data/T0015/315875/b34046x/arccore-315875/boards/mpc5567qrtech/examples/rte_simple/config/Rte_Logger.h
2026-02-05 18:44:28,658 - Knowledge - INFO - Batch sizing: calculated=6, max_allowed=10, queue=390, active_workers=20/20
2026-02-05 18:44:28,860 - Knowledge - INFO - Async storage completed for 8 embeddings
2026-02-05 18:44:28,876 - Knowledge - INFO - Batch sizing: calculated=6, max_allowed=10, queue=390, active_workers=20/20
2026-02-05 18:44:29,027 - Knowledge - INFO - process ingested knowledge for /app/data/T0015/315875/b34046x/arccore-315875/boards/mpc5567qrtech/examples/rte_simple/config/Rte_Data.h
2026-02-05 18:44:29,137 - Knowledge - INFO - done ingest for /app/data/T0015/315875/b34046x/arccore-315875/boards/hcs12x_elmicro_tboard/examples/ledmaster/config/Can_Cfg.h
2026-02-05 18:44:29,164 - Knowledge - INFO - [LLM_CALL] Completed: Os_Cfg.c:chunk1, Duration: 8602ms, PromptTokens: 3060, CompletionTokens: 284, Cost: $0.00042
2026-02-05 18:44:29,259 - Knowledge - INFO - Fast-tracked /app/data/T0015/315875/b34046x/arccore-315875/boards/mpc5567qrtech/examples/os_simple/config/Det_Cfg.h (ext=.h, size=1121)
2026-02-05 18:44:29,381 - Knowledge - INFO - Fast-tracked /app/data/T0015/315875/b34046x/arccore-315875/boards/mpc5567qrtech/examples/rte_simple/config/Rte.mk (ext=.mk, size=147)
2026-02-05 18:44:29,511 - Knowledge - INFO - Fast-tracked /app/data/T0015/315875/b34046x/arccore-315875/boards/mpc5567qrtech/examples/rte_simple/config/Rte_Calculator.c (ext=.c, size=424)
2026-02-05 18:44:29,667 - Knowledge - INFO - process ingested knowledge for /app/data/T0015/315875/b34046x/arccore-315875/boards/mpc5602b_xpc560b/examples/lin_simple/config/Lin_PBcfg.c
2026-02-05 18:44:29,852 - Knowledge - INFO - Worker kw10 processing /app/data/T0015/315875/b34046x/arccore-315875/boards/mpc5567qrtech/examples/rte_simple/config/Rte_Logger.c
2026-02-05 18:44:30,280 - Knowledge - INFO - process ingested knowledge for /app/data/T0015/315875/b34046x/arccore-315875/boards/mpc5602b_xpc560b/examples/lin_simple/Tasks.c
2026-02-05 18:44:30,372 - Knowledge - INFO - Worker kw15 processing /app/data/T0015/315875/b34046x/arccore-315875/boards/mpc5567qrtech/examples/rte_simple/config/EcuM_Cfg.h
2026-02-05 18:44:30,979 - Knowledge - INFO - process ingested knowledge for /app/data/T0015/315875/b34046x/arccore-315875/boards/mpc5567qrtech/examples/rte_simple/config/Mcu_Cfg.h
2026-02-05 18:44:31,099 - Knowledge - INFO - done ingest for /app/data/T0015/315875/b34046x/arccore-315875/boards/hcs12x_elmicro_tboard/examples/os_simple/config/Os_Cfg.c
2026-02-05 18:44:31,115 - Knowledge - INFO - [LLM_CALL] Completed: EcuM_PBcfg.c:chunk1, Duration: 10664ms, PromptTokens: 2914, CompletionTokens: 246, Cost: $0.00039
2026-02-05 18:44:31,229 - Knowledge - INFO - Worker kw16 processing /app/data/T0015/315875/b34046x/arccore-315875/boards/mpc5567qrtech/examples/os_simple/config/Mcu_Cfg.h
2026-02-05 18:44:31,406 - Knowledge - INFO - Worker kw3 processing /app/data/T0015/315875/b34046x/arccore-315875/boards/mpc5567qrtech/examples/rte_simple/config/CanIf_Cfg.c
2026-02-05 18:44:31,566 - Knowledge - INFO - Worker kw7 processing /app/data/T0015/315875/b34046x/arccore-315875/boards/mpc5567qrtech/examples/rte_simple/config/PduR_PbCfg.c
2026-02-05 18:44:31,882 - Knowledge - INFO - Fast-tracked /app/data/T0015/315875/b34046x/arccore-315875/boards/mpc5567qrtech/examples/rte_simple/config/Rte_Logger.c (ext=.c, size=576)
2026-02-05 18:44:32,111 - Knowledge - INFO - Fast-tracked /app/data/T0015/315875/b34046x/arccore-315875/boards/mpc5567qrtech/examples/rte_simple/config/EcuM_Cfg.h (ext=.h, size=1365)
2026-02-05 18:44:32,245 - Knowledge - INFO - process ingested knowledge for /app/data/T0015/315875/b34046x/arccore-315875/boards/mpc5602b_xpc560b/examples/lin_simple/config/PduR_PbCfg.c
2026-02-05 18:44:32,260 - Knowledge - INFO - process ingested knowledge for /app/data/T0015/315875/b34046x/arccore-315875/boards/mpc5602b_xpc560b/examples/os_simple/config/EcuM.mk
2026-02-05 18:44:32,438 - Knowledge - INFO - done ingest for /app/data/T0015/315875/b34046x/arccore-315875/boards/hcs12x_elmicro_tboard/examples/os_simple/config/EcuM_PBcfg.c
2026-02-05 18:44:32,444 - Knowledge - INFO - [LLM_CALL] Completed: Dma_Cfg.c:chunk1, Duration: 15714ms, PromptTokens: 2872, CompletionTokens: 118, Cost: $0.00033
2026-02-05 18:44:32,561 - Knowledge - INFO - Fast-tracked /app/data/T0015/315875/b34046x/arccore-315875/boards/mpc5567qrtech/examples/os_simple/config/Mcu_Cfg.h (ext=.h, size=994)
2026-02-05 18:44:32,704 - Knowledge - INFO - process ingested knowledge for /app/data/T0015/315875/b34046x/arccore-315875/boards/mpc5567qrtech/examples/rte_simple/config/Port_Cfg.h
2026-02-05 18:44:32,917 - Knowledge - INFO - Worker kw10 processing /app/data/T0015/315875/b34046x/arccore-315875/boards/mpc5567qrtech/examples/rte_simple/config/Rte_Cbk.c
2026-02-05 18:44:33,024 - Knowledge - INFO - Worker kw15 processing /app/data/T0015/315875/b34046x/arccore-315875/boards/mpc5567qrtech/examples/rte_simple/build_config.mk
2026-02-05 18:44:33,246 - Knowledge - INFO - process ingested knowledge for /app/data/T0015/315875/b34046x/arccore-315875/boards/mpc5602b_xpc560b/examples/lin_simple/config/LinSM_Cfg.c
2026-02-05 18:44:33,607 - Knowledge - INFO - done ingest for /app/data/T0015/315875/b34046x/arccore-315875/boards/mpc5567qrtech/config/Dma_Cfg.c
2026-02-05 18:44:33,619 - Knowledge - INFO - Async storing batch of 8 embeddings
2026-02-05 18:44:33,630 - Knowledge - INFO - Async storing batch of 6 embeddings
2026-02-05 18:44:33,698 - Knowledge - INFO - done ingest for /app/data/T0015/315875/b34046x/arccore-315875/boards/mpc5567qrtech/examples/rte_simple/config/EcuM_PBcfg.c
2026-02-05 18:44:33,699 - Knowledge - INFO - [LLM_CALL] Completed: Os_Cfg.h:chunk1, Duration: 16972ms, PromptTokens: 2686, CompletionTokens: 602, Cost: $0.00051
2026-02-05 18:44:33,732 - Knowledge - INFO - Worker kw16 processing /app/data/T0015/315875/b34046x/arccore-315875/boards/mpc5567qrtech/examples/os_simple/config/Dio_Cfg.h
2026-02-05 18:44:34,048 - Knowledge - INFO - [kw13] Queue=378, InProgress=0, PendingWorkers=20/20, Completed=627/1086 (57.7%)
2026-02-05 18:44:34,049 - Knowledge - INFO - process ingested knowledge for /app/data/T0015/315875/b34046x/arccore-315875/boards/mpc5567qrtech/examples/rte_simple/config/Rte_Calculator.h
2026-02-05 18:44:34,062 - Knowledge - INFO - Fast-tracked /app/data/T0015/315875/b34046x/arccore-315875/boards/mpc5567qrtech/examples/rte_simple/config/Rte_Cbk.c (ext=.c, size=771)
2026-02-05 18:44:34,191 - Knowledge - INFO - Fast-tracked /app/data/T0015/315875/b34046x/arccore-315875/boards/mpc5567qrtech/examples/rte_simple/build_config.mk (ext=.mk, size=195)
2026-02-05 18:44:34,609 - Knowledge - INFO - Worker kw8 processing /app/data/T0015/315875/b34046x/arccore-315875/boards/mpc5567qrtech/examples/os_simple/config/Os_Cfg.h
2026-02-05 18:44:34,776 - Knowledge - INFO - Worker kw14 processing /app/data/T0015/315875/b34046x/arccore-315875/boards/mpc5567qrtech/examples/led_rte/config/Dio_Lcfg.c
2026-02-05 18:44:35,028 - Knowledge - INFO - done ingest for /app/data/T0015/315875/b34046x/arccore-315875/boards/hcs12x_elmicro_tboard/examples/ledmaster/config/Os_Cfg.h
2026-02-05 18:44:35,079 - Knowledge - INFO - [LLM_CALL] Completed: Fls_Cfg.c:chunk1, Duration: 10407ms, PromptTokens: 3468, CompletionTokens: 188, Cost: $0.00042
2026-02-05 18:44:35,194 - Knowledge - INFO - Fast-tracked /app/data/T0015/315875/b34046x/arccore-315875/boards/mpc5567qrtech/examples/os_simple/config/Dio_Cfg.h (ext=.h, size=1096)
2026-02-05 18:44:35,299 - Knowledge - INFO - Batch sizing: calculated=6, max_allowed=10, queue=378, active_workers=20/20
2026-02-05 18:44:35,489 - Knowledge - INFO - Worker kw10 processing /app/data/T0015/315875/b34046x/arccore-315875/boards/mpc5567qrtech/examples/rte_simple/config/Os_Cfg.h
2026-02-05 18:44:35,627 - Knowledge - INFO - Worker kw15 processing /app/data/T0015/315875/b34046x/arccore-315875/boards/mpc5567qrtech/examples/os_simple/config/EcuM.mk
2026-02-05 18:44:35,673 - Knowledge - INFO - process ingested knowledge for /app/data/T0015/315875/b34046x/arccore-315875/boards/mpc5567qrtech/examples/rte_simple/config/CanIf_Cfg.h
2026-02-05 18:44:35,803 - Knowledge - INFO - Worker kw8 processing /app/data/T0015/315875/b34046x/arccore-315875/boards/mpc5567qrtech/examples/os_simple/config/EcuM_Cfg.h
2026-02-05 18:44:35,880 - Knowledge - INFO - [kw12] Queue=378, InProgress=0, PendingWorkers=20/20, Completed=629/1086 (57.9%)
2026-02-05 18:44:35,913 - Knowledge - INFO - Fast-tracked /app/data/T0015/315875/b34046x/arccore-315875/boards/mpc5567qrtech/examples/led_rte/config/Dio_Lcfg.c (ext=.c, size=733)
2026-02-05 18:44:35,928 - Knowledge - INFO - Async storage completed for 8 embeddings
2026-02-05 18:44:36,156 - Knowledge - INFO - done ingest for /app/data/T0015/315875/b34046x/arccore-315875/boards/mpc5567qrtech/config/Fls_Cfg.c
2026-02-05 18:44:36,157 - Knowledge - INFO - done ingest for /app/data/T0015/315875/b34046x/arccore-315875/boards/mpc5567qrtech/examples/rte_simple/config/Os_Cfg.c
2026-02-05 18:44:36,242 - Knowledge - INFO - Worker kw16 processing /app/data/T0015/315875/b34046x/arccore-315875/boards/mpc5567qrtech/examples/os_simple/config/Mcu_Cfg.c
2026-02-05 18:44:36,371 - Knowledge - INFO - [kw17] Queue=378, InProgress=0, PendingWorkers=20/20, Completed=632/1086 (58.2%)
2026-02-05 18:44:36,372 - Knowledge - INFO - [kw4] Queue=378, InProgress=0, PendingWorkers=20/20, Completed=633/1086 (58.3%)
2026-02-05 18:44:36,372 - Knowledge - INFO - Async storing batch of 6 embeddings
2026-02-05 18:44:36,521 - Knowledge - INFO - Fast-tracked /app/data/T0015/315875/b34046x/arccore-315875/boards/mpc5567qrtech/examples/os_simple/config/EcuM.mk (ext=.mk, size=41)
2026-02-05 18:44:36,521 - Knowledge - INFO - Processing batch of 6 files
2026-02-05 18:44:36,527 - Knowledge - INFO - Processing batch of 6 files
2026-02-05 18:44:36,554 - Knowledge - INFO - Processing batch of 6 files
2026-02-05 18:44:36,607 - Knowledge - INFO - process ingested knowledge for /app/data/T0015/315875/b34046x/arccore-315875/boards/mpc5567qrtech/examples/rte_simple/config/Com_PbCfg.h
2026-02-05 18:44:36,639 - Knowledge - INFO - [WEBSOCKET] Sent: Type=progress_update, Size: 293, Duration: 0ms
2026-02-05 18:44:36,681 - Knowledge - INFO - Fast-tracked /app/data/T0015/315875/b34046x/arccore-315875/boards/mpc5567qrtech/examples/os_simple/config/EcuM_Cfg.h (ext=.h, size=1371)
2026-02-05 18:44:36,749 - Knowledge - INFO - Batch sizing: calculated=6, max_allowed=10, queue=378, active_workers=20/20
2026-02-05 18:44:36,824 - Knowledge - INFO - Worker kw14 processing /app/data/T0015/315875/b34046x/arccore-315875/boards/mpc5567qrtech/examples/led_rte/config/IoHwAb_Analog.c
2026-02-05 18:44:37,251 - Knowledge - INFO - Fast-tracked /app/data/T0015/315875/b34046x/arccore-315875/boards/mpc5567qrtech/examples/os_simple/config/Mcu_Cfg.c (ext=.c, size=864)
2026-02-05 18:44:37,375 - Knowledge - INFO - Batch sizing: calculated=6, max_allowed=10, queue=378, active_workers=20/20
2026-02-05 18:44:37,516 - Knowledge - INFO - Batch sizing: calculated=6, max_allowed=10, queue=378, active_workers=20/20
2026-02-05 18:44:37,676 - Knowledge - INFO - Worker kw13 processing /app/data/T0015/315875/b34046x/arccore-315875/boards/mpc5567qrtech/examples/led_rte/config/Os_Cfg.c
2026-02-05 18:44:37,827 - Knowledge - INFO - Worker kw15 processing /app/data/T0015/315875/b34046x/arccore-315875/boards/mpc5567qrtech/examples/os_simple/config/Dio_Lcfg.c
2026-02-05 18:44:37,994 - Knowledge - INFO - process ingested knowledge for /app/data/T0015/315875/b34046x/arccore-315875/boards/hcs12x_elmicro_tboard/examples/ledmaster/config/Can_Lcfg.c
2026-02-05 18:44:38,133 - Knowledge - INFO - process ingested knowledge for /app/data/T0015/315875/b34046x/arccore-315875/boards/hcs12x_elmicro_tboard/examples/os_simple/config/Os_Cfg.c
2026-02-05 18:44:38,250 - Knowledge - INFO - process ingested knowledge for /app/data/T0015/315875/b34046x/arccore-315875/boards/hcs12x_elmicro_tboard/examples/ledmaster/config/Port_Cfg.c
2026-02-05 18:44:38,522 - Knowledge - INFO - Async storage completed for 6 embeddings
2026-02-05 18:44:38,587 - Knowledge - INFO - [LLM_CALL] Completed: Fls_Cfg.h:chunk1, Duration: 18358ms, PromptTokens: 2838, CompletionTokens: 365, Cost: $0.00043
2026-02-05 18:44:38,688 - Knowledge - INFO - Worker kw8 processing /app/data/T0015/315875/b34046x/arccore-315875/boards/mpc5567qrtech/examples/os_simple/build_config.mk
2026-02-05 18:44:38,895 - Knowledge - INFO - Fast-tracked /app/data/T0015/315875/b34046x/arccore-315875/boards/mpc5567qrtech/examples/led_rte/config/IoHwAb_Analog.c (ext=.c, size=1308)
2026-02-05 18:44:39,252 - Knowledge - INFO - Worker kw13 processing /app/data/T0015/315875/b34046x/arccore-315875/boards/mpc5567qrtech/examples/led_rte/config/Rte_led_rte_ecuc_mpc5567_IoHwAbComponentType.h
2026-02-05 18:44:39,342 - Knowledge - INFO - Fast-tracked /app/data/T0015/315875/b34046x/arccore-315875/boards/mpc5567qrtech/examples/os_simple/config/Dio_Lcfg.c (ext=.c, size=734)
2026-02-05 18:44:39,415 - Knowledge - INFO - process ingested knowledge for /app/data/T0015/315875/b34046x/arccore-315875/boards/hcs12x_elmicro_tboard/examples/ledmaster/config/Dio_Cfg.h
2026-02-05 18:44:39,508 - Knowledge - INFO - process ingested knowledge for /app/data/T0015/315875/b34046x/arccore-315875/boards/hcs12x_elmicro_tboard/examples/os_simple/config/Det_Cfg.h
2026-02-05 18:44:39,580 - Knowledge - INFO - process ingested knowledge for /app/data/T0015/315875/b34046x/arccore-315875/boards/hcs12x_elmicro_tboard/examples/ledmaster/config/PduR_PbCfg.c
2026-02-05 18:44:39,763 - Knowledge - INFO - done ingest for /app/data/T0015/315875/b34046x/arccore-315875/boards/mpc5567qrtech/config/Fls_Cfg.h
2026-02-05 18:44:39,764 - Knowledge - INFO - [LLM_CALL] Completed: Rte_Type.h:chunk1, Duration: 12300ms, PromptTokens: 3746, CompletionTokens: 564, Cost: $0.00060
2026-02-05 18:44:39,877 - Knowledge - INFO - Fast-tracked /app/data/T0015/315875/b34046x/arccore-315875/boards/mpc5567qrtech/examples/os_simple/build_config.mk (ext=.mk, size=241)
2026-02-05 18:44:39,956 - Knowledge - INFO - Worker kw14 processing /app/data/T0015/315875/b34046x/arccore-315875/boards/mpc5567qrtech/examples/led_rte/config/EcuM_PBcfg.c
2026-02-05 18:44:40,068 - Knowledge - INFO - Fast-tracked /app/data/T0015/315875/b34046x/arccore-315875/boards/mpc5567qrtech/examples/led_rte/config/Rte_led_rte_ecuc_mpc5567_IoHwAbComponentType.h (ext=.h, size=692)
2026-02-05 18:44:40,144 - Knowledge - INFO - Fast-tracked /app/data/T0015/315875/b34046x/arccore-315875/boards/mpc5567qrtech/examples/rte_simple/config/Can_Cfg.h (small file (2404 bytes))
2026-02-05 18:44:40,288 - Knowledge - INFO - process ingested knowledge for /app/data/T0015/315875/b34046x/arccore-315875/boards/hcs12x_elmicro_tboard/examples/ledmaster/config/CanIf_Cfg.c
2026-02-05 18:44:40,417 - Knowledge - INFO - process ingested knowledge for /app/data/T0015/315875/b34046x/arccore-315875/boards/hcs12x_elmicro_tboard/examples/os_simple/config/Mcu_Cfg.h
2026-02-05 18:44:40,495 - Knowledge - INFO - process ingested knowledge for /app/data/T0015/315875/b34046x/arccore-315875/boards/hcs12x_elmicro_tboard/examples/ledmaster/config/Adc_Cfg.h
2026-02-05 18:44:40,688 - Knowledge - INFO - done ingest for /app/data/T0015/315875/b34046x/arccore-315875/boards/mpc5567qrtech/examples/rte_simple/config/Rte_Type.h
2026-02-05 18:44:40,689 - Knowledge - INFO - [WEBSOCKET] Sent: Type=unknown, Size: ?, Duration: 4049ms
2026-02-05 18:44:40,719 - Knowledge - INFO - Async storage completed for 8 embeddings
2026-02-05 18:44:40,768 - Knowledge - INFO - Worker kw8 processing /app/data/T0015/315875/b34046x/arccore-315875/boards/mpc5567qrtech/examples/led_rte/Blinker.c
2026-02-05 18:44:40,873 - Knowledge - INFO - Worker kw14 processing /app/data/T0015/315875/b34046x/arccore-315875/boards/mpc5567qrtech/examples/led_rte/config/Rte.c
2026-02-05 18:44:40,954 - Knowledge - INFO - Worker kw13 processing /app/data/T0015/315875/b34046x/arccore-315875/boards/mpc5567qrtech/examples/led_rte/config/Det_Cfg.h
2026-02-05 18:44:41,043 - Knowledge - INFO - Async storage completed for 8 embeddings
2026-02-05 18:44:41,153 - Knowledge - INFO - process ingested knowledge for /app/data/T0015/315875/b34046x/arccore-315875/boards/hcs12x_elmicro_tboard/examples/ledmaster/config/Com_PbCfg.c
2026-02-05 18:44:41,268 - Knowledge - INFO - process ingested knowledge for /app/data/T0015/315875/b34046x/arccore-315875/boards/hcs12x_elmicro_tboard/examples/os_simple/config/Mcu_Cfg.c
2026-02-05 18:44:41,355 - Knowledge - INFO - process ingested knowledge for /app/data/T0015/315875/b34046x/arccore-315875/boards/hcs12x_elmicro_tboard/examples/ledmaster/config/CanIf_SpecialPdus.h
2026-02-05 18:44:41,551 - Knowledge - INFO - Progress: 59.1% | Files: 645/1086 | Rate: 1.48 files/sec | Queue: 354
2026-02-05 18:44:41,552 - Knowledge - INFO - [LLM_CALL] Completed: Tasks.c:chunk1, Duration: 24822ms, PromptTokens: 2694, CompletionTokens: 888, Cost: $0.00062
2026-02-05 18:44:41,762 - Knowledge - INFO - Fast-tracked /app/data/T0015/315875/b34046x/arccore-315875/boards/mpc5567qrtech/examples/led_rte/Blinker.c (ext=.c, size=232)
2026-02-05 18:44:41,878 - Knowledge - INFO - Fast-tracked /app/data/T0015/315875/b34046x/arccore-315875/boards/mpc5567qrtech/examples/led_rte/config/Rte.c (ext=.c, size=1102)
2026-02-05 18:44:41,959 - Knowledge - INFO - Fast-tracked /app/data/T0015/315875/b34046x/arccore-315875/boards/mpc5567qrtech/examples/led_rte/config/Det_Cfg.h (ext=.h, size=1121)
2026-02-05 18:44:42,146 - Knowledge - INFO - process ingested knowledge for /app/data/T0015/315875/b34046x/arccore-315875/boards/hcs12x_elmicro_tboard/examples/ledmaster/config/Pwm_Cfg.h
2026-02-05 18:44:42,252 - Knowledge - INFO - process ingested knowledge for /app/data/T0015/315875/b34046x/arccore-315875/boards/hcs12x_elmicro_tboard/examples/os_simple/config/Os_Cfg.h
2026-02-05 18:44:42,363 - Knowledge - INFO - process ingested knowledge for /app/data/T0015/315875/b34046x/arccore-315875/boards/hcs12x_elmicro_tboard/examples/ledmaster/config/Os_Cfg.h
2026-02-05 18:44:42,476 - Knowledge - INFO - [kw11] Queue=354, InProgress=0, PendingWorkers=20/20, Completed=646/1086 (59.5%)
2026-02-05 18:44:42,574 - Knowledge - INFO - done ingest for /app/data/T0015/315875/b34046x/arccore-315875/boards/hcs12x_elmicro_tboard/examples/ledmaster/Tasks.c
2026-02-05 18:44:42,579 - Knowledge - INFO - Async storing batch of 6 embeddings
2026-02-05 18:44:42,579 - Knowledge - INFO - Async storing batch of 6 embeddings
2026-02-05 18:44:42,582 - Knowledge - INFO - Async storing batch of 8 embeddings
2026-02-05 18:44:42,582 - Knowledge - INFO - [LLM_CALL] Completed: Rte.c:chunk1, Duration: 16496ms, PromptTokens: 3468, CompletionTokens: 844, Cost: $0.00068
2026-02-05 18:44:42,676 - Knowledge - INFO - Worker kw8 processing /app/data/T0015/315875/b34046x/arccore-315875/boards/mpc5567qrtech/examples/led_rte/config/EcuM.mk
2026-02-05 18:44:42,755 - Knowledge - INFO - Worker kw14 processing /app/data/T0015/315875/b34046x/arccore-315875/boards/mpc5567qrtech/examples/led_rte/config/Rte_EcuAbstraction.c
2026-02-05 18:44:42,835 - Knowledge - INFO - Worker kw13 processing /app/data/T0015/315875/b34046x/arccore-315875/boards/mpc5567qrtech/examples/led_rte/config/Rte_Type.h
2026-02-05 18:44:42,930 - Knowledge - INFO - process ingested knowledge for /app/data/T0015/315875/b34046x/arccore-315875/boards/hcs12x_elmicro_tboard/examples/ledmaster/config/Mcu_Cfg.c
2026-02-05 18:44:43,032 - Knowledge - INFO - process ingested knowledge for /app/data/T0015/315875/b34046x/arccore-315875/boards/hcs12x_elmicro_tboard/examples/os_simple/config/EcuM_Cfg.h
2026-02-05 18:44:43,136 - Knowledge - INFO - process ingested knowledge for /app/data/T0015/315875/b34046x/arccore-315875/boards/hcs12x_elmicro_tboard/examples/ledmaster/config/Can_Cfg.h
2026-02-05 18:44:43,221 - Knowledge - INFO - Batch sizing: calculated=6, max_allowed=10, queue=354, active_workers=20/20
2026-02-05 18:44:43,458 - Knowledge - INFO - Worker kw12 processing /app/data/T0015/315875/b34046x/arccore-315875/boards/mpc5567qrtech/examples/led_rte/config/Port_Cfg.h
2026-02-05 18:44:43,537 - Knowledge - INFO - Worker kw17 processing /app/data/T0015/315875/b34046x/arccore-315875/boards/mpc5567qrtech/examples/led_rte/config/Rte_Data.c
2026-02-05 18:44:43,650 - Knowledge - INFO - Worker kw4 processing /app/data/T0015/315875/b34046x/arccore-315875/boards/mpc5567qrtech/examples/led_rte/config/IoHwAb_Dcm.h
2026-02-05 18:44:43,754 - Knowledge - INFO - done ingest for /app/data/T0015/315875/b34046x/arccore-315875/boards/mpc5567qrtech/examples/rte_simple/config/Rte.c
2026-02-05 18:44:43,756 - Knowledge - INFO - [LLM_CALL] Completed: CanIf_Cfg.c:chunk1, Duration: 8708ms, PromptTokens: 4508, CompletionTokens: 290, Cost: $0.00057
2026-02-05 18:44:43,877 - Knowledge - INFO - Fast-tracked /app/data/T0015/315875/b34046x/arccore-315875/boards/mpc5567qrtech/examples/led_rte/config/EcuM.mk (ext=.mk, size=57)
2026-02-05 18:44:43,982 - Knowledge - INFO - Fast-tracked /app/data/T0015/315875/b34046x/arccore-315875/boards/mpc5567qrtech/examples/led_rte/config/Rte_EcuAbstraction.c (ext=.c, size=418)
2026-02-05 18:44:44,079 - Knowledge - INFO - Worker kw13 processing /app/data/T0015/315875/b34046x/arccore-315875/boards/mpc5567qrtech/examples/led_rte/config/Rte_Data.h
2026-02-05 18:44:44,530 - Knowledge - INFO - Worker kw12 processing /app/data/T0015/315875/b34046x/arccore-315875/boards/mpc5567qrtech/examples/led_rte/config/Calibration_Settings.h
2026-02-05 18:44:44,596 - Knowledge - INFO - Fast-tracked /app/data/T0015/315875/b34046x/arccore-315875/boards/mpc5567qrtech/examples/led_rte/config/Rte_Data.c (ext=.c, size=388)
2026-02-05 18:44:44,692 - Knowledge - INFO - Fast-tracked /app/data/T0015/315875/b34046x/arccore-315875/boards/mpc5567qrtech/examples/led_rte/config/IoHwAb_Dcm.h (ext=.h, size=854)
2026-02-05 18:44:44,922 - Knowledge - INFO - done ingest for /app/data/T0015/315875/b34046x/arccore-315875/boards/mpc5567qrtech/examples/rte_simple/config/CanIf_Cfg.c
2026-02-05 18:44:44,929 - Knowledge - INFO - Async storing batch of 8 embeddings
2026-02-05 18:44:44,930 - Knowledge - INFO - [LLM_CALL] Completed: Port_Cfg.c:chunk1, Duration: 8773ms, PromptTokens: 14012, CompletionTokens: 175, Cost: $0.00147
2026-02-05 18:44:45,029 - Knowledge - INFO - Worker kw8 processing /app/data/T0015/315875/b34046x/arccore-315875/boards/mpc5567qrtech/examples/led_rte/config/IoHwAb_Digital.c
2026-02-05 18:44:45,105 - Knowledge - INFO - Worker kw14 processing /app/data/T0015/315875/b34046x/arccore-315875/boards/mpc5567qrtech/examples/led_rte/config/Rte_Blinker.c
2026-02-05 18:44:45,124 - Knowledge - INFO - [kw18] Queue=348, InProgress=0, PendingWorkers=20/20, Completed=648/1086 (59.7%)
2026-02-05 18:44:45,171 - Knowledge - INFO - Fast-tracked /app/data/T0015/315875/b34046x/arccore-315875/boards/mpc5567qrtech/examples/led_rte/config/Rte_Data.h (ext=.h, size=538)
2026-02-05 18:44:45,249 - Knowledge - INFO - Fast-tracked /app/data/T0015/315875/b34046x/arccore-315875/boards/mpc5567qrtech/examples/led_rte/config/Calibration_Settings.h (ext=.h, size=492)
2026-02-05 18:44:45,325 - Knowledge - INFO - Worker kw17 processing /app/data/T0015/315875/b34046x/arccore-315875/boards/mpc5567qrtech/examples/led_rte/config/Mcu_Cfg.c
2026-02-05 18:44:45,433 - Knowledge - INFO - Worker kw4 processing /app/data/T0015/315875/b34046x/arccore-315875/boards/mpc5567qrtech/examples/led_rte/config/Rte_EcuAbstraction_Internal.h
2026-02-05 18:44:45,620 - Knowledge - INFO - Worker kw11 processing /app/data/T0015/315875/b34046x/arccore-315875/boards/mpc5567qrtech/examples/led_rte/config/Os_Cfg.h
2026-02-05 18:44:45,704 - Knowledge - INFO - done ingest for /app/data/T0015/315875/b34046x/arccore-315875/boards/mpc5567qrtech/examples/rte_simple/config/Port_Cfg.c
2026-02-05 18:44:45,804 - Knowledge - INFO - [kw9] Queue=348, InProgress=0, PendingWorkers=20/20, Completed=655/1086 (60.3%)
2026-02-05 18:44:45,806 - Knowledge - INFO - Async storage completed for 8 embeddings
2026-02-05 18:44:45,812 - Knowledge - INFO - [kw19] Queue=348, InProgress=0, PendingWorkers=20/20, Completed=657/1086 (60.5%)
2026-02-05 18:44:45,812 - Knowledge - INFO - Fast-tracked /app/data/T0015/315875/b34046x/arccore-315875/boards/mpc5567qrtech/examples/os_simple/config/Os_Cfg.h (small file (2971 bytes))
2026-02-05 18:44:45,875 - Knowledge - INFO - Processing batch of 6 files
2026-02-05 18:44:45,888 - Knowledge - INFO - [WEBSOCKET] Sent: Type=progress_update, Size: 293, Duration: 0ms
2026-02-05 18:44:45,889 - Knowledge - INFO - Fast-tracked /app/data/T0015/315875/b34046x/arccore-315875/boards/mpc5567qrtech/examples/led_rte/config/Rte_Blinker.c (ext=.c, size=551)
2026-02-05 18:44:46,257 - Knowledge - INFO - Batch sizing: calculated=6, max_allowed=10, queue=348, active_workers=20/20
2026-02-05 18:44:46,343 - Knowledge - INFO - Worker kw13 processing /app/data/T0015/315875/b34046x/arccore-315875/boards/mpc5567qrtech/examples/led_rte/config/Mcu_Cfg.h
2026-02-05 18:44:46,462 - Knowledge - INFO - Worker kw12 processing /app/data/T0015/315875/b34046x/arccore-315875/boards/mpc5567qrtech/examples/led_rte/config/IoHwAb_Pwm.c
2026-02-05 18:44:46,573 - Knowledge - INFO - Fast-tracked /app/data/T0015/315875/b34046x/arccore-315875/boards/mpc5567qrtech/examples/led_rte/config/Mcu_Cfg.c (ext=.c, size=864)
2026-02-05 18:44:46,660 - Knowledge - INFO - Fast-tracked /app/data/T0015/315875/b34046x/arccore-315875/boards/mpc5567qrtech/examples/led_rte/config/Rte_EcuAbstraction_Internal.h (ext=.h, size=658)
2026-02-05 18:44:46,751 - Knowledge - INFO - Worker kw11 processing /app/data/T0015/315875/b34046x/arccore-315875/boards/mpc5567qrtech/examples/led_rte/config/IoHwAb_Cfg.h
2026-02-05 18:44:47,007 - Knowledge - INFO - Batch sizing: calculated=6, max_allowed=10, queue=348, active_workers=20/20
2026-02-05 18:44:47,224 - Knowledge - INFO - Batch sizing: calculated=6, max_allowed=10, queue=348, active_workers=20/20
2026-02-05 18:44:47,387 - Knowledge - INFO - process ingested knowledge for /app/data/T0015/315875/b34046x/arccore-315875/boards/hcs12x_elmicro_tboard/examples/ledmaster/config/EcuM_Cfg.h
2026-02-05 18:44:47,482 - Knowledge - INFO - Processing batch of 6 files
2026-02-05 18:44:47,482 - Knowledge - INFO - [LLM_CALL] Completed: PduR_PbCfg.c:chunk1, Duration: 7719ms, PromptTokens: 2978, CompletionTokens: 242, Cost: $0.00039
2026-02-05 18:44:47,733 - Knowledge - INFO - Fast-tracked /app/data/T0015/315875/b34046x/arccore-315875/boards/mpc5567qrtech/examples/led_rte/config/Mcu_Cfg.h (ext=.h, size=987)
2026-02-05 18:44:47,835 - Knowledge - INFO - Fast-tracked /app/data/T0015/315875/b34046x/arccore-315875/boards/mpc5567qrtech/examples/led_rte/config/IoHwAb_Pwm.c (ext=.c, size=1253)
2026-02-05 18:44:47,898 - Knowledge - INFO - Worker kw17 processing /app/data/T0015/315875/b34046x/arccore-315875/boards/mpc5567qrtech/examples/led_rte/config/Port_Cfg.c
2026-02-05 18:44:47,973 - Knowledge - INFO - Worker kw4 processing /app/data/T0015/315875/b34046x/arccore-315875/boards/mpc5567qrtech/examples/led_rte/config/Rte_Blinker_Internal.h
2026-02-05 18:44:48,089 - Knowledge - INFO - Fast-tracked /app/data/T0015/315875/b34046x/arccore-315875/boards/mpc5567qrtech/examples/led_rte/config/IoHwAb_Cfg.h (ext=.h, size=570)
2026-02-05 18:44:48,381 - Knowledge - INFO - process ingested knowledge for /app/data/T0015/315875/b34046x/arccore-315875/boards/hcs12x_elmicro_tboard/examples/ledmaster/example_info.txt
2026-02-05 18:44:48,474 - Knowledge - INFO - process ingested knowledge for /app/data/T0015/315875/b34046x/arccore-315875/boards/hcs12x_elmicro_tboard/examples/os_simple/build_config.mk
2026-02-05 18:44:48,553 - Knowledge - INFO - done ingest for /app/data/T0015/315875/b34046x/arccore-315875/boards/mpc5567qrtech/examples/rte_simple/config/PduR_PbCfg.c
2026-02-05 18:44:48,554 - Knowledge - INFO - Processing batch of 6 files
2026-02-05 18:44:48,554 - Knowledge - INFO - [WEBSOCKET] Sent: Type=unknown, Size: ?, Duration: 2666ms
2026-02-05 18:44:48,699 - Knowledge - INFO - Worker kw12 processing /app/data/T0015/315875/b34046x/arccore-315875/boards/mpc5567qrtech/examples/led_rte/config/Dio_Cfg.h
2026-02-05 18:44:48,809 - Knowledge - INFO - Worker kw17 processing /app/data/T0015/315875/b34046x/arccore-315875/boards/mpc5567qrtech/examples/led_rte/config/IoHwAb_Digital.h
2026-02-05 18:44:48,899 - Knowledge - INFO - Fast-tracked /app/data/T0015/315875/b34046x/arccore-315875/boards/mpc5567qrtech/examples/led_rte/config/Rte_Blinker_Internal.h (ext=.h, size=548)
2026-02-05 18:44:48,985 - Knowledge - INFO - Worker kw11 processing /app/data/T0015/315875/b34046x/arccore-315875/boards/mpc5567qrtech/examples/led_rte/config/IoHwAb_Cbk.h
2026-02-05 18:44:49,095 - Knowledge - INFO - process ingested knowledge for /app/data/T0015/315875/b34046x/arccore-315875/boards/hcs12x_elmicro_tboard/examples/ledmaster/build_config.mk
2026-02-05 18:44:49,195 - Knowledge - INFO - process ingested knowledge for /app/data/T0015/315875/b34046x/arccore-315875/boards/mpc5567qrtech/config/Dma_Cfg.c
2026-02-05 18:44:49,407 - Knowledge - INFO - process ingested knowledge for /app/data/T0015/315875/b34046x/arccore-315875/boards/mpc5567qrtech/examples/rte_simple/config/Rte_Tester.h
2026-02-05 18:44:49,514 - Knowledge - INFO - Progress: 61.8% | Files: 673/1086 | Rate: 1.51 files/sec | Queue: 330
2026-02-05 18:44:49,541 - Knowledge - INFO - Async storing batch of 6 embeddings
2026-02-05 18:44:49,552 - Knowledge - INFO - Async storing batch of 6 embeddings
2026-02-05 18:44:49,552 - Knowledge - INFO - [LLM_CALL] Completed: Os_Cfg.h:chunk1, Duration: 13127ms, PromptTokens: 2680, CompletionTokens: 692, Cost: $0.00054
2026-02-05 18:44:49,652 - Knowledge - INFO - Fast-tracked /app/data/T0015/315875/b34046x/arccore-315875/boards/mpc5567qrtech/examples/led_rte/config/Dio_Cfg.h (ext=.h, size=1095)
2026-02-05 18:44:49,762 - Knowledge - INFO - Fast-tracked /app/data/T0015/315875/b34046x/arccore-315875/boards/mpc5567qrtech/examples/led_rte/config/IoHwAb_Digital.h (ext=.h, size=1644)
2026-02-05 18:44:49,837 - Knowledge - INFO - Worker kw4 processing /app/data/T0015/315875/b34046x/arccore-315875/boards/mpc5567qrtech/examples/led_rte/config/Rte_Cbk.c
2026-02-05 18:44:49,943 - Knowledge - INFO - Fast-tracked /app/data/T0015/315875/b34046x/arccore-315875/boards/mpc5567qrtech/examples/led_rte/config/IoHwAb_Cbk.h (ext=.h, size=533)
2026-02-05 18:44:50,031 - Knowledge - INFO - process ingested knowledge for /app/data/T0015/315875/b34046x/arccore-315875/boards/hcs12x_elmicro_tboard/examples/ledmaster/Tasks.c
2026-02-05 18:44:50,172 - Knowledge - INFO - process ingested knowledge for /app/data/T0015/315875/b34046x/arccore-315875/boards/mpc5567qrtech/config/Fls_Cfg.h
2026-02-05 18:44:50,250 - Knowledge - INFO - process ingested knowledge for /app/data/T0015/315875/b34046x/arccore-315875/boards/mpc5567qrtech/examples/rte_simple/config/Can_Cfg.h
2026-02-05 18:44:50,370 - Knowledge - INFO - [kw6] Queue=330, InProgress=0, PendingWorkers=20/20, Completed=676/1086 (62.2%)
2026-02-05 18:44:50,482 - Knowledge - INFO - Worker kw9 processing /app/data/T0015/315875/b34046x/arccore-315875/boards/mpc5516it/config/Eep_Lcfg.c
2026-02-05 18:44:50,578 - Knowledge - INFO - Worker kw19 processing /app/data/T0015/315875/b34046x/arccore-315875/boards/mpc5516it/config/Dma_Cfg.h
2026-02-05 18:44:50,680 - Knowledge - INFO - done ingest for /app/data/T0015/315875/b34046x/arccore-315875/boards/mpc5567qrtech/examples/rte_simple/config/Os_Cfg.h
2026-02-05 18:44:50,681 - Knowledge - INFO - [LLM_CALL] Completed: Com_PbCfg.c:chunk1, Duration: 16984ms, PromptTokens: 7746, CompletionTokens: 212, Cost: $0.00086
2026-02-05 18:44:50,760 - Knowledge - INFO - Worker kw12 processing /app/data/T0015/315875/b34046x/arccore-315875/boards/mpc5567qrtech/examples/led_rte/config/IoHwAb_Analog.h
2026-02-05 18:44:50,833 - Knowledge - INFO - Worker kw17 processing /app/data/T0015/315875/b34046x/arccore-315875/boards/mpc5567qrtech/examples/led_rte/config/Rte_led_rte_ecuc_mpc5567_IoHwAbComponentType.c
2026-02-05 18:44:50,919 - Knowledge - INFO - Fast-tracked /app/data/T0015/315875/b34046x/arccore-315875/boards/mpc5567qrtech/examples/led_rte/config/Rte_Cbk.c (ext=.c, size=342)
2026-02-05 18:44:50,990 - Knowledge - INFO - Worker kw11 processing /app/data/T0015/315875/b34046x/arccore-315875/boards/mpc5567qrtech/examples/led_rte/config/EcuM_Cfg.h
2026-02-05 18:44:51,077 - Knowledge - INFO - process ingested knowledge for /app/data/T0015/315875/b34046x/arccore-315875/boards/hcs12x_elmicro_tboard/examples/os_simple/config/EcuM.mk
2026-02-05 18:44:51,161 - Knowledge - INFO - process ingested knowledge for /app/data/T0015/315875/b34046x/arccore-315875/boards/mpc5567qrtech/config/Fls_Cfg.c
2026-02-05 18:44:51,278 - Knowledge - INFO - process ingested knowledge for /app/data/T0015/315875/b34046x/arccore-315875/boards/mpc5567qrtech/examples/rte_simple/config/EcuM_Cfg.h
2026-02-05 18:44:51,363 - Knowledge - INFO - Batch sizing: calculated=6, max_allowed=10, queue=330, active_workers=20/20
2026-02-05 18:44:51,470 - Knowledge - INFO - Worker kw9 processing /app/data/T0015/315875/b34046x/arccore-315875/boards/mpc5516it/config/Wdg_Lcfg.c
2026-02-05 18:44:51,530 - Knowledge - INFO - Async storage completed for 6 embeddings
2026-02-05 18:44:51,585 - Knowledge - INFO - Fast-tracked /app/data/T0015/315875/b34046x/arccore-315875/boards/mpc5516it/config/Dma_Cfg.h (ext=.h, size=1337)
2026-02-05 18:44:51,759 - Knowledge - INFO - done ingest for /app/data/T0015/315875/b34046x/arccore-315875/boards/mpc5567qrtech/examples/rte_simple/config/Com_PbCfg.c
2026-02-05 18:44:51,761 - Knowledge - INFO - Async storing batch of 6 embeddings
2026-02-05 18:44:51,762 - Knowledge - INFO - [LLM_CALL] Completed: EcuM_PBcfg.c:chunk1, Duration: 2224ms, PromptTokens: 2900, CompletionTokens: 249, Cost: $0.00039
2026-02-05 18:44:51,839 - Knowledge - INFO - Fast-tracked /app/data/T0015/315875/b34046x/arccore-315875/boards/mpc5567qrtech/examples/led_rte/config/IoHwAb_Analog.h (ext=.h, size=955)
2026-02-05 18:44:51,882 - Knowledge - INFO - Async storage completed for 8 embeddings
2026-02-05 18:44:51,943 - Knowledge - INFO - Fast-tracked /app/data/T0015/315875/b34046x/arccore-315875/boards/mpc5567qrtech/examples/led_rte/config/Rte_led_rte_ecuc_mpc5567_IoHwAbComponentType.c (ext=.c, size=654)
2026-02-05 18:44:52,016 - Knowledge - INFO - Worker kw4 processing /app/data/T0015/315875/b34046x/arccore-315875/boards/mpc5567qrtech/examples/led_rte/config/Rte_EcuAbstraction.h
2026-02-05 18:44:52,115 - Knowledge - INFO - Fast-tracked /app/data/T0015/315875/b34046x/arccore-315875/boards/mpc5567qrtech/examples/led_rte/config/EcuM_Cfg.h (ext=.h, size=1365)
2026-02-05 18:44:52,204 - Knowledge - INFO - process ingested knowledge for /app/data/T0015/315875/b34046x/arccore-315875/boards/hcs12x_elmicro_tboard/examples/os_simple/config/EcuM_PBcfg.c
2026-02-05 18:44:52,283 - Knowledge - INFO - process ingested knowledge for /app/data/T0015/315875/b34046x/arccore-315875/boards/mpc5567qrtech/config/Wdg_Cfg.h
2026-02-05 18:44:52,399 - Knowledge - INFO - process ingested knowledge for /app/data/T0015/315875/b34046x/arccore-315875/boards/mpc5567qrtech/examples/rte_simple/build_config.mk
2026-02-05 18:44:52,589 - Knowledge - INFO - Fast-tracked /app/data/T0015/315875/b34046x/arccore-315875/boards/mpc5516it/config/Wdg_Lcfg.c (ext=.c, size=1237)
2026-02-05 18:44:52,758 - Knowledge - INFO - Worker kw19 processing /app/data/T0015/315875/b34046x/arccore-315875/boards/mpc5516it/config/Mcu_Arc_Cfg.h
2026-02-05 18:44:52,929 - Knowledge - INFO - Worker kw18 processing /app/data/T0015/315875/b34046x/arccore-315875/boards/mpc5567qrtech/examples/led_rte/Tasks.c
2026-02-05 18:44:53,014 - Knowledge - INFO - done ingest for /app/data/T0015/315875/b34046x/arccore-315875/boards/mpc5567qrtech/examples/os_simple/config/EcuM_PBcfg.c
2026-02-05 18:44:53,016 - Knowledge - INFO - Processing batch of 6 files
2026-02-05 18:44:53,018 - Knowledge - INFO - Processing batch of 6 files
2026-02-05 18:44:53,018 - Knowledge - INFO - Async storing batch of 6 embeddings
2026-02-05 18:44:53,048 - Knowledge - INFO - Processing batch of 6 files
2026-02-05 18:44:53,070 - Knowledge - INFO - Processing batch of 6 files
2026-02-05 18:44:53,071 - Knowledge - INFO - Processing batch of 6 files
2026-02-05 18:44:53,125 - Knowledge - INFO - Worker kw12 processing /app/data/T0015/315875/b34046x/arccore-315875/boards/mpc5567qrtech/examples/led_rte/config/Rte.mk
2026-02-05 18:44:53,346 - Knowledge - INFO - Worker kw17 processing /app/data/T0015/315875/b34046x/arccore-315875/boards/mpc5567qrtech/examples/led_rte/config/IoHwAb_Pwm.h
2026-02-05 18:44:53,420 - Knowledge - INFO - Fast-tracked /app/data/T0015/315875/b34046x/arccore-315875/boards/mpc5567qrtech/examples/led_rte/config/Rte_EcuAbstraction.h (ext=.h, size=649)
2026-02-05 18:44:53,510 - Knowledge - INFO - Worker kw11 processing /app/data/T0015/315875/b34046x/arccore-315875/boards/mpc5567qrtech/examples/led_rte/IoHwAb.c
2026-02-05 18:44:53,700 - Knowledge - INFO - process ingested knowledge for /app/data/T0015/315875/b34046x/arccore-315875/boards/mpc5567qrtech/config/Dma_Cfg.h
2026-02-05 18:44:53,825 - Knowledge - INFO - process ingested knowledge for /app/data/T0015/315875/b34046x/arccore-315875/boards/mpc5567qrtech/examples/os_simple/config/EcuM.mk
2026-02-05 18:44:53,886 - Knowledge - INFO - Worker kw9 processing /app/data/T0015/315875/b34046x/arccore-315875/boards/mpc5516it/config/Spi_Cfg.h
2026-02-05 18:44:53,963 - Knowledge - INFO - Async storage completed for 6 embeddings
2026-02-05 18:44:53,999 - Knowledge - INFO - Worker kw19 processing /app/data/T0015/315875/b34046x/arccore-315875/boards/mpc5516it/config/Eep_Cfg.h
2026-02-05 18:44:54,081 - Knowledge - INFO - Fast-tracked /app/data/T0015/315875/b34046x/arccore-315875/boards/mpc5567qrtech/examples/led_rte/Tasks.c (ext=.c, size=1863)
2026-02-05 18:44:54,284 - Knowledge - INFO - process ingested knowledge for /app/data/T0015/315875/b34046x/arccore-315875/boards/mpc5567qrtech/examples/rte_simple/config/Dio_Lcfg.c
2026-02-05 18:44:54,421 - Knowledge - INFO - process ingested knowledge for /app/data/T0015/315875/b34046x/arccore-315875/boards/mpc5567qrtech/examples/rte_simple/config/Rte_Calculator_Internal.h
2026-02-05 18:44:54,500 - Knowledge - INFO - [LLM_CALL] Completed: Os_Cfg.c:chunk1, Duration: 4954ms, PromptTokens: 3062, CompletionTokens: 310, Cost: $0.00043
2026-02-05 18:44:54,515 - Knowledge - INFO - Worker kw6 processing /app/data/T0015/315875/b34046x/arccore-315875/boards/mpc5516it/examples/com_simple/config/PduR_Cfg.h
2026-02-05 18:44:54,637 - Knowledge - INFO - process ingested knowledge for /app/data/T0015/315875/b34046x/arccore-315875/boards/mpc5567qrtech/examples/rte_simple/config/Os_Cfg.c
2026-02-05 18:44:54,726 - Knowledge - INFO - process ingested knowledge for /app/data/T0015/315875/b34046x/arccore-315875/boards/mpc5567qrtech/examples/rte_simple/config/Com_PbCfg.c
2026-02-05 18:44:54,844 - Knowledge - INFO - process ingested knowledge for /app/data/T0015/315875/b34046x/arccore-315875/boards/mpc5567qrtech/examples/rte_simple/config/Rte_Logger2.c
2026-02-05 18:44:54,929 - Knowledge - INFO - Fast-tracked /app/data/T0015/315875/b34046x/arccore-315875/boards/mpc5567qrtech/examples/led_rte/config/Rte.mk (ext=.mk, size=107)
2026-02-05 18:44:55,055 - Knowledge - INFO - Fast-tracked /app/data/T0015/315875/b34046x/arccore-315875/boards/mpc5567qrtech/examples/led_rte/config/IoHwAb_Pwm.h (ext=.h, size=1366)
2026-02-05 18:44:55,178 - Knowledge - INFO - Worker kw4 processing /app/data/T0015/315875/b34046x/arccore-315875/boards/mpc5567qrtech/examples/led_rte/config/Rte_Blinker.h
2026-02-05 18:44:55,265 - Knowledge - INFO - Fast-tracked /app/data/T0015/315875/b34046x/arccore-315875/boards/mpc5567qrtech/examples/led_rte/IoHwAb.c (ext=.c, size=1175)
2026-02-05 18:44:55,432 - Knowledge - INFO - process ingested knowledge for /app/data/T0015/315875/b34046x/arccore-315875/boards/mpc5567qrtech/examples/os_simple/config/Dio_Lcfg.c
2026-02-05 18:44:55,523 - Knowledge - INFO - Worker kw9 processing /app/data/T0015/315875/b34046x/arccore-315875/boards/mpc5516it/config/Fls_SST25xx_Cfg.c
2026-02-05 18:44:55,711 - Knowledge - INFO - Worker kw19 processing /app/data/T0015/315875/b34046x/arccore-315875/boards/mpc5516it/board_info.txt
2026-02-05 18:44:55,834 - Knowledge - INFO - Worker kw18 processing /app/data/T0015/315875/b34046x/arccore-315875/boards/mpc5516it/config/Spi_Lcfg.c
2026-02-05 18:44:55,958 - Knowledge - INFO - process ingested knowledge for /app/data/T0015/315875/b34046x/arccore-315875/boards/mpc5567qrtech/examples/rte_simple/config/Can_PBcfg.c
2026-02-05 18:44:56,015 - Knowledge - INFO - process ingested knowledge for /app/data/T0015/315875/b34046x/arccore-315875/boards/mpc5567qrtech/examples/rte_simple/config/Calibration_Settings.h
2026-02-05 18:44:56,145 - Knowledge - INFO - done ingest for /app/data/T0015/315875/b34046x/arccore-315875/boards/mpc5567qrtech/examples/os_simple/config/Os_Cfg.c
2026-02-05 18:44:56,146 - Knowledge - INFO - [kw5] Queue=324, InProgress=0, PendingWorkers=20/20, Completed=690/1086 (63.5%)
2026-02-05 18:44:56,151 - Knowledge - INFO - done ingest for /app/data/T0015/315875/b34046x/arccore-315875/boards/mpc5567qrtech/examples/led_rte/config/EcuM_PBcfg.c
2026-02-05 18:44:56,156 - Knowledge - INFO - [kw20] Queue=324, InProgress=0, PendingWorkers=20/20, Completed=690/1086 (63.5%)
2026-02-05 18:44:56,231 - Knowledge - INFO - Worker kw6 processing /app/data/T0015/315875/b34046x/arccore-315875/boards/mpc5516it/examples/com_simple/config/Can_PBcfg.c
2026-02-05 18:44:56,349 - Knowledge - INFO - process ingested knowledge for /app/data/T0015/315875/b34046x/arccore-315875/boards/mpc5567qrtech/examples/rte_simple/config/Det_Cfg.h
2026-02-05 18:44:56,424 - Knowledge - INFO - process ingested knowledge for /app/data/T0015/315875/b34046x/arccore-315875/boards/mpc5567qrtech/examples/rte_simple/config/Rte_Data.c
2026-02-05 18:44:56,518 - Knowledge - INFO - process ingested knowledge for /app/data/T0015/315875/b34046x/arccore-315875/boards/mpc5567qrtech/examples/rte_simple/config/CanIf_SpecialPdus.h
2026-02-05 18:44:56,600 - Knowledge - INFO - Fast-tracked /app/data/T0015/315875/b34046x/arccore-315875/boards/mpc5567qrtech/examples/led_rte/config/Port_Cfg.h (small file (2311 bytes))
2026-02-05 18:44:56,808 - Knowledge - INFO - Fast-tracked /app/data/T0015/315875/b34046x/arccore-315875/boards/mpc5567qrtech/examples/led_rte/config/Rte_Blinker.h (ext=.h, size=602)
2026-02-05 18:44:56,907 - Knowledge - INFO - Worker kw11 processing /app/data/T0015/315875/b34046x/arccore-315875/boards/mpc5567qrtech/examples/led_rte/build_config.mk
2026-02-05 18:44:57,083 - Knowledge - INFO - Fast-tracked /app/data/T0015/315875/b34046x/arccore-315875/boards/mpc5516it/config/Fls_SST25xx_Cfg.c (ext=.c, size=1566)
2026-02-05 18:44:57,194 - Knowledge - INFO - Fast-tracked /app/data/T0015/315875/b34046x/arccore-315875/boards/mpc5516it/board_info.txt (ext=.txt, size=1601)
2026-02-05 18:44:57,287 - Knowledge - INFO - Worker kw18 processing /app/data/T0015/315875/b34046x/arccore-315875/boards/mpc5516it/config/Dma_Cfg.c
2026-02-05 18:44:57,381 - Knowledge - INFO - process ingested knowledge for /app/data/T0015/315875/b34046x/arccore-315875/boards/mpc5567qrtech/examples/rte_simple/config/Com_Cfg.h
2026-02-05 18:44:57,476 - Knowledge - INFO - process ingested knowledge for /app/data/T0015/315875/b34046x/arccore-315875/boards/mpc5567qrtech/examples/rte_simple/config/Rte_Logger2_Internal.h
2026-02-05 18:44:57,603 - Knowledge - INFO - Async storage completed for 6 embeddings
2026-02-05 18:44:57,684 - Knowledge - INFO - Batch sizing: calculated=6, max_allowed=10, queue=324, active_workers=20/20
2026-02-05 18:44:57,755 - Knowledge - INFO - Processing batch of 6 files
2026-02-05 18:44:57,869 - Knowledge - INFO - Batch sizing: calculated=6, max_allowed=10, queue=324, active_workers=20/20
2026-02-05 18:44:57,931 - Knowledge - INFO - [WEBSOCKET] Sent: Type=progress_update, Size: 293, Duration: 0ms
2026-02-05 18:44:57,967 - Knowledge - INFO - Worker kw6 processing /app/data/T0015/315875/b34046x/arccore-315875/boards/mpc5516it/examples/com_simple/config/Com_Cfg.h
2026-02-05 18:44:58,072 - Knowledge - INFO - process ingested knowledge for /app/data/T0015/315875/b34046x/arccore-315875/boards/mpc5567qrtech/examples/rte_simple/config/Rte_Logger2.h
2026-02-05 18:44:58,157 - Knowledge - INFO - process ingested knowledge for /app/data/T0015/315875/b34046x/arccore-315875/boards/mpc5567qrtech/examples/rte_simple/config/Mcu_Cfg.c
2026-02-05 18:44:58,274 - Knowledge - INFO - process ingested knowledge for /app/data/T0015/315875/b34046x/arccore-315875/boards/mpc5567qrtech/examples/rte_simple/config/Rte_Tester_Internal.h
2026-02-05 18:44:58,392 - Knowledge - INFO - Async storage completed for 6 embeddings
2026-02-05 18:44:58,524 - Knowledge - INFO - Async storage completed for 8 embeddings
2026-02-05 18:44:58,621 - Knowledge - INFO - Fast-tracked /app/data/T0015/315875/b34046x/arccore-315875/boards/mpc5567qrtech/examples/led_rte/build_config.mk (ext=.mk, size=275)
2026-02-05 18:44:58,750 - Knowledge - INFO - Worker kw9 processing /app/data/T0015/315875/b34046x/arccore-315875/boards/mpc5516it/config/Fls_Cfg.c
2026-02-05 18:44:58,875 - Knowledge - INFO - Worker kw19 processing /app/data/T0015/315875/b34046x/arccore-315875/boards/mpc5516it/build_config.mk
2026-02-05 18:44:58,989 - Knowledge - INFO - Worker kw18 processing /app/data/T0015/315875/b34046x/arccore-315875/boards/mpc5516it/config/Mcu_Arc_Cfg.c
2026-02-05 18:44:59,052 - Knowledge - INFO - process ingested knowledge for /app/data/T0015/315875/b34046x/arccore-315875/boards/mpc5567qrtech/examples/rte_simple/config/EcuM_PBcfg.c
2026-02-05 18:44:59,126 - Knowledge - INFO - process ingested knowledge for /app/data/T0015/315875/b34046x/arccore-315875/boards/mpc5567qrtech/examples/rte_simple/config/Dio_Cfg.h
2026-02-05 18:44:59,414 - Knowledge - INFO - process ingested knowledge for /app/data/T0015/315875/b34046x/arccore-315875/boards/mpc5567qrtech/examples/os_simple/config/EcuM_PBcfg.c
2026-02-05 18:44:59,612 - Knowledge - INFO - Processing batch of 6 files
2026-02-05 18:44:59,612 - Knowledge - INFO - [LLM_CALL] Completed: IoHwAb_Digital.c:chunk1, Duration: 10081ms, PromptTokens: 2762, CompletionTokens: 442, Cost: $0.00045
2026-02-05 18:44:59,698 - Knowledge - INFO - Fast-tracked /app/data/T0015/315875/b34046x/arccore-315875/boards/mpc5516it/examples/com_simple/config/Com_Cfg.h (ext=.h, size=1152)
2026-02-05 18:45:00,993 - Knowledge - INFO - done ingest for /app/data/T0015/315875/b34046x/arccore-315875/boards/mpc5567qrtech/examples/led_rte/config/IoHwAb_Digital.c
2026-02-05 18:44:59,870 - Knowledge - INFO - process ingested knowledge for /app/data/T0015/315875/b34046x/arccore-315875/boards/mpc5567qrtech/examples/rte_simple/config/Port_Cfg.c
2026-02-05 18:44:59,955 - Knowledge - INFO - process ingested knowledge for /app/data/T0015/315875/b34046x/arccore-315875/boards/mpc5567qrtech/examples/rte_simple/config/Rte_Logger.c
2026-02-05 18:45:00,211 - Knowledge - INFO - Fast-tracked /app/data/T0015/315875/b34046x/arccore-315875/boards/mpc5567qrtech/examples/led_rte/config/Os_Cfg.h (small file (2897 bytes))
2026-02-05 18:45:00,314 - Knowledge - INFO - Worker kw9 processing /app/data/T0015/315875/b34046x/arccore-315875/boards/mpc5516it/config/Wdg_Cfg.h
2026-02-05 18:45:00,394 - Knowledge - INFO - Fast-tracked /app/data/T0015/315875/b34046x/arccore-315875/boards/mpc5516it/build_config.mk (ext=.mk, size=1041)
2026-02-05 18:45:00,508 - Knowledge - INFO - Worker kw18 processing /app/data/T0015/315875/b34046x/arccore-315875/boards/mpc5516it/config/Fls_SST25xx_Cfg.h
2026-02-05 18:45:00,586 - Knowledge - INFO - process ingested knowledge for /app/data/T0015/315875/b34046x/arccore-315875/boards/mpc5567qrtech/examples/rte_simple/config/Rte_Logger_Internal.h
2026-02-05 18:45:00,685 - Knowledge - INFO - process ingested knowledge for /app/data/T0015/315875/b34046x/arccore-315875/boards/mpc5567qrtech/examples/rte_simple/config/Rte.mk
2026-02-05 18:45:00,766 - Knowledge - INFO - process ingested knowledge for /app/data/T0015/315875/b34046x/arccore-315875/boards/mpc5567qrtech/examples/os_simple/config/Os_Cfg.c
2026-02-05 18:45:00,888 - Knowledge - INFO - process ingested knowledge for /app/data/T0015/315875/b34046x/arccore-315875/boards/mpc5567qrtech/examples/led_rte/config/Dio_Lcfg.c
2026-02-05 18:44:59,790 - Knowledge - INFO - process ingested knowledge for /app/data/T0015/315875/b34046x/arccore-315875/boards/mpc5567qrtech/examples/rte_simple/config/Rte_Tester.c
2026-02-05 18:45:00,994 - Knowledge - INFO - Async storing batch of 6 embeddings
2026-02-05 18:45:00,998 - Knowledge - INFO - Async storing batch of 6 embeddings
2026-02-05 18:45:00,998 - Knowledge - INFO - [WEBSOCKET] Sent: Type=unknown, Size: ?, Duration: 3067ms
2026-02-05 18:45:01,092 - Knowledge - INFO - Worker kw6 processing /app/data/T0015/315875/b34046x/arccore-315875/boards/mpc5516it/examples/com_simple/config/EcuM_PBcfg.c
2026-02-05 18:45:01,278 - Knowledge - INFO - process ingested knowledge for /app/data/T0015/315875/b34046x/arccore-315875/boards/mpc5567qrtech/examples/rte_simple/config/Rte_Calculator.c
2026-02-05 18:45:01,371 - Knowledge - INFO - process ingested knowledge for /app/data/T0015/315875/b34046x/arccore-315875/boards/mpc5567qrtech/examples/rte_simple/config/Rte_Cbk.c
2026-02-05 18:45:01,464 - Knowledge - INFO - Async storage completed for 8 embeddings
2026-02-05 18:45:01,573 - Knowledge - INFO - Fast-tracked /app/data/T0015/315875/b34046x/arccore-315875/boards/mpc5516it/config/Wdg_Cfg.h (ext=.h, size=1350)
2026-02-05 18:45:01,651 - Knowledge - INFO - Worker kw19 processing /app/data/T0015/315875/b34046x/arccore-315875/boards/mpc5516it/examples/com_simple/config/EcuM.mk
2026-02-05 18:45:01,775 - Knowledge - INFO - Worker kw18 processing /app/data/T0015/315875/b34046x/arccore-315875/boards/mpc5516it/config/Fls_Cfg.h
2026-02-05 18:45:01,849 - Knowledge - INFO - process ingested knowledge for /app/data/T0015/315875/b34046x/arccore-315875/boards/mpc5567qrtech/examples/rte_simple/config/Rte.c
2026-02-05 18:45:01,939 - Knowledge - INFO - process ingested knowledge for /app/data/T0015/315875/b34046x/arccore-315875/boards/mpc5567qrtech/examples/rte_simple/config/CanIf_Cfg.c
2026-02-05 18:45:02,023 - Knowledge - INFO - process ingested knowledge for /app/data/T0015/315875/b34046x/arccore-315875/boards/mpc5567qrtech/examples/os_simple/config/Det_Cfg.h
2026-02-05 18:45:02,094 - Knowledge - INFO - process ingested knowledge for /app/data/T0015/315875/b34046x/arccore-315875/boards/mpc5567qrtech/examples/led_rte/config/IoHwAb_Analog.c
2026-02-05 18:45:02,185 - Knowledge - INFO - process ingested knowledge for /app/data/T0015/315875/b34046x/arccore-315875/boards/mpc5567qrtech/examples/rte_simple/config/PduR_PbCfg.h
2026-02-05 18:45:02,262 - Knowledge - INFO - Worker kw20 processing /app/data/T0015/315875/b34046x/arccore-315875/boards/mpc5516it/examples/com_simple/config/Com_PbCfg.c
2026-02-05 18:45:02,348 - Knowledge - INFO - Worker kw5 processing /app/data/T0015/315875/b34046x/arccore-315875/boards/mpc5516it/examples/com_simple/config/PduR_PbCfg.h
2026-02-05 18:45:02,447 - Knowledge - INFO - Progress: 64.6% | Files: 705/1086 | Rate: 1.54 files/sec | Queue: 312
2026-02-05 18:45:02,450 - Knowledge - INFO - done ingest for /app/data/T0015/315875/b34046x/arccore-315875/boards/mpc5567qrtech/examples/led_rte/config/Os_Cfg.c
2026-02-05 18:45:02,494 - Knowledge - INFO - Processing batch of 6 files
2026-02-05 18:45:02,503 - Knowledge - INFO - Processing batch of 6 files
2026-02-05 18:45:02,530 - Knowledge - INFO - Processing batch of 6 files
2026-02-05 18:45:02,558 - Knowledge - INFO - [LLM_CALL] Completed: Port_Cfg.c:chunk1, Duration: 5856ms, PromptTokens: 13930, CompletionTokens: 169, Cost: $0.00146
2026-02-05 18:45:02,562 - Knowledge - INFO - Worker kw6 processing /app/data/T0015/315875/b34046x/arccore-315875/boards/mpc5516it/examples/com_simple/config/Os_Cfg.c
2026-02-05 18:45:02,645 - Knowledge - INFO - process ingested knowledge for /app/data/T0015/315875/b34046x/arccore-315875/boards/mpc5567qrtech/examples/rte_simple/config/PduR_PbCfg.c
2026-02-05 18:45:02,736 - Knowledge - INFO - process ingested knowledge for /app/data/T0015/315875/b34046x/arccore-315875/boards/mpc5567qrtech/examples/rte_simple/config/Os_Cfg.h
2026-02-05 18:45:02,968 - Knowledge - INFO - Fast-tracked /app/data/T0015/315875/b34046x/arccore-315875/boards/mpc5516it/examples/com_simple/config/EcuM.mk (ext=.mk, size=61)
2026-02-05 18:45:03,474 - Knowledge - INFO - process ingested knowledge for /app/data/T0015/315875/b34046x/arccore-315875/boards/mpc5567qrtech/examples/os_simple/config/Mcu_Cfg.h
2026-02-05 18:45:03,584 - Knowledge - INFO - process ingested knowledge for /app/data/T0015/315875/b34046x/arccore-315875/boards/mpc5567qrtech/examples/led_rte/config/EcuM_PBcfg.c
2026-02-05 18:45:03,598 - Knowledge - INFO - Worker kw20 processing /app/data/T0015/315875/b34046x/arccore-315875/boards/mpc5516it/examples/com_simple/config/Mcu_Cfg.c
2026-02-05 18:45:03,684 - Knowledge - INFO - Fast-tracked /app/data/T0015/315875/b34046x/arccore-315875/boards/mpc5516it/examples/com_simple/config/PduR_PbCfg.h (ext=.h, size=900)
2026-02-05 18:45:03,715 - Knowledge - INFO - process ingested knowledge for /app/data/T0015/315875/b34046x/arccore-315875/boards/mpc5567qrtech/examples/rte_simple/config/Rte_Type.h
2026-02-05 18:45:03,956 - Knowledge - INFO - [kw15] Queue=312, InProgress=0, PendingWorkers=20/20, Completed=721/1086 (66.4%)
2026-02-05 18:45:04,022 - Knowledge - INFO - process ingested knowledge for /app/data/T0015/315875/b34046x/arccore-315875/boards/mpc5567qrtech/examples/os_simple/config/Os_Cfg.h
2026-02-05 18:45:04,138 - Knowledge - INFO - process ingested knowledge for /app/data/T0015/315875/b34046x/arccore-315875/boards/mpc5567qrtech/examples/led_rte/config/IoHwAb_Dcm.h
2026-02-05 18:45:04,251 - Knowledge - INFO - process ingested knowledge for /app/data/T0015/315875/b34046x/arccore-315875/boards/mpc5567qrtech/examples/led_rte/config/Port_Cfg.h
2026-02-05 18:45:04,364 - Knowledge - INFO - done ingest for /app/data/T0015/315875/b34046x/arccore-315875/boards/mpc5567qrtech/examples/led_rte/config/Port_Cfg.c
2026-02-05 18:45:04,368 - Knowledge - INFO - [LLM_CALL] Completed: Rte_Type.h:chunk1, Duration: 11351ms, PromptTokens: 2548, CompletionTokens: 325, Cost: $0.00038
2026-02-05 18:45:04,447 - Knowledge - INFO - Worker kw6 processing /app/data/T0015/315875/b34046x/arccore-315875/boards/mpc5516it/examples/com_simple/config/Det_Cfg.h
2026-02-05 18:45:04,761 - Knowledge - INFO - Fast-tracked /app/data/T0015/315875/b34046x/arccore-315875/boards/mpc5516it/config/Mcu_Arc_Cfg.h (small file (1981 bytes))
2026-02-05 18:45:04,984 - Knowledge - INFO - process ingested knowledge for /app/data/T0015/315875/b34046x/arccore-315875/boards/mpc5567qrtech/examples/os_simple/config/Dio_Cfg.h
2026-02-05 18:45:05,048 - Knowledge - INFO - Fast-tracked /app/data/T0015/315875/b34046x/arccore-315875/boards/mpc5516it/examples/com_simple/config/Mcu_Cfg.c (ext=.c, size=992)
2026-02-05 18:45:05,095 - Knowledge - INFO - process ingested knowledge for /app/data/T0015/315875/b34046x/arccore-315875/boards/mpc5567qrtech/examples/led_rte/config/Rte.c
2026-02-05 18:45:05,112 - Knowledge - INFO - Worker kw5 processing /app/data/T0015/315875/b34046x/arccore-315875/boards/mpc5516it/examples/com_simple/config/Mcu_Cfg.h
2026-02-05 18:45:05,283 - Knowledge - INFO - Batch sizing: calculated=6, max_allowed=10, queue=312, active_workers=20/20
2026-02-05 18:45:05,499 - Knowledge - INFO - process ingested knowledge for /app/data/T0015/315875/b34046x/arccore-315875/boards/mpc5567qrtech/examples/os_simple/config/EcuM_Cfg.h
2026-02-05 18:45:05,604 - Knowledge - INFO - process ingested knowledge for /app/data/T0015/315875/b34046x/arccore-315875/boards/mpc5567qrtech/examples/led_rte/config/Rte_EcuAbstraction_Internal.h
2026-02-05 18:45:05,679 - Knowledge - INFO - process ingested knowledge for /app/data/T0015/315875/b34046x/arccore-315875/boards/mpc5567qrtech/examples/led_rte/config/Calibration_Settings.h
2026-02-05 18:45:05,742 - Knowledge - INFO - done ingest for /app/data/T0015/315875/b34046x/arccore-315875/boards/mpc5567qrtech/examples/led_rte/config/Rte_Type.h
2026-02-05 18:45:05,755 - Knowledge - INFO - Fast-tracked /app/data/T0015/315875/b34046x/arccore-315875/boards/mpc5516it/config/Spi_Cfg.h (small file (1913 bytes))
2026-02-05 18:45:05,843 - Knowledge - INFO - Fast-tracked /app/data/T0015/315875/b34046x/arccore-315875/boards/mpc5516it/examples/com_simple/config/Det_Cfg.h (ext=.h, size=1128)
2026-02-05 18:45:05,848 - Knowledge - INFO - [WEBSOCKET] Sent: Type=progress_update, Size: 293, Duration: 0ms
2026-02-05 18:45:05,849 - Knowledge - INFO - [kw2] Queue=312, InProgress=0, PendingWorkers=20/20, Completed=724/1086 (66.7%)
2026-02-05 18:45:05,850 - Knowledge - INFO - [kw3] Queue=312, InProgress=0, PendingWorkers=20/20, Completed=724/1086 (66.7%)
2026-02-05 18:45:05,911 - Knowledge - INFO - Fast-tracked /app/data/T0015/315875/b34046x/arccore-315875/boards/mpc5516it/config/Dma_Cfg.c (small file (2856 bytes))
2026-02-05 18:45:05,951 - Knowledge - INFO - Fast-tracked /app/data/T0015/315875/b34046x/arccore-315875/boards/mpc5516it/config/Eep_Cfg.h (small file (0 bytes))
2026-02-05 18:45:06,030 - Knowledge - INFO - process ingested knowledge for /app/data/T0015/315875/b34046x/arccore-315875/boards/mpc5567qrtech/examples/os_simple/config/Mcu_Cfg.c
2026-02-05 18:45:06,124 - Knowledge - INFO - Worker kw20 processing /app/data/T0015/315875/b34046x/arccore-315875/boards/mpc5516it/examples/com_simple/config/Port_Cfg.c
2026-02-05 18:45:06,229 - Knowledge - INFO - process ingested knowledge for /app/data/T0015/315875/b34046x/arccore-315875/boards/mpc5567qrtech/examples/led_rte/config/Rte_EcuAbstraction.c
2026-02-05 18:45:06,293 - Knowledge - INFO - Fast-tracked /app/data/T0015/315875/b34046x/arccore-315875/boards/mpc5516it/examples/com_simple/config/Mcu_Cfg.h (ext=.h, size=1012)
2026-02-05 18:45:06,446 - Knowledge - INFO - process ingested knowledge for /app/data/T0015/315875/b34046x/arccore-315875/boards/mpc5567qrtech/examples/os_simple/build_config.mk
2026-02-05 18:45:06,543 - Knowledge - INFO - process ingested knowledge for /app/data/T0015/315875/b34046x/arccore-315875/boards/mpc5567qrtech/examples/led_rte/config/Rte_Blinker_Internal.h
2026-02-05 18:45:06,627 - Knowledge - INFO - process ingested knowledge for /app/data/T0015/315875/b34046x/arccore-315875/boards/mpc5567qrtech/examples/led_rte/config/IoHwAb_Pwm.c
2026-02-05 18:45:06,971 - Knowledge - INFO - Fast-tracked /app/data/T0015/315875/b34046x/arccore-315875/boards/mpc5516it/examples/com_simple/config/PduR_Cfg.h (small file (2110 bytes))
2026-02-05 18:45:07,074 - Knowledge - INFO - Async storing batch of 6 embeddings
2026-02-05 18:45:07,076 - Knowledge - INFO - [kw1] Queue=306, InProgress=0, PendingWorkers=20/20, Completed=727/1086 (66.9%)
2026-02-05 18:45:07,079 - Knowledge - INFO - [kw10] Queue=306, InProgress=0, PendingWorkers=20/20, Completed=727/1086 (66.9%)
2026-02-05 18:45:07,081 - Knowledge - INFO - [WEBSOCKET] Sent: Type=unknown, Size: ?, Duration: 1233ms
2026-02-05 18:45:07,149 - Knowledge - INFO - Batch sizing: calculated=6, max_allowed=10, queue=312, active_workers=20/20
2026-02-05 18:45:07,242 - Knowledge - INFO - Batch sizing: calculated=6, max_allowed=10, queue=312, active_workers=20/20
2026-02-05 18:45:07,393 - Knowledge - INFO - Async storage completed for 6 embeddings
2026-02-05 18:45:07,605 - Knowledge - INFO - Worker kw20 processing /app/data/T0015/315875/b34046x/arccore-315875/boards/mpc5516it/examples/com_simple/config/PduR_PbCfg.c
2026-02-05 18:45:07,729 - Knowledge - INFO - process ingested knowledge for /app/data/T0015/315875/b34046x/arccore-315875/boards/mpc5567qrtech/examples/led_rte/config/Rte_Blinker.c
2026-02-05 18:45:07,823 - Knowledge - INFO - Worker kw5 processing /app/data/T0015/315875/b34046x/arccore-315875/boards/mpc5516it/examples/com_simple/config/Port_Cfg.h
2026-02-05 18:45:07,872 - Knowledge - INFO - Async storage completed for 6 embeddings
2026-02-05 18:45:07,969 - Knowledge - INFO - process ingested knowledge for /app/data/T0015/315875/b34046x/arccore-315875/boards/mpc5567qrtech/examples/led_rte/Blinker.c
2026-02-05 18:45:07,984 - Knowledge - INFO - process ingested knowledge for /app/data/T0015/315875/b34046x/arccore-315875/boards/mpc5567qrtech/examples/led_rte/config/Rte_Cbk.c
2026-02-05 18:45:08,095 - Knowledge - INFO - process ingested knowledge for /app/data/T0015/315875/b34046x/arccore-315875/boards/mpc5567qrtech/examples/led_rte/config/Dio_Cfg.h
2026-02-05 18:45:08,169 - Knowledge - INFO - Fast-tracked /app/data/T0015/315875/b34046x/arccore-315875/boards/mpc5516it/examples/com_simple/config/Can_PBcfg.c (small file (3030 bytes))
2026-02-05 18:45:08,276 - Knowledge - INFO - Worker kw15 processing /app/data/T0015/315875/b34046x/arccore-315875/boards/mpc5516it/examples/com_simple/config/Can_Cfg.h
2026-02-05 18:45:08,341 - Knowledge - INFO - Batch sizing: calculated=6, max_allowed=10, queue=306, active_workers=20/20
2026-02-05 18:45:08,410 - Knowledge - INFO - Batch sizing: calculated=6, max_allowed=10, queue=306, active_workers=20/20
2026-02-05 18:45:08,491 - Knowledge - INFO - Progress: 66.7% | Files: 727/1086 | Rate: 1.57 files/sec | Queue: 306
2026-02-05 18:45:08,493 - Knowledge - INFO - [kw16] Queue=306, InProgress=0, PendingWorkers=20/20, Completed=730/1086 (67.2%)
2026-02-05 18:45:08,528 - Knowledge - INFO - Processing batch of 6 files
2026-02-05 18:45:08,531 - Knowledge - INFO - Processing batch of 6 files
2026-02-05 18:45:08,535 - Knowledge - INFO - Processing batch of 6 files
2026-02-05 18:45:08,579 - Knowledge - INFO - Async storing batch of 6 embeddings
2026-02-05 18:45:08,703 - Knowledge - INFO - Async storing batch of 6 embeddings
2026-02-05 18:45:08,900 - Knowledge - INFO - Processing batch of 6 files
2026-02-05 18:45:08,978 - Knowledge - INFO - Worker kw20 processing /app/data/T0015/315875/b34046x/arccore-315875/boards/mpc5516it/examples/com_simple/config/CanIf_SpecialPdus.h
2026-02-05 18:45:09,133 - Knowledge - INFO - Worker kw5 processing /app/data/T0015/315875/b34046x/arccore-315875/boards/mpc5516it/examples/com_simple/config/CanIf_Cfg.h
2026-02-05 18:45:09,334 - Knowledge - INFO - process ingested knowledge for /app/data/T0015/315875/b34046x/arccore-315875/boards/mpc5567qrtech/examples/led_rte/config/EcuM.mk
2026-02-05 18:45:09,363 - Knowledge - INFO - process ingested knowledge for /app/data/T0015/315875/b34046x/arccore-315875/boards/mpc5567qrtech/examples/led_rte/config/Rte_EcuAbstraction.h
2026-02-05 18:45:09,463 - Knowledge - INFO - process ingested knowledge for /app/data/T0015/315875/b34046x/arccore-315875/boards/mpc5567qrtech/examples/led_rte/config/IoHwAb_Analog.h
2026-02-05 18:45:09,606 - Knowledge - INFO - Worker kw15 processing /app/data/T0015/315875/b34046x/arccore-315875/boards/mpc5516it/examples/com_simple/config/EcuM_Cfg.h
2026-02-05 18:45:09,712 - Knowledge - INFO - Async storing batch of 6 embeddings
2026-02-05 18:45:09,818 - Knowledge - INFO - Async storing batch of 6 embeddings
2026-02-05 18:45:09,827 - Knowledge - INFO - [kw14] Queue=282, InProgress=0, PendingWorkers=20/20, Completed=744/1086 (68.5%)
2026-02-05 18:45:09,901 - Knowledge - INFO - [kw7] Queue=282, InProgress=0, PendingWorkers=20/20, Completed=744/1086 (68.5%)
2026-02-05 18:45:09,977 - Knowledge - INFO - Batch sizing: calculated=6, max_allowed=10, queue=306, active_workers=20/20
2026-02-05 18:45:10,061 - Knowledge - INFO - process ingested knowledge for /app/data/T0015/315875/b34046x/arccore-315875/boards/mpc5567qrtech/examples/led_rte/config/Os_Cfg.h
2026-02-05 18:45:10,173 - Knowledge - INFO - process ingested knowledge for /app/data/T0015/315875/b34046x/arccore-315875/boards/mpc5567qrtech/examples/led_rte/config/Rte_Data.c
2026-02-05 18:45:10,282 - Knowledge - INFO - process ingested knowledge for /app/data/T0015/315875/b34046x/arccore-315875/boards/mpc5567qrtech/examples/led_rte/config/Os_Cfg.c
2026-02-05 18:45:10,365 - Knowledge - INFO - Worker kw2 processing /app/data/T0015/315875/b34046x/arccore-315875/boards/mpc5516it/examples/os_simple/config/EcuM_PBcfg.c
2026-02-05 18:45:10,442 - Knowledge - INFO - Worker kw3 processing /app/data/T0015/315875/b34046x/arccore-315875/boards/mpc5516it/examples/os_simple/config/Mcu_Cfg.c
2026-02-05 18:45:10,555 - Knowledge - INFO - process ingested knowledge for /app/data/T0015/315875/b34046x/arccore-315875/boards/mpc5516it/config/Dma_Cfg.h
2026-02-05 18:45:10,673 - Knowledge - INFO - Fast-tracked /app/data/T0015/315875/b34046x/arccore-315875/boards/mpc5516it/examples/com_simple/config/CanIf_SpecialPdus.h (ext=.h, size=539)
2026-02-05 18:45:10,720 - Knowledge - INFO - Fast-tracked /app/data/T0015/315875/b34046x/arccore-315875/boards/mpc5516it/config/Fls_Cfg.h (small file (2469 bytes))
2026-02-05 18:45:10,745 - Knowledge - INFO - Fast-tracked /app/data/T0015/315875/b34046x/arccore-315875/boards/mpc5516it/examples/com_simple/config/CanIf_Cfg.h (ext=.h, size=1845)
2026-02-05 18:45:10,838 - Knowledge - INFO - process ingested knowledge for /app/data/T0015/315875/b34046x/arccore-315875/boards/mpc5567qrtech/examples/led_rte/config/IoHwAb_Digital.c
2026-02-05 18:45:10,966 - Knowledge - INFO - process ingested knowledge for /app/data/T0015/315875/b34046x/arccore-315875/boards/mpc5567qrtech/examples/led_rte/config/Rte_Blinker.h
2026-02-05 18:45:11,051 - Knowledge - INFO - process ingested knowledge for /app/data/T0015/315875/b34046x/arccore-315875/boards/mpc5567qrtech/examples/led_rte/config/Rte.mk
2026-02-05 18:45:11,154 - Knowledge - INFO - Fast-tracked /app/data/T0015/315875/b34046x/arccore-315875/boards/mpc5516it/examples/com_simple/config/EcuM_Cfg.h (ext=.h, size=1372)
2026-02-05 18:45:11,232 - Knowledge - INFO - Worker kw1 processing /app/data/T0015/315875/b34046x/arccore-315875/boards/mpc5516it/examples/led_rte/config/EcuM.mk
2026-02-05 18:45:11,303 - Knowledge - INFO - Worker kw10 processing /app/data/T0015/315875/b34046x/arccore-315875/boards/mpc5516it/examples/led_rte/config/Rte_led_rte_ecuc_mpc5516_IoHwAbComponentType.h
2026-02-05 18:45:11,402 - Knowledge - INFO - Batch sizing: calculated=6, max_allowed=10, queue=282, active_workers=20/20
2026-02-05 18:45:11,481 - Knowledge - INFO - Batch sizing: calculated=6, max_allowed=10, queue=282, active_workers=20/20
2026-02-05 18:45:11,597 - Knowledge - INFO - Async storing batch of 6 embeddings
2026-02-05 18:45:11,687 - Knowledge - INFO - process ingested knowledge for /app/data/T0015/315875/b34046x/arccore-315875/boards/mpc5567qrtech/examples/led_rte/config/IoHwAb_Cfg.h
2026-02-05 18:45:11,781 - Knowledge - INFO - process ingested knowledge for /app/data/T0015/315875/b34046x/arccore-315875/boards/mpc5567qrtech/examples/led_rte/config/Mcu_Cfg.c
2026-02-05 18:45:11,861 - Knowledge - INFO - process ingested knowledge for /app/data/T0015/315875/b34046x/arccore-315875/boards/mpc5567qrtech/examples/led_rte/config/Rte_led_rte_ecuc_mpc5567_IoHwAbComponentType.h
2026-02-05 18:45:11,951 - Knowledge - INFO - Worker kw2 processing /app/data/T0015/315875/b34046x/arccore-315875/boards/mpc5516it/examples/os_simple/config/Os_Cfg.c
2026-02-05 18:45:12,034 - Knowledge - INFO - Fast-tracked /app/data/T0015/315875/b34046x/arccore-315875/boards/mpc5516it/examples/os_simple/config/Mcu_Cfg.c (ext=.c, size=985)
2026-02-05 18:45:12,087 - Knowledge - INFO - Async storage completed for 6 embeddings
2026-02-05 18:45:12,144 - Knowledge - INFO - process ingested knowledge for /app/data/T0015/315875/b34046x/arccore-315875/boards/mpc5516it/config/Mcu_Arc_Cfg.h
2026-02-05 18:45:12,238 - Knowledge - INFO - Worker kw20 processing /app/data/T0015/315875/b34046x/arccore-315875/boards/mpc5516it/examples/com_simple/config/Os_Cfg.h
2026-02-05 18:45:12,323 - Knowledge - INFO - Async storage completed for 6 embeddings
2026-02-05 18:45:12,384 - Knowledge - INFO - [LLM_CALL] Completed: Fls_Cfg.c:chunk1, Duration: 5310ms, PromptTokens: 3216, CompletionTokens: 182, Cost: $0.00039
2026-02-05 18:45:12,407 - Knowledge - INFO - Worker kw5 processing /app/data/T0015/315875/b34046x/arccore-315875/boards/mpc5516it/examples/com_simple/config/Com_PbCfg.h
2026-02-05 18:45:12,729 - Knowledge - INFO - Worker kw15 processing /app/data/T0015/315875/b34046x/arccore-315875/boards/mpc5516it/examples/com_simple/build_config.mk
2026-02-05 18:45:12,815 - Knowledge - INFO - Fast-tracked /app/data/T0015/315875/b34046x/arccore-315875/boards/mpc5516it/examples/led_rte/config/EcuM.mk (ext=.mk, size=57)
2026-02-05 18:45:12,907 - Knowledge - INFO - Fast-tracked /app/data/T0015/315875/b34046x/arccore-315875/boards/mpc5516it/examples/led_rte/config/Rte_led_rte_ecuc_mpc5516_IoHwAbComponentType.h (ext=.h, size=824)
2026-02-05 18:45:13,160 - Knowledge - INFO - Worker kw16 processing /app/data/T0015/315875/b34046x/arccore-315875/boards/mpc5516it/examples/led_rte/config/Rte_Type.h
2026-02-05 18:45:13,417 - Knowledge - INFO - process ingested knowledge for /app/data/T0015/315875/b34046x/arccore-315875/boards/mpc5567qrtech/examples/led_rte/config/IoHwAb_Cbk.h
2026-02-05 18:45:13,524 - Knowledge - INFO - Worker kw2 processing /app/data/T0015/315875/b34046x/arccore-315875/boards/mpc5516it/examples/os_simple/config/Det_Cfg.h
2026-02-05 18:45:13,560 - Knowledge - INFO - process ingested knowledge for /app/data/T0015/315875/b34046x/arccore-315875/boards/mpc5567qrtech/examples/led_rte/config/Port_Cfg.c
2026-02-05 18:45:13,561 - Knowledge - INFO - process ingested knowledge for /app/data/T0015/315875/b34046x/arccore-315875/boards/mpc5567qrtech/examples/led_rte/config/Det_Cfg.h
2026-02-05 18:45:13,624 - Knowledge - INFO - Worker kw3 processing /app/data/T0015/315875/b34046x/arccore-315875/boards/mpc5516it/examples/os_simple/config/Port_Cfg.c
2026-02-05 18:45:13,893 - Knowledge - INFO - process ingested knowledge for /app/data/T0015/315875/b34046x/arccore-315875/boards/mpc5516it/config/Eep_Cfg.h
2026-02-05 18:45:14,150 - Knowledge - INFO - done ingest for /app/data/T0015/315875/b34046x/arccore-315875/boards/mpc5516it/config/Fls_Cfg.c
2026-02-05 18:45:14,154 - Knowledge - INFO - [kw4] Queue=264, InProgress=0, PendingWorkers=20/20, Completed=744/1086 (68.5%)
2026-02-05 18:45:14,154 - Knowledge - INFO - Async storing batch of 6 embeddings
2026-02-05 18:45:14,156 - Knowledge - INFO - Async storing batch of 6 embeddings
2026-02-05 18:45:14,156 - Knowledge - INFO - [kw8] Queue=264, InProgress=0, PendingWorkers=20/20, Completed=744/1086 (68.5%)
2026-02-05 18:45:14,158 - Knowledge - INFO - [kw12] Queue=264, InProgress=0, PendingWorkers=20/20, Completed=744/1086 (68.5%)
2026-02-05 18:45:14,232 - Knowledge - INFO - Fast-tracked /app/data/T0015/315875/b34046x/arccore-315875/boards/mpc5516it/examples/com_simple/config/Com_PbCfg.h (ext=.h, size=1139)
2026-02-05 18:45:14,345 - Knowledge - INFO - Fast-tracked /app/data/T0015/315875/b34046x/arccore-315875/boards/mpc5516it/examples/com_simple/build_config.mk (ext=.mk, size=241)
2026-02-05 18:45:14,449 - Knowledge - INFO - Worker kw1 processing /app/data/T0015/315875/b34046x/arccore-315875/boards/mpc5516it/examples/led_rte/config/Rte_led_rte_ecuc_mpc5516_IoHwAbComponentType_Internal.h
2026-02-05 18:45:14,560 - Knowledge - INFO - Worker kw10 processing /app/data/T0015/315875/b34046x/arccore-315875/boards/mpc5516it/examples/led_rte/config/Rte.c
2026-02-05 18:45:14,639 - Knowledge - INFO - Worker kw16 processing /app/data/T0015/315875/b34046x/arccore-315875/boards/mpc5516it/examples/led_rte/config/Rte_Data.h
2026-02-05 18:45:14,718 - Knowledge - INFO - process ingested knowledge for /app/data/T0015/315875/b34046x/arccore-315875/boards/mpc5567qrtech/examples/led_rte/config/EcuM_Cfg.h
2026-02-05 18:45:14,853 - Knowledge - INFO - Fast-tracked /app/data/T0015/315875/b34046x/arccore-315875/boards/mpc5516it/examples/os_simple/config/Det_Cfg.h (ext=.h, size=1121)
2026-02-05 18:45:14,947 - Knowledge - INFO - process ingested knowledge for /app/data/T0015/315875/b34046x/arccore-315875/boards/mpc5567qrtech/examples/led_rte/config/IoHwAb_Digital.h
2026-02-05 18:45:15,112 - Knowledge - INFO - process ingested knowledge for /app/data/T0015/315875/b34046x/arccore-315875/boards/mpc5567qrtech/examples/led_rte/config/Rte_Type.h
2026-02-05 18:45:15,212 - Knowledge - INFO - Worker kw3 processing /app/data/T0015/315875/b34046x/arccore-315875/boards/mpc5516it/examples/os_simple/config/Os_Cfg.h
2026-02-05 18:45:15,330 - Knowledge - INFO - process ingested knowledge for /app/data/T0015/315875/b34046x/arccore-315875/boards/mpc5516it/board_info.txt
2026-02-05 18:45:15,537 - Knowledge - INFO - Batch sizing: calculated=6, max_allowed=10, queue=264, active_workers=20/20
2026-02-05 18:45:15,630 - Knowledge - INFO - Worker kw14 processing /app/data/T0015/315875/b34046x/arccore-315875/boards/mpc5516it/examples/led_rte/config/Dio_Cfg.h
2026-02-05 18:45:15,737 - Knowledge - INFO - Worker kw7 processing /app/data/T0015/315875/b34046x/arccore-315875/boards/mpc5516it/examples/led_rte/config/IoHwAb_Digital.h
2026-02-05 18:45:15,750 - Knowledge - INFO - [LLM_CALL] Completed: Eep_Lcfg.c:chunk1, Duration: 11384ms, PromptTokens: 2496, CompletionTokens: 262, Cost: $0.00035
2026-02-05 18:45:15,861 - Knowledge - INFO - Batch sizing: calculated=6, max_allowed=10, queue=264, active_workers=20/20
2026-02-05 18:45:15,988 - Knowledge - INFO - Batch sizing: calculated=6, max_allowed=10, queue=264, active_workers=20/20
2026-02-05 18:45:16,130 - Knowledge - INFO - Worker kw5 processing /app/data/T0015/315875/b34046x/arccore-315875/boards/mpc5516it/examples/com_simple/config/CanIf_Cfg.c
2026-02-05 18:45:16,221 - Knowledge - INFO - Worker kw15 processing /app/data/T0015/315875/b34046x/arccore-315875/boards/mpc5516it/examples/com_simple/Tasks.c
2026-02-05 18:45:16,318 - Knowledge - INFO - Fast-tracked /app/data/T0015/315875/b34046x/arccore-315875/boards/mpc5516it/examples/led_rte/config/Rte_led_rte_ecuc_mpc5516_IoHwAbComponentType_Internal.h (ext=.h, size=833)
2026-02-05 18:45:16,429 - Knowledge - INFO - Fast-tracked /app/data/T0015/315875/b34046x/arccore-315875/boards/mpc5516it/examples/led_rte/config/Rte.c (ext=.c, size=1104)
2026-02-05 18:45:16,511 - Knowledge - INFO - Fast-tracked /app/data/T0015/315875/b34046x/arccore-315875/boards/mpc5516it/examples/led_rte/config/Rte_Data.h (ext=.h, size=538)
2026-02-05 18:45:16,530 - Knowledge - INFO - Fast-tracked /app/data/T0015/315875/b34046x/arccore-315875/boards/mpc5516it/examples/com_simple/config/PduR_PbCfg.c (small file (2196 bytes))
2026-02-05 18:45:16,586 - Knowledge - INFO - process ingested knowledge for /app/data/T0015/315875/b34046x/arccore-315875/boards/mpc5567qrtech/examples/led_rte/IoHwAb.c
2026-02-05 18:45:16,666 - Knowledge - INFO - Worker kw2 processing /app/data/T0015/315875/b34046x/arccore-315875/boards/mpc5516it/examples/os_simple/config/Mcu_Cfg.h
2026-02-05 18:45:16,757 - Knowledge - INFO - process ingested knowledge for /app/data/T0015/315875/b34046x/arccore-315875/boards/mpc5567qrtech/examples/led_rte/config/Rte_led_rte_ecuc_mpc5567_IoHwAbComponentType.c
2026-02-05 18:45:16,879 - Knowledge - INFO - process ingested knowledge for /app/data/T0015/315875/b34046x/arccore-315875/boards/mpc5567qrtech/examples/led_rte/config/Rte_Data.h
2026-02-05 18:45:16,953 - Knowledge - INFO - Worker kw3 processing /app/data/T0015/315875/b34046x/arccore-315875/boards/mpc5516it/examples/os_simple/config/EcuM_Cfg.h
2026-02-05 18:45:17,069 - Knowledge - INFO - process ingested knowledge for /app/data/T0015/315875/b34046x/arccore-315875/boards/mpc5516it/build_config.mk
2026-02-05 18:45:17,287 - Knowledge - INFO - Fast-tracked /app/data/T0015/315875/b34046x/arccore-315875/boards/mpc5516it/examples/led_rte/config/Dio_Cfg.h (ext=.h, size=1297)
2026-02-05 18:45:17,374 - Knowledge - INFO - Fast-tracked /app/data/T0015/315875/b34046x/arccore-315875/boards/mpc5516it/examples/led_rte/config/IoHwAb_Digital.h (ext=.h, size=1635)
2026-02-05 18:45:17,456 - Knowledge - INFO - done ingest for /app/data/T0015/315875/b34046x/arccore-315875/boards/mpc5516it/config/Eep_Lcfg.c
2026-02-05 18:45:17,456 - Knowledge - INFO - [LLM_CALL] Completed: Fls_SST25xx_Cfg.h:chunk1, Duration: 8087ms, PromptTokens: 2610, CompletionTokens: 177, Cost: $0.00033
2026-02-05 18:45:17,739 - Knowledge - INFO - Fast-tracked /app/data/T0015/315875/b34046x/arccore-315875/boards/mpc5516it/examples/com_simple/config/Port_Cfg.h (small file (2350 bytes))
2026-02-05 18:45:17,816 - Knowledge - INFO - Worker kw15 processing /app/data/T0015/315875/b34046x/arccore-315875/boards/mpc5516it/examples/os_simple/config/EcuM.mk
2026-02-05 18:45:17,896 - Knowledge - INFO - Worker kw1 processing /app/data/T0015/315875/b34046x/arccore-315875/boards/mpc5516it/examples/led_rte/config/IoHwAb_Digital.c
2026-02-05 18:45:17,976 - Knowledge - INFO - Worker kw10 processing /app/data/T0015/315875/b34046x/arccore-315875/boards/mpc5516it/examples/led_rte/config/Rte_EcuAbstraction.c
2026-02-05 18:45:18,074 - Knowledge - INFO - Worker kw16 processing /app/data/T0015/315875/b34046x/arccore-315875/boards/mpc5516it/examples/led_rte/config/Mcu_Cfg.h
2026-02-05 18:45:18,194 - Knowledge - INFO - Fast-tracked /app/data/T0015/315875/b34046x/arccore-315875/boards/mpc5516it/examples/com_simple/config/Os_Cfg.h (small file (2874 bytes))
2026-02-05 18:45:18,277 - Knowledge - INFO - process ingested knowledge for /app/data/T0015/315875/b34046x/arccore-315875/boards/mpc5567qrtech/examples/led_rte/build_config.mk
2026-02-05 18:45:18,373 - Knowledge - INFO - Fast-tracked /app/data/T0015/315875/b34046x/arccore-315875/boards/mpc5516it/examples/os_simple/config/Mcu_Cfg.h (ext=.h, size=1005)
2026-02-05 18:45:18,460 - Knowledge - INFO - process ingested knowledge for /app/data/T0015/315875/b34046x/arccore-315875/boards/mpc5567qrtech/examples/led_rte/config/IoHwAb_Pwm.h
2026-02-05 18:45:18,563 - Knowledge - INFO - process ingested knowledge for /app/data/T0015/315875/b34046x/arccore-315875/boards/mpc5567qrtech/examples/led_rte/config/Mcu_Cfg.h
2026-02-05 18:45:18,684 - Knowledge - INFO - Fast-tracked /app/data/T0015/315875/b34046x/arccore-315875/boards/mpc5516it/examples/os_simple/config/EcuM_Cfg.h (ext=.h, size=1371)
2026-02-05 18:45:18,758 - Knowledge - INFO - process ingested knowledge for /app/data/T0015/315875/b34046x/arccore-315875/boards/mpc5516it/examples/com_simple/config/EcuM.mk
2026-02-05 18:45:18,839 - Knowledge - INFO - Worker kw14 processing /app/data/T0015/315875/b34046x/arccore-315875/boards/mpc5516it/examples/led_rte/config/IoHwAb_Analog.h
2026-02-05 18:45:18,919 - Knowledge - INFO - Worker kw7 processing /app/data/T0015/315875/b34046x/arccore-315875/boards/mpc5516it/examples/led_rte/config/IoHwAb_Pwm.h
2026-02-05 18:45:19,152 - Knowledge - INFO - done ingest for /app/data/T0015/315875/b34046x/arccore-315875/boards/mpc5516it/config/Fls_SST25xx_Cfg.h
2026-02-05 18:45:19,153 - Knowledge - INFO - Async storing batch of 6 embeddings
2026-02-05 18:45:19,153 - Knowledge - INFO - [LLM_CALL] Completed: EcuM_PBcfg.c:chunk1, Duration: 9627ms, PromptTokens: 2904, CompletionTokens: 237, Cost: $0.00039
2026-02-05 18:45:19,153 - Knowledge - INFO - Async storing batch of 6 embeddings
2026-02-05 18:45:19,153 - Knowledge - INFO - Async storing batch of 6 embeddings
2026-02-05 18:45:19,328 - Knowledge - INFO - Fast-tracked /app/data/T0015/315875/b34046x/arccore-315875/boards/mpc5516it/examples/os_simple/config/EcuM.mk (ext=.mk, size=46)
2026-02-05 18:45:19,426 - Knowledge - INFO - Worker kw1 processing /app/data/T0015/315875/b34046x/arccore-315875/boards/mpc5516it/examples/led_rte/config/Dio_Lcfg.c
2026-02-05 18:45:19,496 - Knowledge - INFO - Fast-tracked /app/data/T0015/315875/b34046x/arccore-315875/boards/mpc5516it/examples/led_rte/config/Rte_EcuAbstraction.c (ext=.c, size=418)
2026-02-05 18:45:19,607 - Knowledge - INFO - Fast-tracked /app/data/T0015/315875/b34046x/arccore-315875/boards/mpc5516it/examples/led_rte/config/Mcu_Cfg.h (ext=.h, size=1005)
2026-02-05 18:45:19,718 - Knowledge - INFO - Async storage completed for 6 embeddings
2026-02-05 18:45:19,919 - Knowledge - INFO - Worker kw2 processing /app/data/T0015/315875/b34046x/arccore-315875/boards/mpc5516it/examples/os_simple/config/Port_Cfg.h
2026-02-05 18:45:20,493 - Knowledge - INFO - Fast-tracked /app/data/T0015/315875/b34046x/arccore-315875/boards/mpc5516it/examples/led_rte/config/IoHwAb_Pwm.h (ext=.h, size=1366)
2026-02-05 18:45:20,406 - Knowledge - INFO - Fast-tracked /app/data/T0015/315875/b34046x/arccore-315875/boards/mpc5516it/examples/led_rte/config/IoHwAb_Analog.h (ext=.h, size=955)
2026-02-05 18:45:20,235 - Knowledge - INFO - Worker kw3 processing /app/data/T0015/315875/b34046x/arccore-315875/boards/mpc5516it/examples/os_simple/build_config.mk
2026-02-05 18:45:20,722 - Knowledge - INFO - Worker kw12 processing /app/data/T0015/315875/b34046x/arccore-315875/boards/mpc5604b_trk/config/Wdg_Lcfg.c
2026-02-05 18:45:20,806 - Knowledge - INFO - done ingest for /app/data/T0015/315875/b34046x/arccore-315875/boards/mpc5516it/examples/com_simple/config/EcuM_PBcfg.c
2026-02-05 18:45:20,959 - Knowledge - INFO - Worker kw8 processing /app/data/T0015/315875/b34046x/arccore-315875/boards/mpc5516it/examples/led_rte/config/EcuM_Cfg.h
2026-02-05 18:45:21,095 - Knowledge - INFO - Worker kw4 processing /app/data/T0015/315875/b34046x/arccore-315875/boards/mpc5516it/examples/led_rte/config/Rte_EcuAbstraction.h
2026-02-05 18:45:21,232 - Knowledge - INFO - Worker kw15 processing /app/data/T0015/315875/b34046x/arccore-315875/boards/mpc5516it/examples/os_simple/config/Dio_Lcfg.c
2026-02-05 18:45:21,385 - Knowledge - INFO - Fast-tracked /app/data/T0015/315875/b34046x/arccore-315875/boards/mpc5516it/examples/led_rte/config/Dio_Lcfg.c (ext=.c, size=766)
2026-02-05 18:45:21,507 - Knowledge - INFO - Worker kw10 processing /app/data/T0015/315875/b34046x/arccore-315875/boards/mpc5516it/examples/led_rte/config/Rte_Blinker.c
2026-02-05 18:45:21,626 - Knowledge - INFO - Worker kw16 processing /app/data/T0015/315875/b34046x/arccore-315875/boards/mpc5516it/examples/led_rte/config/Port_Cfg.h
2026-02-05 18:45:21,799 - Knowledge - INFO - [LLM_CALL] Completed: Spi_Lcfg.c:chunk1, Duration: 17432ms, PromptTokens: 3746, CompletionTokens: 343, Cost: $0.00051
2026-02-05 18:45:21,859 - Knowledge - INFO - Worker kw2 processing /app/data/T0015/315875/b34046x/arccore-315875/boards/mpc5516it/examples/os_simple/config/Dio_Cfg.h
2026-02-05 18:45:21,919 - Knowledge - INFO - Async storage completed for 6 embeddings
2026-02-05 18:45:21,936 - Knowledge - INFO - Worker kw7 processing /app/data/T0015/315875/b34046x/arccore-315875/boards/mpc5516it/examples/led_rte/config/IoHwAb_Dcm.h
2026-02-05 18:45:22,011 - Knowledge - INFO - Worker kw14 processing /app/data/T0015/315875/b34046x/arccore-315875/boards/mpc5516it/examples/led_rte/config/Rte.mk
2026-02-05 18:45:22,140 - Knowledge - INFO - Fast-tracked /app/data/T0015/315875/b34046x/arccore-315875/boards/mpc5516it/examples/os_simple/build_config.mk (ext=.mk, size=241)
2026-02-05 18:45:22,228 - Knowledge - INFO - Fast-tracked /app/data/T0015/315875/b34046x/arccore-315875/boards/mpc5604b_trk/config/Wdg_Lcfg.c (ext=.c, size=1237)
2026-02-05 18:45:22,397 - Knowledge - INFO - Fast-tracked /app/data/T0015/315875/b34046x/arccore-315875/boards/mpc5516it/examples/led_rte/config/EcuM_Cfg.h (ext=.h, size=1365)
2026-02-05 18:45:22,519 - Knowledge - INFO - Fast-tracked /app/data/T0015/315875/b34046x/arccore-315875/boards/mpc5516it/examples/led_rte/config/Rte_EcuAbstraction.h (ext=.h, size=649)
2026-02-05 18:45:22,632 - Knowledge - INFO - Fast-tracked /app/data/T0015/315875/b34046x/arccore-315875/boards/mpc5516it/examples/os_simple/config/Dio_Lcfg.c (ext=.c, size=850)
2026-02-05 18:45:22,729 - Knowledge - INFO - Worker kw1 processing /app/data/T0015/315875/b34046x/arccore-315875/boards/mpc5516it/examples/led_rte/config/IoHwAb_Analog.c
2026-02-05 18:45:22,847 - Knowledge - INFO - Fast-tracked /app/data/T0015/315875/b34046x/arccore-315875/boards/mpc5516it/examples/led_rte/config/Rte_Blinker.c (ext=.c, size=551)
2026-02-05 18:45:22,946 - Knowledge - INFO - Worker kw16 processing /app/data/T0015/315875/b34046x/arccore-315875/boards/mpc5516it/examples/led_rte/config/Calibration_Settings.h
2026-02-05 18:45:23,026 - Knowledge - INFO - done ingest for /app/data/T0015/315875/b34046x/arccore-315875/boards/mpc5516it/config/Spi_Lcfg.c
2026-02-05 18:45:23,028 - Knowledge - INFO - [kw17] Queue=246, InProgress=0, PendingWorkers=20/20, Completed=747/1086 (68.8%)
2026-02-05 18:45:23,028 - Knowledge - INFO - [LLM_CALL] Completed: Os_Cfg.c:chunk1, Duration: 11797ms, PromptTokens: 2810, CompletionTokens: 250, Cost: $0.00038
2026-02-05 18:45:23,106 - Knowledge - INFO - Fast-tracked /app/data/T0015/315875/b34046x/arccore-315875/boards/mpc5516it/examples/os_simple/config/Dio_Cfg.h (ext=.h, size=1353)
2026-02-05 18:45:23,260 - Knowledge - INFO - Fast-tracked /app/data/T0015/315875/b34046x/arccore-315875/boards/mpc5516it/examples/led_rte/config/IoHwAb_Dcm.h (ext=.h, size=851)
2026-02-05 18:45:23,346 - Knowledge - INFO - Fast-tracked /app/data/T0015/315875/b34046x/arccore-315875/boards/mpc5516it/examples/led_rte/config/Rte.mk (ext=.mk, size=107)
2026-02-05 18:45:23,427 - Knowledge - INFO - Worker kw3 processing /app/data/T0015/315875/b34046x/arccore-315875/boards/mpc5516it/examples/led_rte/Blinker.c
2026-02-05 18:45:23,539 - Knowledge - INFO - Worker kw12 processing /app/data/T0015/315875/b34046x/arccore-315875/boards/mpc5604b_trk/config/Fls_Cfg.c
2026-02-05 18:45:23,658 - Knowledge - INFO - Worker kw8 processing /app/data/T0015/315875/b34046x/arccore-315875/boards/mpc5516it/examples/led_rte/IoHwAb.c
2026-02-05 18:45:23,741 - Knowledge - INFO - Worker kw4 processing /app/data/T0015/315875/b34046x/arccore-315875/boards/mpc5516it/examples/led_rte/config/Rte_Blinker.h
2026-02-05 18:45:23,836 - Knowledge - INFO - Fast-tracked /app/data/T0015/315875/b34046x/arccore-315875/boards/mpc5516it/examples/com_simple/config/Can_Cfg.h (small file (2450 bytes))
2026-02-05 18:45:23,915 - Knowledge - INFO - Fast-tracked /app/data/T0015/315875/b34046x/arccore-315875/boards/mpc5516it/examples/led_rte/config/IoHwAb_Analog.c (ext=.c, size=1308)
2026-02-05 18:45:24,036 - Knowledge - INFO - Worker kw10 processing /app/data/T0015/315875/b34046x/arccore-315875/boards/mpc5516it/examples/led_rte/config/Os_Cfg.c
2026-02-05 18:45:24,161 - Knowledge - INFO - Fast-tracked /app/data/T0015/315875/b34046x/arccore-315875/boards/mpc5516it/examples/led_rte/config/Calibration_Settings.h (ext=.h, size=492)
2026-02-05 18:45:24,372 - Knowledge - INFO - Batch sizing: calculated=6, max_allowed=10, queue=246, active_workers=20/20
2026-02-05 18:45:24,481 - Knowledge - INFO - done ingest for /app/data/T0015/315875/b34046x/arccore-315875/boards/mpc5516it/examples/com_simple/config/Os_Cfg.c
2026-02-05 18:45:24,731 - Knowledge - INFO - Worker kw7 processing /app/data/T0015/315875/b34046x/arccore-315875/boards/mpc5516it/examples/led_rte/config/Rte_EcuAbstraction_Internal.h
2026-02-05 18:45:24,521 - Knowledge - INFO - [kw13] Queue=246, InProgress=0, PendingWorkers=20/20, Completed=748/1086 (68.9%)
2026-02-05 18:45:24,537 - Knowledge - INFO - [WEBSOCKET] Sent: Type=progress_update, Size: 290, Duration: 22ms
2026-02-05 18:45:24,493 - Knowledge - INFO - [kw19] Queue=246, InProgress=0, PendingWorkers=20/20, Completed=747/1086 (68.8%)
2026-02-05 18:45:24,845 - Knowledge - INFO - Worker kw14 processing /app/data/T0015/315875/b34046x/arccore-315875/boards/mpc5516it/examples/led_rte/config/Rte_Data.c
2026-02-05 18:45:24,931 - Knowledge - INFO - Fast-tracked /app/data/T0015/315875/b34046x/arccore-315875/boards/mpc5516it/examples/led_rte/Blinker.c (ext=.c, size=232)
2026-02-05 18:45:25,038 - Knowledge - INFO - Worker kw12 processing /app/data/T0015/315875/b34046x/arccore-315875/boards/mpc5604b_trk/config/Wdg_Cfg.h
2026-02-05 18:45:25,122 - Knowledge - INFO - Fast-tracked /app/data/T0015/315875/b34046x/arccore-315875/boards/mpc5516it/examples/led_rte/IoHwAb.c (ext=.c, size=1181)
2026-02-05 18:45:25,241 - Knowledge - INFO - Fast-tracked /app/data/T0015/315875/b34046x/arccore-315875/boards/mpc5516it/examples/led_rte/config/Rte_Blinker.h (ext=.h, size=602)
2026-02-05 18:45:25,353 - Knowledge - INFO - Fast-tracked /app/data/T0015/315875/b34046x/arccore-315875/boards/mpc5516it/examples/com_simple/Tasks.c (small file (2756 bytes))
2026-02-05 18:45:25,441 - Knowledge - INFO - Worker kw1 processing /app/data/T0015/315875/b34046x/arccore-315875/boards/mpc5516it/examples/led_rte/config/EcuM_PBcfg.c
2026-02-05 18:45:25,546 - Knowledge - INFO - Worker kw10 processing /app/data/T0015/315875/b34046x/arccore-315875/boards/mpc5516it/examples/led_rte/config/Det_Cfg.h
2026-02-05 18:45:25,663 - Knowledge - INFO - Worker kw16 processing /app/data/T0015/315875/b34046x/arccore-315875/boards/mpc5516it/examples/led_rte/config/IoHwAb_Pwm.c
2026-02-05 18:45:25,967 - Knowledge - INFO - Fast-tracked /app/data/T0015/315875/b34046x/arccore-315875/boards/mpc5516it/examples/led_rte/config/Rte_EcuAbstraction_Internal.h (ext=.h, size=658)
2026-02-05 18:45:26,091 - Knowledge - INFO - Batch sizing: calculated=6, max_allowed=10, queue=246, active_workers=20/20
2026-02-05 18:45:26,181 - Knowledge - INFO - [LLM_CALL] Completed: Mcu_Arc_Cfg.c:chunk1, Duration: 17690ms, PromptTokens: 4446, CompletionTokens: 517, Cost: $0.00065
2026-02-05 18:45:26,299 - Knowledge - INFO - Batch sizing: calculated=6, max_allowed=10, queue=246, active_workers=20/20
2026-02-05 18:45:26,418 - Knowledge - INFO - Fast-tracked /app/data/T0015/315875/b34046x/arccore-315875/boards/mpc5516it/examples/led_rte/config/Rte_Data.c (ext=.c, size=388)
2026-02-05 18:45:26,576 - Knowledge - INFO - Fast-tracked /app/data/T0015/315875/b34046x/arccore-315875/boards/mpc5604b_trk/config/Wdg_Cfg.h (ext=.h, size=1350)
2026-02-05 18:45:26,651 - Knowledge - INFO - Worker kw8 processing /app/data/T0015/315875/b34046x/arccore-315875/boards/mpc5516it/examples/led_rte/build_config.mk
2026-02-05 18:45:26,767 - Knowledge - INFO - Worker kw4 processing /app/data/T0015/315875/b34046x/arccore-315875/boards/mpc5516it/examples/led_rte/config/Os_Cfg.h
2026-02-05 18:45:26,876 - Knowledge - INFO - Async storage completed for 6 embeddings
2026-02-05 18:45:27,052 - Knowledge - INFO - Fast-tracked /app/data/T0015/315875/b34046x/arccore-315875/boards/mpc5516it/examples/led_rte/config/Det_Cfg.h (ext=.h, size=1121)
2026-02-05 18:45:27,123 - Knowledge - INFO - Fast-tracked /app/data/T0015/315875/b34046x/arccore-315875/boards/mpc5516it/examples/led_rte/config/IoHwAb_Pwm.c (ext=.c, size=1253)
2026-02-05 18:45:27,211 - Knowledge - INFO - Worker kw7 processing /app/data/T0015/315875/b34046x/arccore-315875/boards/mpc5516it/examples/led_rte/config/Rte_Blinker_Internal.h
2026-02-05 18:45:27,375 - Knowledge - INFO - done ingest for /app/data/T0015/315875/b34046x/arccore-315875/boards/mpc5516it/config/Mcu_Arc_Cfg.c
2026-02-05 18:45:27,386 - Knowledge - INFO - Async storing batch of 6 embeddings
2026-02-05 18:45:27,397 - Knowledge - INFO - [WEBSOCKET] Sent: Type=unknown, Size: ?, Duration: 2906ms
2026-02-05 18:45:27,550 - Knowledge - INFO - Worker kw14 processing /app/data/T0015/315875/b34046x/arccore-315875/boards/mpc5516it/examples/led_rte/config/Mcu_Cfg.c
2026-02-05 18:45:27,630 - Knowledge - INFO - Worker kw12 processing /app/data/T0015/315875/b34046x/arccore-315875/boards/mpc5604b_trk/config/Eep_Cfg.h
2026-02-05 18:45:27,737 - Knowledge - INFO - Fast-tracked /app/data/T0015/315875/b34046x/arccore-315875/boards/mpc5516it/examples/led_rte/build_config.mk (ext=.mk, size=275)
2026-02-05 18:45:27,826 - Knowledge - INFO - Worker kw4 processing /app/data/T0015/315875/b34046x/arccore-315875/boards/mpc5516it/examples/led_rte/config/Rte_led_rte_ecuc_mpc5516_IoHwAbComponentType.c
2026-02-05 18:45:28,239 - Knowledge - INFO - Fast-tracked /app/data/T0015/315875/b34046x/arccore-315875/boards/mpc5516it/examples/led_rte/config/Rte_Blinker_Internal.h (ext=.h, size=548)
2026-02-05 18:45:28,444 - Knowledge - INFO - Worker kw17 processing /app/data/T0015/315875/b34046x/arccore-315875/boards/mpc5604b_trk/examples/os_simple/config/EcuM.mk
2026-02-05 18:45:28,533 - Knowledge - INFO - Progress: 68.8% | Files: 752/1086 | Rate: 1.56 files/sec | Queue: 228
2026-02-05 18:45:28,534 - Knowledge - INFO - [LLM_CALL] Completed: Port_Cfg.c:chunk1, Duration: 1ms, PromptTokens: 8478, CompletionTokens: 171, Cost: $0.00092
2026-02-05 18:45:28,534 - Knowledge - INFO - Async storing batch of 6 embeddings
2026-02-05 18:45:28,608 - Knowledge - INFO - Fast-tracked /app/data/T0015/315875/b34046x/arccore-315875/boards/mpc5516it/examples/led_rte/config/Mcu_Cfg.c (ext=.c, size=985)
2026-02-05 18:45:28,686 - Knowledge - INFO - Worker kw12 processing /app/data/T0015/315875/b34046x/arccore-315875/boards/mpc5604b_trk/board_info.txt
2026-02-05 18:45:28,768 - Knowledge - INFO - Worker kw8 processing /app/data/T0015/315875/b34046x/arccore-315875/boards/mpc5516it/examples/led_rte/Tasks.c
2026-02-05 18:45:28,840 - Knowledge - INFO - Fast-tracked /app/data/T0015/315875/b34046x/arccore-315875/boards/mpc5516it/examples/led_rte/config/Rte_led_rte_ecuc_mpc5516_IoHwAbComponentType.c (ext=.c, size=654)
2026-02-05 18:45:28,955 - Knowledge - INFO - Worker kw7 processing /app/data/T0015/315875/b34046x/arccore-315875/boards/mpc5516it/examples/led_rte/config/Rte_Cbk.c
2026-02-05 18:45:29,034 - Knowledge - INFO - Fast-tracked /app/data/T0015/315875/b34046x/arccore-315875/boards/mpc5604b_trk/examples/os_simple/config/EcuM.mk (ext=.mk, size=37)
2026-02-05 18:45:29,102 - Knowledge - INFO - [kw11] Queue=228, InProgress=0, PendingWorkers=20/20, Completed=752/1086 (69.2%)
2026-02-05 18:45:29,184 - Knowledge - INFO - done ingest for /app/data/T0015/315875/b34046x/arccore-315875/boards/mpc5516it/examples/com_simple/config/Port_Cfg.c
2026-02-05 18:45:29,185 - Knowledge - INFO - [LLM_CALL] Completed: CanIf_Cfg.c:chunk1, Duration: 8365ms, PromptTokens: 3680, CompletionTokens: 287, Cost: $0.00048
2026-02-05 18:45:29,284 - Knowledge - INFO - Worker kw13 processing /app/data/T0015/315875/b34046x/arccore-315875/boards/mpc5604b_trk/examples/os_simple/config/Os_Cfg.h
2026-02-05 18:45:29,392 - Knowledge - INFO - Worker kw14 processing /app/data/T0015/315875/b34046x/arccore-315875/boards/mpc5516it/examples/led_rte/config/Port_Cfg.c
2026-02-05 18:45:29,489 - Knowledge - INFO - Fast-tracked /app/data/T0015/315875/b34046x/arccore-315875/boards/mpc5604b_trk/board_info.txt (ext=.txt, size=1538)
2026-02-05 18:45:29,599 - Knowledge - INFO - Fast-tracked /app/data/T0015/315875/b34046x/arccore-315875/boards/mpc5516it/examples/led_rte/Tasks.c (ext=.c, size=1863)
2026-02-05 18:45:29,691 - Knowledge - INFO - Worker kw4 processing /app/data/T0015/315875/b34046x/arccore-315875/boards/mpc5516it/examples/led_rte/config/IoHwAb_Cfg.h
2026-02-05 18:45:29,782 - Knowledge - INFO - Fast-tracked /app/data/T0015/315875/b34046x/arccore-315875/boards/mpc5516it/examples/led_rte/config/Rte_Cbk.c (ext=.c, size=342)
2026-02-05 18:45:29,862 - Knowledge - INFO - Worker kw17 processing /app/data/T0015/315875/b34046x/arccore-315875/boards/mpc5604b_trk/examples/os_simple/config/EcuM_PBcfg.c
2026-02-05 18:45:29,971 - Knowledge - INFO - Batch sizing: calculated=6, max_allowed=10, queue=228, active_workers=20/20
2026-02-05 18:45:29,996 - Knowledge - INFO - Fast-tracked /app/data/T0015/315875/b34046x/arccore-315875/boards/mpc5516it/examples/os_simple/config/Os_Cfg.h (small file (2971 bytes))
2026-02-05 18:45:30,148 - Knowledge - INFO - done ingest for /app/data/T0015/315875/b34046x/arccore-315875/boards/mpc5516it/examples/com_simple/config/CanIf_Cfg.c
2026-02-05 18:45:30,173 - Knowledge - INFO - Async storing batch of 6 embeddings
2026-02-05 18:45:30,181 - Knowledge - INFO - Processing batch of 6 files
2026-02-05 18:45:30,246 - Knowledge - INFO - [LLM_CALL] Completed: Com_PbCfg.c:chunk1, Duration: 16089ms, PromptTokens: 8568, CompletionTokens: 236, Cost: $0.00095
2026-02-05 18:45:30,253 - Knowledge - INFO - Worker kw13 processing /app/data/T0015/315875/b34046x/arccore-315875/boards/mpc5604b_trk/examples/os_simple/config/EcuM_Cfg.h
2026-02-05 18:45:30,433 - Knowledge - INFO - Worker kw12 processing /app/data/T0015/315875/b34046x/arccore-315875/boards/mpc5604b_trk/build_config.mk
2026-02-05 18:45:30,514 - Knowledge - INFO - Worker kw8 processing /app/data/T0015/315875/b34046x/arccore-315875/boards/mpc5604b_trk/config/Fls_Cfg.h
2026-02-05 18:45:30,622 - Knowledge - INFO - Fast-tracked /app/data/T0015/315875/b34046x/arccore-315875/boards/mpc5516it/examples/led_rte/config/IoHwAb_Cfg.h (ext=.h, size=570)
2026-02-05 18:45:30,727 - Knowledge - INFO - Async storage completed for 6 embeddings
2026-02-05 18:45:30,809 - Knowledge - INFO - Worker kw17 processing /app/data/T0015/315875/b34046x/arccore-315875/boards/mpc5604b_trk/examples/os_simple/config/Os_Cfg.c
2026-02-05 18:45:30,990 - Knowledge - INFO - Async storage completed for 6 embeddings
2026-02-05 18:45:31,172 - Knowledge - INFO - Worker kw19 processing /app/data/T0015/315875/b34046x/arccore-315875/boards/stm32_stm3210c/examples/com_simple/config/PduR_Cfg.h
2026-02-05 18:45:31,247 - Knowledge - INFO - process ingested knowledge for /app/data/T0015/315875/b34046x/arccore-315875/boards/mpc5516it/config/Eep_Lcfg.c
2026-02-05 18:45:31,320 - Knowledge - INFO - done ingest for /app/data/T0015/315875/b34046x/arccore-315875/boards/mpc5516it/examples/com_simple/config/Com_PbCfg.c
2026-02-05 18:45:31,322 - Knowledge - INFO - Async storing batch of 6 embeddings
2026-02-05 18:45:31,376 - Knowledge - INFO - Processing batch of 6 files
2026-02-05 18:45:31,380 - Knowledge - INFO - Processing batch of 6 files
2026-02-05 18:45:31,381 - Knowledge - INFO - Processing batch of 6 files
2026-02-05 18:45:31,384 - Knowledge - INFO - Processing batch of 6 files
2026-02-05 18:45:31,395 - Knowledge - INFO - Fast-tracked /app/data/T0015/315875/b34046x/arccore-315875/boards/mpc5604b_trk/examples/os_simple/config/EcuM_Cfg.h (ext=.h, size=1366)
2026-02-05 18:45:31,459 - Knowledge - INFO - Fast-tracked /app/data/T0015/315875/b34046x/arccore-315875/boards/mpc5604b_trk/build_config.mk (ext=.mk, size=879)
2026-02-05 18:45:31,559 - Knowledge - INFO - Worker kw8 processing /app/data/T0015/315875/b34046x/arccore-315875/boards/mpc5604b_trk/config/Eep_Lcfg.c
2026-02-05 18:45:31,655 - Knowledge - INFO - Worker kw4 processing /app/data/T0015/315875/b34046x/arccore-315875/boards/mpc5516it/examples/led_rte/config/IoHwAb_Cbk.h
2026-02-05 18:45:32,637 - Knowledge - INFO - process ingested knowledge for /app/data/T0015/315875/b34046x/arccore-315875/boards/mpc5516it/examples/com_simple/config/PduR_PbCfg.h
2026-02-05 18:45:31,825 - Knowledge - INFO - Worker kw17 processing /app/data/T0015/315875/b34046x/arccore-315875/boards/mpc5604b_trk/examples/os_simple/config/Det_Cfg.h
2026-02-05 18:45:31,975 - Knowledge - INFO - Worker kw19 processing /app/data/T0015/315875/b34046x/arccore-315875/boards/stm32_stm3210c/examples/com_simple/config/Com_Cfg.h
2026-02-05 18:45:32,078 - Knowledge - INFO - process ingested knowledge for /app/data/T0015/315875/b34046x/arccore-315875/boards/mpc5516it/config/Wdg_Lcfg.c
2026-02-05 18:45:32,254 - Knowledge - INFO - Processing batch of 6 files
2026-02-05 18:45:32,278 - Knowledge - INFO - Worker kw11 processing /app/data/T0015/315875/b34046x/arccore-315875/boards/stm32_stm3210c/examples/com_simple/config/Mcu_Cfg.h
2026-02-05 18:45:32,356 - Knowledge - INFO - process ingested knowledge for /app/data/T0015/315875/b34046x/arccore-315875/boards/mpc5516it/examples/com_simple/config/Can_Cfg.h
2026-02-05 18:45:32,447 - Knowledge - INFO - process ingested knowledge for /app/data/T0015/315875/b34046x/arccore-315875/boards/mpc5516it/examples/com_simple/config/PduR_Cfg.h
2026-02-05 18:45:32,539 - Knowledge - INFO - process ingested knowledge for /app/data/T0015/315875/b34046x/arccore-315875/boards/mpc5567qrtech/examples/led_rte/Tasks.c
2026-02-05 18:45:31,774 - Knowledge - INFO - Processing batch of 6 files
2026-02-05 18:45:32,724 - Knowledge - INFO - Worker kw13 processing /app/data/T0015/315875/b34046x/arccore-315875/boards/mpc5604b_trk/examples/os_simple/build_config.mk
2026-02-05 18:45:33,028 - Knowledge - INFO - Fast-tracked /app/data/T0015/315875/b34046x/arccore-315875/boards/mpc5516it/examples/led_rte/config/IoHwAb_Cbk.h (ext=.h, size=533)
2026-02-05 18:45:33,068 - Knowledge - INFO - Fast-tracked /app/data/T0015/315875/b34046x/arccore-315875/boards/mpc5516it/examples/led_rte/config/Port_Cfg.h (small file (2333 bytes))
2026-02-05 18:45:33,125 - Knowledge - INFO - process ingested knowledge for /app/data/T0015/315875/b34046x/arccore-315875/boards/mpc5516it/examples/com_simple/config/Mcu_Cfg.h
2026-02-05 18:45:33,144 - Knowledge - INFO - Async storage completed for 6 embeddings
2026-02-05 18:45:33,258 - Knowledge - INFO - Fast-tracked /app/data/T0015/315875/b34046x/arccore-315875/boards/mpc5604b_trk/examples/os_simple/config/Det_Cfg.h (ext=.h, size=1122)
2026-02-05 18:45:33,337 - Knowledge - INFO - Fast-tracked /app/data/T0015/315875/b34046x/arccore-315875/boards/stm32_stm3210c/examples/com_simple/config/Com_Cfg.h (ext=.h, size=1148)
2026-02-05 18:45:33,438 - Knowledge - INFO - process ingested knowledge for /app/data/T0015/315875/b34046x/arccore-315875/boards/mpc5516it/config/Spi_Cfg.h
2026-02-05 18:45:33,558 - Knowledge - INFO - process ingested knowledge for /app/data/T0015/315875/b34046x/arccore-315875/boards/mpc5516it/examples/com_simple/config/Com_PbCfg.c
2026-02-05 18:45:33,683 - Knowledge - INFO - Fast-tracked /app/data/T0015/315875/b34046x/arccore-315875/boards/stm32_stm3210c/examples/com_simple/config/Mcu_Cfg.h (ext=.h, size=1027)
2026-02-05 18:45:33,770 - Knowledge - INFO - process ingested knowledge for /app/data/T0015/315875/b34046x/arccore-315875/boards/mpc5516it/examples/com_simple/config/EcuM_Cfg.h
2026-02-05 18:45:33,855 - Knowledge - INFO - process ingested knowledge for /app/data/T0015/315875/b34046x/arccore-315875/boards/mpc5516it/examples/com_simple/config/Can_PBcfg.c
2026-02-05 18:45:33,942 - Knowledge - INFO - process ingested knowledge for /app/data/T0015/315875/b34046x/arccore-315875/boards/mpc5516it/config/Spi_Lcfg.c
2026-02-05 18:45:34,046 - Knowledge - INFO - process ingested knowledge for /app/data/T0015/315875/b34046x/arccore-315875/boards/mpc5516it/examples/led_rte/config/IoHwAb_Digital.h
2026-02-05 18:45:34,131 - Knowledge - INFO - Fast-tracked /app/data/T0015/315875/b34046x/arccore-315875/boards/mpc5604b_trk/examples/os_simple/build_config.mk (ext=.mk, size=241)
2026-02-05 18:45:34,207 - Knowledge - INFO - Fast-tracked /app/data/T0015/315875/b34046x/arccore-315875/boards/mpc5516it/examples/led_rte/config/Os_Cfg.h (small file (2897 bytes))
2026-02-05 18:45:34,299 - Knowledge - INFO - Async storage completed for 6 embeddings
2026-02-05 18:45:34,381 - Knowledge - INFO - process ingested knowledge for /app/data/T0015/315875/b34046x/arccore-315875/boards/mpc5516it/examples/com_simple/config/Port_Cfg.h
2026-02-05 18:45:34,502 - Knowledge - INFO - [LLM_CALL] Completed: Port_Cfg.c:chunk1, Duration: 3180ms, PromptTokens: 9224, CompletionTokens: 161, Cost: $0.00099
2026-02-05 18:45:34,604 - Knowledge - INFO - Worker kw17 processing /app/data/T0015/315875/b34046x/arccore-315875/boards/mpc5604b_trk/examples/os_simple/config/Mcu_Cfg.h
2026-02-05 18:45:34,687 - Knowledge - INFO - Async storage completed for 6 embeddings
2026-02-05 18:45:34,725 - Knowledge - INFO - Worker kw19 processing /app/data/T0015/315875/b34046x/arccore-315875/boards/stm32_stm3210c/examples/com_simple/config/EcuM_PBcfg.c
2026-02-05 18:45:34,839 - Knowledge - INFO - process ingested knowledge for /app/data/T0015/315875/b34046x/arccore-315875/boards/mpc5516it/config/Fls_SST25xx_Cfg.c
2026-02-05 18:45:34,919 - Knowledge - INFO - process ingested knowledge for /app/data/T0015/315875/b34046x/arccore-315875/boards/mpc5516it/examples/com_simple/config/Mcu_Cfg.c
2026-02-05 18:45:35,013 - Knowledge - INFO - Worker kw11 processing /app/data/T0015/315875/b34046x/arccore-315875/boards/stm32_stm3210c/examples/com_simple/config/Port_Cfg.h
2026-02-05 18:45:35,121 - Knowledge - INFO - process ingested knowledge for /app/data/T0015/315875/b34046x/arccore-315875/boards/mpc5516it/examples/com_simple/build_config.mk
2026-02-05 18:45:35,202 - Knowledge - INFO - process ingested knowledge for /app/data/T0015/315875/b34046x/arccore-315875/boards/mpc5516it/examples/com_simple/config/Com_Cfg.h
2026-02-05 18:45:35,273 - Knowledge - INFO - process ingested knowledge for /app/data/T0015/315875/b34046x/arccore-315875/boards/mpc5516it/config/Dma_Cfg.c
2026-02-05 18:45:35,378 - Knowledge - INFO - process ingested knowledge for /app/data/T0015/315875/b34046x/arccore-315875/boards/mpc5516it/examples/led_rte/config/IoHwAb_Pwm.h
2026-02-05 18:45:35,386 - Knowledge - INFO - Fast-tracked /app/data/T0015/315875/b34046x/arccore-315875/boards/mpc5516it/examples/os_simple/config/Port_Cfg.h (small file (2966 bytes))
2026-02-05 18:45:35,460 - Knowledge - INFO - Async storage completed for 6 embeddings
2026-02-05 18:45:35,467 - Knowledge - INFO - Worker kw13 processing /app/data/T0015/315875/b34046x/arccore-315875/boards/stm32_stm3210c/board_info.txt
2026-02-05 18:45:35,599 - Knowledge - INFO - Async storage completed for 6 embeddings
2026-02-05 18:45:35,749 - Knowledge - INFO - process ingested knowledge for /app/data/T0015/315875/b34046x/arccore-315875/boards/mpc5516it/examples/com_simple/config/CanIf_Cfg.h
2026-02-05 18:45:35,867 - Knowledge - INFO - done ingest for /app/data/T0015/315875/b34046x/arccore-315875/boards/mpc5516it/examples/os_simple/config/Port_Cfg.c
2026-02-05 18:45:35,967 - Knowledge - INFO - Fast-tracked /app/data/T0015/315875/b34046x/arccore-315875/boards/mpc5604b_trk/examples/os_simple/config/Mcu_Cfg.h (ext=.h, size=956)
2026-02-05 18:45:36,176 - Knowledge - INFO - Fast-tracked /app/data/T0015/315875/b34046x/arccore-315875/boards/mpc5604b_trk/config/Eep_Cfg.h (small file (0 bytes))
2026-02-05 18:45:36,195 - Knowledge - INFO - Worker kw19 processing /app/data/T0015/315875/b34046x/arccore-315875/boards/stm32_stm3210c/examples/com_simple/config/Os_Cfg.c
2026-02-05 18:45:36,315 - Knowledge - INFO - process ingested knowledge for /app/data/T0015/315875/b34046x/arccore-315875/boards/mpc5516it/config/Fls_Cfg.c
2026-02-05 18:45:36,426 - Knowledge - INFO - process ingested knowledge for /app/data/T0015/315875/b34046x/arccore-315875/boards/mpc5516it/examples/com_simple/config/Port_Cfg.c
2026-02-05 18:45:36,517 - Knowledge - INFO - Fast-tracked /app/data/T0015/315875/b34046x/arccore-315875/boards/stm32_stm3210c/examples/com_simple/config/Port_Cfg.h (ext=.h, size=856)
2026-02-05 18:45:36,602 - Knowledge - INFO - process ingested knowledge for /app/data/T0015/315875/b34046x/arccore-315875/boards/mpc5516it/examples/com_simple/Tasks.c
2026-02-05 18:45:36,696 - Knowledge - INFO - process ingested knowledge for /app/data/T0015/315875/b34046x/arccore-315875/boards/mpc5516it/examples/com_simple/config/EcuM_PBcfg.c
2026-02-05 18:45:36,811 - Knowledge - INFO - process ingested knowledge for /app/data/T0015/315875/b34046x/arccore-315875/boards/mpc5516it/config/Mcu_Arc_Cfg.c
2026-02-05 18:45:36,903 - Knowledge - INFO - process ingested knowledge for /app/data/T0015/315875/b34046x/arccore-315875/boards/mpc5516it/examples/led_rte/config/IoHwAb_Dcm.h
2026-02-05 18:45:36,978 - Knowledge - INFO - Async storage completed for 6 embeddings
2026-02-05 18:45:37,155 - Knowledge - INFO - Fast-tracked /app/data/T0015/315875/b34046x/arccore-315875/boards/stm32_stm3210c/board_info.txt (ext=.txt, size=672)
2026-02-05 18:45:37,295 - Knowledge - INFO - Async storage completed for 6 embeddings
2026-02-05 18:45:37,318 - Knowledge - INFO - process ingested knowledge for /app/data/T0015/315875/b34046x/arccore-315875/boards/mpc5516it/examples/com_simple/config/Com_PbCfg.h
2026-02-05 18:45:37,352 - Knowledge - INFO - Processing batch of 6 files
2026-02-05 18:45:37,506 - Knowledge - INFO - Processing batch of 6 files
2026-02-05 18:45:37,514 - Knowledge - INFO - Worker kw17 processing /app/data/T0015/315875/b34046x/arccore-315875/boards/mpc5604b_trk/examples/os_simple/config/Mcu_Cfg.c
2026-02-05 18:45:37,606 - Knowledge - INFO - Async storage completed for 6 embeddings
2026-02-05 18:45:37,756 - Knowledge - INFO - Worker kw19 processing /app/data/T0015/315875/b34046x/arccore-315875/boards/stm32_stm3210c/examples/com_simple/config/Det_Cfg.h
2026-02-05 18:45:37,816 - Knowledge - INFO - process ingested knowledge for /app/data/T0015/315875/b34046x/arccore-315875/boards/mpc5516it/config/Wdg_Cfg.h
2026-02-05 18:45:37,900 - Knowledge - INFO - process ingested knowledge for /app/data/T0015/315875/b34046x/arccore-315875/boards/mpc5516it/examples/com_simple/config/PduR_PbCfg.c
2026-02-05 18:45:37,993 - Knowledge - INFO - Worker kw11 processing /app/data/T0015/315875/b34046x/arccore-315875/boards/stm32_stm3210c/examples/com_simple/config/CanIf_Cfg.h
2026-02-05 18:45:38,106 - Knowledge - INFO - process ingested knowledge for /app/data/T0015/315875/b34046x/arccore-315875/boards/mpc5516it/examples/os_simple/config/EcuM.mk
2026-02-05 18:45:38,230 - Knowledge - INFO - process ingested knowledge for /app/data/T0015/315875/b34046x/arccore-315875/boards/mpc5516it/examples/com_simple/config/Os_Cfg.c
2026-02-05 18:45:38,346 - Knowledge - INFO - process ingested knowledge for /app/data/T0015/315875/b34046x/arccore-315875/boards/mpc5516it/config/Fls_SST25xx_Cfg.h
2026-02-05 18:45:38,419 - Knowledge - INFO - process ingested knowledge for /app/data/T0015/315875/b34046x/arccore-315875/boards/mpc5516it/examples/led_rte/config/Rte_EcuAbstraction_Internal.h
2026-02-05 18:45:38,621 - Knowledge - INFO - Worker kw13 processing /app/data/T0015/315875/b34046x/arccore-315875/boards/stm32_stm3210c/build_config.mk
2026-02-05 18:45:38,808 - Knowledge - INFO - [LLM_CALL] Completed: Os_Cfg.c:chunk1, Duration: 8638ms, PromptTokens: 2800, CompletionTokens: 324, Cost: $0.00041
2026-02-05 18:45:38,949 - Knowledge - INFO - process ingested knowledge for /app/data/T0015/315875/b34046x/arccore-315875/boards/mpc5516it/examples/com_simple/config/CanIf_Cfg.c
2026-02-05 18:45:39,051 - Knowledge - INFO - process ingested knowledge for /app/data/T0015/315875/b34046x/arccore-315875/boards/mpc5516it/examples/led_rte/config/Rte_EcuAbstraction.h
2026-02-05 18:45:39,177 - Knowledge - INFO - process ingested knowledge for /app/data/T0015/315875/b34046x/arccore-315875/boards/mpc5516it/examples/os_simple/config/Mcu_Cfg.c
2026-02-05 18:45:39,338 - Knowledge - INFO - Fast-tracked /app/data/T0015/315875/b34046x/arccore-315875/boards/mpc5604b_trk/examples/os_simple/config/Mcu_Cfg.c (ext=.c, size=864)
2026-02-05 18:45:39,540 - Knowledge - INFO - Fast-tracked /app/data/T0015/315875/b34046x/arccore-315875/boards/stm32_stm3210c/examples/com_simple/config/Det_Cfg.h (ext=.h, size=1124)
2026-02-05 18:45:39,912 - Knowledge - INFO - Fast-tracked /app/data/T0015/315875/b34046x/arccore-315875/boards/stm32_stm3210c/examples/com_simple/config/CanIf_Cfg.h (ext=.h, size=1841)
2026-02-05 18:45:39,973 - Knowledge - INFO - process ingested knowledge for /app/data/T0015/315875/b34046x/arccore-315875/boards/mpc5516it/examples/com_simple/config/CanIf_SpecialPdus.h
2026-02-05 18:45:40,408 - Knowledge - INFO - process ingested knowledge for /app/data/T0015/315875/b34046x/arccore-315875/boards/mpc5516it/examples/os_simple/config/Dio_Lcfg.c
2026-02-05 18:45:40,432 - Knowledge - INFO - process ingested knowledge for /app/data/T0015/315875/b34046x/arccore-315875/boards/mpc5516it/examples/com_simple/config/Det_Cfg.h
2026-02-05 18:45:40,438 - Knowledge - INFO - process ingested knowledge for /app/data/T0015/315875/b34046x/arccore-315875/boards/mpc5516it/examples/led_rte/config/Rte_Blinker_Internal.h
2026-02-05 18:45:40,459 - Knowledge - INFO - process ingested knowledge for /app/data/T0015/315875/b34046x/arccore-315875/boards/mpc5516it/config/Fls_Cfg.h
2026-02-05 18:45:40,530 - Knowledge - INFO - Fast-tracked /app/data/T0015/315875/b34046x/arccore-315875/boards/stm32_stm3210c/build_config.mk (ext=.mk, size=1276)
2026-02-05 18:45:40,599 - Knowledge - INFO - done ingest for /app/data/T0015/315875/b34046x/arccore-315875/boards/mpc5516it/examples/led_rte/config/Os_Cfg.c
2026-02-05 18:45:40,613 - Knowledge - INFO - done ingest for /app/data/T0015/315875/b34046x/arccore-315875/boards/mpc5516it/examples/led_rte/config/Port_Cfg.c
2026-02-05 18:45:40,622 - Knowledge - INFO - [LLM_CALL] Completed: Rte_Type.h:chunk1, Duration: 10466ms, PromptTokens: 2574, CompletionTokens: 324, Cost: $0.00039
2026-02-05 18:45:41,082 - Knowledge - INFO - process ingested knowledge for /app/data/T0015/315875/b34046x/arccore-315875/boards/mpc5516it/examples/led_rte/config/Rte_Blinker.h
2026-02-05 18:45:41,274 - Knowledge - INFO - Worker kw19 processing /app/data/T0015/315875/b34046x/arccore-315875/boards/stm32_stm3210c/examples/com_simple/config/PduR_PbCfg.h
2026-02-05 18:45:41,313 - Knowledge - INFO - process ingested knowledge for /app/data/T0015/315875/b34046x/arccore-315875/boards/mpc5516it/examples/os_simple/config/Port_Cfg.c
2026-02-05 18:45:41,423 - Knowledge - INFO - Worker kw11 processing /app/data/T0015/315875/b34046x/arccore-315875/boards/stm32_stm3210c/examples/com_simple/config/Com_PbCfg.h
2026-02-05 18:45:41,796 - Knowledge - INFO - process ingested knowledge for /app/data/T0015/315875/b34046x/arccore-315875/boards/mpc5516it/examples/com_simple/config/Os_Cfg.h
2026-02-05 18:45:42,179 - Knowledge - INFO - Worker kw13 processing /app/data/T0015/315875/b34046x/arccore-315875/boards/stm32_stm3210c/examples/com_simple/config/EcuM.mk
2026-02-05 18:45:42,541 - Knowledge - INFO - done ingest for /app/data/T0015/315875/b34046x/arccore-315875/boards/mpc5516it/examples/led_rte/config/Rte_Type.h
2026-02-05 18:45:42,551 - Knowledge - INFO - [LLM_CALL] Completed: EcuM_PBcfg.c:chunk1, Duration: 6ms, PromptTokens: 2902, CompletionTokens: 260, Cost: $0.00039
2026-02-05 18:45:42,754 - Knowledge - INFO - Fast-tracked /app/data/T0015/315875/b34046x/arccore-315875/boards/stm32_stm3210c/examples/com_simple/config/PduR_PbCfg.h (ext=.h, size=896)
2026-02-05 18:45:42,934 - Knowledge - INFO - process ingested knowledge for /app/data/T0015/315875/b34046x/arccore-315875/boards/mpc5516it/examples/led_rte/config/Rte_Cbk.c
2026-02-05 18:45:42,936 - Knowledge - INFO - process ingested knowledge for /app/data/T0015/315875/b34046x/arccore-315875/boards/mpc5516it/examples/led_rte/config/Os_Cfg.h
2026-02-05 18:45:42,973 - Knowledge - INFO - Fast-tracked /app/data/T0015/315875/b34046x/arccore-315875/boards/stm32_stm3210c/examples/com_simple/config/Com_PbCfg.h (ext=.h, size=1135)
2026-02-05 18:45:43,133 - Knowledge - INFO - Fast-tracked /app/data/T0015/315875/b34046x/arccore-315875/boards/stm32_stm3210c/examples/com_simple/config/EcuM.mk (ext=.mk, size=61)
2026-02-05 18:45:43,176 - Knowledge - INFO - process ingested knowledge for /app/data/T0015/315875/b34046x/arccore-315875/boards/mpc5516it/examples/os_simple/config/Os_Cfg.h
2026-02-05 18:45:43,342 - Knowledge - INFO - done ingest for /app/data/T0015/315875/b34046x/arccore-315875/boards/mpc5516it/examples/led_rte/config/EcuM_PBcfg.c
2026-02-05 18:45:43,343 - Knowledge - INFO - done ingest for /app/data/T0015/315875/b34046x/arccore-315875/boards/mpc5516it/examples/os_simple/config/EcuM_PBcfg.c
2026-02-05 18:45:43,345 - Knowledge - INFO - [LLM_CALL] Completed: Eep_Lcfg.c:chunk1, Duration: 6986ms, PromptTokens: 2822, CompletionTokens: 249, Cost: $0.00038
2026-02-05 18:45:43,431 - Knowledge - INFO - Fast-tracked /app/data/T0015/315875/b34046x/arccore-315875/boards/stm32_stm3210c/examples/com_simple/config/PduR_Cfg.h (small file (2106 bytes))
2026-02-05 18:45:43,716 - Knowledge - INFO - Worker kw11 processing /app/data/T0015/315875/b34046x/arccore-315875/boards/stm32_stm3210c/examples/com_simple/config/Can_Lcfg.c
2026-02-05 18:45:43,767 - Knowledge - INFO - process ingested knowledge for /app/data/T0015/315875/b34046x/arccore-315875/boards/mpc5516it/examples/led_rte/config/Rte_led_rte_ecuc_mpc5516_IoHwAbComponentType.c
2026-02-05 18:45:43,814 - Knowledge - INFO - Fast-tracked /app/data/T0015/315875/b34046x/arccore-315875/boards/mpc5604b_trk/examples/os_simple/config/Os_Cfg.h (small file (2972 bytes))
2026-02-05 18:45:44,242 - Knowledge - INFO - done ingest for /app/data/T0015/315875/b34046x/arccore-315875/boards/mpc5604b_trk/config/Eep_Lcfg.c
2026-02-05 18:45:44,249 - Knowledge - INFO - [LLM_CALL] Completed: Fls_Cfg.c:chunk1, Duration: 11432ms, PromptTokens: 3156, CompletionTokens: 173, Cost: $0.00038
2026-02-05 18:45:44,601 - Knowledge - INFO - Worker kw11 processing /app/data/T0015/315875/b34046x/arccore-315875/boards/stm32_stm3210c/examples/com_simple/config/CanIf_Cfg.c
2026-02-05 18:45:44,697 - Knowledge - INFO - process ingested knowledge for /app/data/T0015/315875/b34046x/arccore-315875/boards/mpc5516it/examples/os_simple/config/EcuM_Cfg.h
2026-02-05 18:45:44,808 - Knowledge - INFO - Async storage completed for 6 embeddings
2026-02-05 18:45:44,972 - Knowledge - INFO - process ingested knowledge for /app/data/T0015/315875/b34046x/arccore-315875/boards/mpc5516it/examples/led_rte/config/IoHwAb_Cfg.h
2026-02-05 18:45:45,085 - Knowledge - INFO - done ingest for /app/data/T0015/315875/b34046x/arccore-315875/boards/mpc5604b_trk/config/Fls_Cfg.c
2026-02-05 18:45:45,137 - Knowledge - INFO - [LLM_CALL] Completed: IoHwAb_Digital.c:chunk1, Duration: 16603ms, PromptTokens: 2734, CompletionTokens: 455, Cost: $0.00046
2026-02-05 18:45:45,226 - Knowledge - INFO - Fast-tracked /app/data/T0015/315875/b34046x/arccore-315875/boards/stm32_stm3210c/examples/com_simple/config/Can_Lcfg.c (small file (2145 bytes))
2026-02-05 18:45:45,592 - Knowledge - INFO - process ingested knowledge for /app/data/T0015/315875/b34046x/arccore-315875/boards/mpc5516it/examples/os_simple/build_config.mk
2026-02-05 18:45:45,670 - Knowledge - INFO - process ingested knowledge for /app/data/T0015/315875/b34046x/arccore-315875/boards/mpc5516it/examples/led_rte/config/IoHwAb_Cbk.h
2026-02-05 18:45:45,704 - Knowledge - INFO - done ingest for /app/data/T0015/315875/b34046x/arccore-315875/boards/mpc5516it/examples/led_rte/config/IoHwAb_Digital.c
2026-02-05 18:45:45,704 - Knowledge - INFO - [LLM_CALL] Completed: Os_Cfg.c:chunk1, Duration: 592ms, PromptTokens: 3060, CompletionTokens: 292, Cost: $0.00042
2026-02-05 18:45:45,945 - Knowledge - INFO - process ingested knowledge for /app/data/T0015/315875/b34046x/arccore-315875/boards/mpc5516it/examples/led_rte/Blinker.c
2026-02-05 18:45:46,198 - Knowledge - INFO - done ingest for /app/data/T0015/315875/b34046x/arccore-315875/boards/mpc5516it/examples/os_simple/config/Os_Cfg.c
2026-02-05 18:45:46,201 - Knowledge - INFO - [LLM_CALL] Completed: Fls_Cfg.h:chunk1, Duration: 13273ms, PromptTokens: 2844, CompletionTokens: 353, Cost: $0.00043
2026-02-05 18:45:46,242 - Knowledge - INFO - [kw5] Queue=222, InProgress=0, PendingWorkers=20/20, Completed=806/1086 (74.2%)
2026-02-05 18:45:46,505 - Knowledge - INFO - done ingest for /app/data/T0015/315875/b34046x/arccore-315875/boards/mpc5604b_trk/config/Fls_Cfg.h
2026-02-05 18:45:46,512 - Knowledge - INFO - [WEBSOCKET] Sent: Type=progress_update, Size: 294, Duration: 6ms
2026-02-05 18:45:46,580 - Knowledge - INFO - [kw20] Queue=222, InProgress=0, PendingWorkers=20/20, Completed=809/1086 (74.5%)
2026-02-05 18:45:46,580 - Knowledge - INFO - [kw6] Queue=222, InProgress=0, PendingWorkers=20/20, Completed=809/1086 (74.5%)
2026-02-05 18:45:46,631 - Knowledge - INFO - Batch sizing: calculated=6, max_allowed=10, queue=222, active_workers=20/20
2026-02-05 18:45:46,644 - Knowledge - INFO - [kw15] Queue=222, InProgress=0, PendingWorkers=20/20, Completed=809/1086 (74.5%)
2026-02-05 18:45:46,806 - Knowledge - INFO - [WEBSOCKET] Sent: Type=unknown, Size: ?, Duration: 300ms
2026-02-05 18:45:46,861 - Knowledge - INFO - [kw18] Queue=222, InProgress=0, PendingWorkers=20/20, Completed=810/1086 (74.6%)
2026-02-05 18:45:46,867 - Knowledge - INFO - [kw4] Queue=222, InProgress=0, PendingWorkers=20/20, Completed=816/1086 (75.1%)
2026-02-05 18:45:46,867 - Knowledge - INFO - [kw7] Queue=222, InProgress=0, PendingWorkers=20/20, Completed=816/1086 (75.1%)
2026-02-05 18:45:46,886 - Knowledge - INFO - Async storage completed for 6 embeddings
2026-02-05 18:45:46,893 - Knowledge - INFO - Batch sizing: calculated=6, max_allowed=10, queue=222, active_workers=20/20
2026-02-05 18:45:47,018 - Knowledge - INFO - Batch sizing: calculated=6, max_allowed=10, queue=222, active_workers=20/20
2026-02-05 18:45:47,227 - Knowledge - INFO - Batch sizing: calculated=6, max_allowed=10, queue=222, active_workers=20/20
2026-02-05 18:45:47,305 - Knowledge - INFO - Progress: 73.8% | Files: 817/1086 | Rate: 1.62 files/sec | Queue: 216
2026-02-05 18:45:47,318 - Knowledge - INFO - Async storing batch of 6 embeddings
2026-02-05 18:45:47,318 - Knowledge - INFO - [kw3] Queue=216, InProgress=0, PendingWorkers=20/20, Completed=818/1086 (75.3%)
2026-02-05 18:45:47,356 - Knowledge - INFO - Processing batch of 6 files
2026-02-05 18:45:47,386 - Knowledge - INFO - Processing batch of 6 files
2026-02-05 18:45:47,386 - Knowledge - INFO - Processing batch of 6 files
2026-02-05 18:45:47,387 - Knowledge - INFO - Processing batch of 6 files
2026-02-05 18:45:47,395 - Knowledge - INFO - Batch sizing: calculated=6, max_allowed=10, queue=222, active_workers=20/20
2026-02-05 18:45:47,431 - Knowledge - INFO - Processing batch of 6 files
2026-02-05 18:45:47,432 - Knowledge - INFO - Processing batch of 6 files
2026-02-05 18:45:47,435 - Knowledge - INFO - Processing batch of 6 files
2026-02-05 18:45:47,435 - Knowledge - INFO - Processing batch of 6 files
2026-02-05 18:45:47,478 - Knowledge - INFO - Batch sizing: calculated=6, max_allowed=10, queue=222, active_workers=20/20
2026-02-05 18:45:47,561 - Knowledge - INFO - Batch sizing: calculated=6, max_allowed=10, queue=222, active_workers=20/20
2026-02-05 18:45:47,762 - Knowledge - INFO - Async storing batch of 6 embeddings
2026-02-05 18:45:47,837 - Knowledge - INFO - Async storing batch of 6 embeddings
2026-02-05 18:45:47,919 - Knowledge - INFO - Async storing batch of 6 embeddings
2026-02-05 18:45:47,992 - Knowledge - INFO - [kw9] Queue=198, InProgress=0, PendingWorkers=20/20, Completed=846/1086 (77.9%)
2026-02-05 18:45:48,100 - Knowledge - INFO - Worker kw5 processing /app/data/T0015/315875/b34046x/arccore-315875/boards/stm32_stm3210c/examples/com_simple/config/Com_PbCfg.c
2026-02-05 18:45:48,114 - Knowledge - INFO - Async storage completed for 6 embeddings
2026-02-05 18:45:48,210 - Knowledge - INFO - Batch sizing: calculated=6, max_allowed=10, queue=216, active_workers=20/20
2026-02-05 18:45:48,312 - Knowledge - INFO - process ingested knowledge for /app/data/T0015/315875/b34046x/arccore-315875/boards/mpc5604b_trk/examples/os_simple/config/Os_Cfg.h
2026-02-05 18:45:48,407 - Knowledge - INFO - process ingested knowledge for /app/data/T0015/315875/b34046x/arccore-315875/boards/mpc5516it/examples/led_rte/config/Dio_Cfg.h
2026-02-05 18:45:48,527 - Knowledge - INFO - process ingested knowledge for /app/data/T0015/315875/b34046x/arccore-315875/boards/mpc5516it/examples/led_rte/config/Rte_Type.h
2026-02-05 18:45:48,609 - Knowledge - INFO - process ingested knowledge for /app/data/T0015/315875/b34046x/arccore-315875/boards/mpc5516it/examples/led_rte/config/EcuM.mk
2026-02-05 18:45:48,718 - Knowledge - INFO - Async storing batch of 6 embeddings
2026-02-05 18:45:48,736 - Knowledge - INFO - Async storage completed for 6 embeddings
2026-02-05 18:45:48,817 - Knowledge - INFO - process ingested knowledge for /app/data/T0015/315875/b34046x/arccore-315875/boards/mpc5604b_trk/config/Wdg_Lcfg.c
2026-02-05 18:45:48,931 - Knowledge - INFO - process ingested knowledge for /app/data/T0015/315875/b34046x/arccore-315875/boards/mpc5516it/examples/led_rte/config/Rte_led_rte_ecuc_mpc5516_IoHwAbComponentType.h
2026-02-05 18:45:49,008 - Knowledge - INFO - process ingested knowledge for /app/data/T0015/315875/b34046x/arccore-315875/boards/mpc5516it/examples/os_simple/config/EcuM_PBcfg.c
2026-02-05 18:45:49,124 - Knowledge - INFO - process ingested knowledge for /app/data/T0015/315875/b34046x/arccore-315875/boards/mpc5516it/examples/led_rte/config/EcuM_Cfg.h
2026-02-05 18:45:49,253 - Knowledge - INFO - Async storing batch of 6 embeddings
2026-02-05 18:45:49,345 - Knowledge - INFO - Async storing batch of 6 embeddings
2026-02-05 18:45:49,424 - Knowledge - INFO - Worker kw20 processing /app/data/T0015/315875/b34046x/arccore-315875/boards/stm32_stm3210c/examples/com_simple/config/Can_Cfg.h
2026-02-05 18:45:49,538 - Knowledge - INFO - Worker kw6 processing /app/data/T0015/315875/b34046x/arccore-315875/boards/stm32_stm3210c/examples/os_simple/config/Os_Cfg.c
2026-02-05 18:45:49,653 - Knowledge - INFO - Worker kw15 processing /app/data/T0015/315875/b34046x/arccore-315875/boards/generic/Dcm_LCfg.c
2026-02-05 18:45:49,769 - Knowledge - INFO - Batch sizing: calculated=5, max_allowed=10, queue=198, active_workers=20/20
2026-02-05 18:45:49,881 - Knowledge - INFO - Worker kw5 processing /app/data/T0015/315875/b34046x/arccore-315875/boards/stm32_stm3210c/examples/com_simple/config/Mcu_Cfg.c
2026-02-05 18:45:50,046 - Knowledge - INFO - Async storing batch of 6 embeddings
2026-02-05 18:45:50,124 - Knowledge - INFO - process ingested knowledge for /app/data/T0015/315875/b34046x/arccore-315875/boards/mpc5604b_trk/examples/os_simple/config/EcuM_Cfg.h
2026-02-05 18:45:50,224 - Knowledge - INFO - process ingested knowledge for /app/data/T0015/315875/b34046x/arccore-315875/boards/mpc5516it/examples/led_rte/config/IoHwAb_Analog.h
2026-02-05 18:45:50,309 - Knowledge - INFO - process ingested knowledge for /app/data/T0015/315875/b34046x/arccore-315875/boards/mpc5516it/examples/led_rte/config/Rte_Data.h
2026-02-05 18:45:50,402 - Knowledge - INFO - process ingested knowledge for /app/data/T0015/315875/b34046x/arccore-315875/boards/mpc5516it/examples/led_rte/config/Rte_led_rte_ecuc_mpc5516_IoHwAbComponentType_Internal.h
2026-02-05 18:45:50,520 - Knowledge - INFO - Worker kw18 processing /app/data/T0015/315875/b34046x/arccore-315875/boards/generic/Dem_IntEvtId.h
2026-02-05 18:45:50,924 - Knowledge - INFO - process ingested knowledge for /app/data/T0015/315875/b34046x/arccore-315875/boards/mpc5604b_trk/config/Fls_Cfg.c
2026-02-05 18:45:50,999 - Knowledge - INFO - [LLM_CALL] Completed: EcuM_PBcfg.c:chunk1, Duration: 5881ms, PromptTokens: 2912, CompletionTokens: 259, Cost: $0.00039
2026-02-05 18:45:51,005 - Knowledge - INFO - process ingested knowledge for /app/data/T0015/315875/b34046x/arccore-315875/boards/mpc5516it/examples/led_rte/config/Rte.c
2026-02-05 18:45:51,388 - Knowledge - INFO - process ingested knowledge for /app/data/T0015/315875/b34046x/arccore-315875/boards/mpc5516it/examples/os_simple/config/Os_Cfg.c
2026-02-05 18:45:51,515 - Knowledge - INFO - process ingested knowledge for /app/data/T0015/315875/b34046x/arccore-315875/boards/mpc5516it/examples/led_rte/IoHwAb.c
2026-02-05 18:45:51,597 - Knowledge - INFO - Worker kw4 processing /app/data/T0015/315875/b34046x/arccore-315875/boards/generic/CanTp_Cfg.c
2026-02-05 18:45:51,700 - Knowledge - INFO - Worker kw7 processing /app/data/T0015/315875/b34046x/arccore-315875/boards/generic/Crc_Cfg.h
2026-02-05 18:45:51,794 - Knowledge - INFO - Worker kw20 processing /app/data/T0015/315875/b34046x/arccore-315875/boards/stm32_stm3210c/examples/com_simple/config/EcuM_Cfg.h
2026-02-05 18:45:51,881 - Knowledge - INFO - Worker kw6 processing /app/data/T0015/315875/b34046x/arccore-315875/boards/stm32_stm3210c/examples/os_simple/config/Mcu_Cfg.h
2026-02-05 18:45:51,976 - Knowledge - INFO - Fast-tracked /app/data/T0015/315875/b34046x/arccore-315875/boards/generic/Dcm_LCfg.c (ext=.c, size=1856)
2026-02-05 18:45:52,124 - Knowledge - INFO - Fast-tracked /app/data/T0015/315875/b34046x/arccore-315875/boards/stm32_stm3210c/examples/com_simple/config/Mcu_Cfg.c (ext=.c, size=1291)
2026-02-05 18:45:52,233 - Knowledge - INFO - Worker kw3 processing /app/data/T0015/315875/b34046x/arccore-315875/boards/generic/EcuM_Cfg.h
2026-02-05 18:45:52,307 - Knowledge - INFO - process ingested knowledge for /app/data/T0015/315875/b34046x/arccore-315875/boards/mpc5604b_trk/examples/os_simple/build_config.mk
2026-02-05 18:45:52,422 - Knowledge - INFO - process ingested knowledge for /app/data/T0015/315875/b34046x/arccore-315875/boards/mpc5516it/examples/led_rte/config/Rte.mk
2026-02-05 18:45:52,513 - Knowledge - INFO - process ingested knowledge for /app/data/T0015/315875/b34046x/arccore-315875/boards/mpc5516it/examples/led_rte/config/Mcu_Cfg.h
2026-02-05 18:45:52,622 - Knowledge - INFO - process ingested knowledge for /app/data/T0015/315875/b34046x/arccore-315875/boards/mpc5516it/examples/led_rte/config/IoHwAb_Digital.c
2026-02-05 18:45:52,703 - Knowledge - INFO - Fast-tracked /app/data/T0015/315875/b34046x/arccore-315875/boards/generic/Dem_IntEvtId.h (ext=.h, size=1183)
2026-02-05 18:45:52,781 - Knowledge - INFO - process ingested knowledge for /app/data/T0015/315875/b34046x/arccore-315875/boards/mpc5604b_trk/config/Wdg_Cfg.h
2026-02-05 18:45:52,864 - Knowledge - INFO - done ingest for /app/data/T0015/315875/b34046x/arccore-315875/boards/mpc5604b_trk/examples/os_simple/config/EcuM_PBcfg.c
2026-02-05 18:45:52,865 - Knowledge - INFO - Async storing batch of 6 embeddings
2026-02-05 18:45:52,974 - Knowledge - INFO - process ingested knowledge for /app/data/T0015/315875/b34046x/arccore-315875/boards/mpc5516it/examples/led_rte/config/Rte_EcuAbstraction.c
2026-02-05 18:45:53,082 - Knowledge - INFO - process ingested knowledge for /app/data/T0015/315875/b34046x/arccore-315875/boards/mpc5516it/examples/os_simple/config/Det_Cfg.h
2026-02-05 18:45:53,168 - Knowledge - INFO - process ingested knowledge for /app/data/T0015/315875/b34046x/arccore-315875/boards/mpc5516it/examples/led_rte/build_config.mk
2026-02-05 18:45:53,291 - Knowledge - INFO - Worker kw4 processing /app/data/T0015/315875/b34046x/arccore-315875/boards/generic/Calibration_Settings.h
2026-02-05 18:45:53,431 - Knowledge - INFO - Fast-tracked /app/data/T0015/315875/b34046x/arccore-315875/boards/generic/Crc_Cfg.h (ext=.h, size=110)
2026-02-05 18:45:53,527 - Knowledge - INFO - Fast-tracked /app/data/T0015/315875/b34046x/arccore-315875/boards/stm32_stm3210c/examples/com_simple/config/EcuM_Cfg.h (ext=.h, size=1368)
2026-02-05 18:45:53,600 - Knowledge - INFO - Fast-tracked /app/data/T0015/315875/b34046x/arccore-315875/boards/stm32_stm3210c/examples/os_simple/config/Mcu_Cfg.h (ext=.h, size=1027)
2026-02-05 18:45:53,697 - Knowledge - INFO - Worker kw15 processing /app/data/T0015/315875/b34046x/arccore-315875/boards/generic/Fee_Cfg.c
2026-02-05 18:45:53,780 - Knowledge - INFO - Worker kw5 processing /app/data/T0015/315875/b34046x/arccore-315875/boards/stm32_stm3210c/examples/com_simple/config/Port_Cfg.c
2026-02-05 18:45:53,860 - Knowledge - INFO - Fast-tracked /app/data/T0015/315875/b34046x/arccore-315875/boards/generic/EcuM_Cfg.h (ext=.h, size=1016)
2026-02-05 18:45:53,950 - Knowledge - INFO - process ingested knowledge for /app/data/T0015/315875/b34046x/arccore-315875/boards/stm32_stm3210c/board_info.txt
2026-02-05 18:45:54,064 - Knowledge - INFO - process ingested knowledge for /app/data/T0015/315875/b34046x/arccore-315875/boards/mpc5516it/examples/led_rte/config/Rte_Data.c
2026-02-05 18:45:54,177 - Knowledge - INFO - process ingested knowledge for /app/data/T0015/315875/b34046x/arccore-315875/boards/mpc5516it/examples/led_rte/config/Port_Cfg.h
2026-02-05 18:45:54,249 - Knowledge - INFO - process ingested knowledge for /app/data/T0015/315875/b34046x/arccore-315875/boards/mpc5516it/examples/led_rte/config/Dio_Lcfg.c
2026-02-05 18:45:54,339 - Knowledge - INFO - Worker kw18 processing /app/data/T0015/315875/b34046x/arccore-315875/boards/generic/Ea_Lcfg.c
2026-02-05 18:45:54,350 - Knowledge - INFO - [LLM_CALL] Completed: Os_Cfg.c:chunk1, Duration: 7545ms, PromptTokens: 2812, CompletionTokens: 268, Cost: $0.00039
2026-02-05 18:45:54,475 - Knowledge - INFO - process ingested knowledge for /app/data/T0015/315875/b34046x/arccore-315875/boards/mpc5604b_trk/config/Eep_Cfg.h
2026-02-05 18:45:54,698 - Knowledge - INFO - Worker kw9 processing /app/data/T0015/315875/b34046x/arccore-315875/boards/stm32_mcbstm32/examples/os_simple/config/Mcu_Cfg.h
2026-02-05 18:45:54,787 - Knowledge - INFO - process ingested knowledge for /app/data/T0015/315875/b34046x/arccore-315875/boards/mpc5516it/examples/led_rte/config/Rte_Blinker.c
2026-02-05 18:45:54,871 - Knowledge - INFO - process ingested knowledge for /app/data/T0015/315875/b34046x/arccore-315875/boards/mpc5516it/examples/os_simple/config/Mcu_Cfg.h
2026-02-05 18:45:54,955 - Knowledge - INFO - process ingested knowledge for /app/data/T0015/315875/b34046x/arccore-315875/boards/mpc5516it/examples/led_rte/Tasks.c
2026-02-05 18:45:55,064 - Knowledge - INFO - Fast-tracked /app/data/T0015/315875/b34046x/arccore-315875/boards/generic/Calibration_Settings.h (ext=.h, size=170)
2026-02-05 18:45:55,143 - Knowledge - INFO - Worker kw7 processing /app/data/T0015/315875/b34046x/arccore-315875/boards/generic/MemIf_Cfg.h
2026-02-05 18:45:55,264 - Knowledge - INFO - Worker kw20 processing /app/data/T0015/315875/b34046x/arccore-315875/boards/stm32_stm3210c/examples/com_simple/build_config.mk
2026-02-05 18:45:55,386 - Knowledge - INFO - Worker kw6 processing /app/data/T0015/315875/b34046x/arccore-315875/boards/stm32_stm3210c/examples/os_simple/config/Mcu_Cfg.c
2026-02-05 18:45:55,482 - Knowledge - INFO - Fast-tracked /app/data/T0015/315875/b34046x/arccore-315875/boards/generic/Fee_Cfg.c (ext=.c, size=640)
2026-02-05 18:45:55,562 - Knowledge - INFO - Worker kw5 processing /app/data/T0015/315875/b34046x/arccore-315875/boards/stm32_stm3210c/examples/com_simple/config/PduR_PbCfg.c
2026-02-05 18:45:55,669 - Knowledge - INFO - Worker kw3 processing /app/data/T0015/315875/b34046x/arccore-315875/boards/stm32_mcbstm32/board_info.txt
2026-02-05 18:45:55,749 - Knowledge - INFO - process ingested knowledge for /app/data/T0015/315875/b34046x/arccore-315875/boards/stm32_stm3210c/build_config.mk
2026-02-05 18:45:55,821 - Knowledge - INFO - process ingested knowledge for /app/data/T0015/315875/b34046x/arccore-315875/boards/mpc5516it/examples/led_rte/config/Mcu_Cfg.c
2026-02-05 18:45:55,924 - Knowledge - INFO - process ingested knowledge for /app/data/T0015/315875/b34046x/arccore-315875/boards/mpc5516it/examples/led_rte/config/Calibration_Settings.h
2026-02-05 18:45:56,041 - Knowledge - INFO - process ingested knowledge for /app/data/T0015/315875/b34046x/arccore-315875/boards/mpc5516it/examples/led_rte/config/IoHwAb_Analog.c
2026-02-05 18:45:56,162 - Knowledge - INFO - Fast-tracked /app/data/T0015/315875/b34046x/arccore-315875/boards/generic/Ea_Lcfg.c (ext=.c, size=1298)
2026-02-05 18:45:56,258 - Knowledge - INFO - done ingest for /app/data/T0015/315875/b34046x/arccore-315875/boards/stm32_stm3210c/examples/com_simple/config/Os_Cfg.c
2026-02-05 18:45:56,258 - Knowledge - INFO - done ingest for /app/data/T0015/315875/b34046x/arccore-315875/boards/mpc5604b_trk/examples/os_simple/config/Os_Cfg.c
2026-02-05 18:45:56,259 - Knowledge - INFO - [LLM_CALL] Completed: CanIf_Cfg.c:chunk1, Duration: 9751ms, PromptTokens: 3688, CompletionTokens: 245, Cost: $0.00047
2026-02-05 18:45:56,339 - Knowledge - INFO - process ingested knowledge for /app/data/T0015/315875/b34046x/arccore-315875/boards/mpc5604b_trk/board_info.txt
2026-02-05 18:45:56,425 - Knowledge - INFO - Fast-tracked /app/data/T0015/315875/b34046x/arccore-315875/boards/stm32_mcbstm32/examples/os_simple/config/Mcu_Cfg.h (ext=.h, size=1020)
2026-02-05 18:45:56,526 - Knowledge - INFO - process ingested knowledge for /app/data/T0015/315875/b34046x/arccore-315875/boards/mpc5516it/examples/led_rte/config/Os_Cfg.c
2026-02-05 18:45:56,602 - Knowledge - INFO - process ingested knowledge for /app/data/T0015/315875/b34046x/arccore-315875/boards/mpc5516it/examples/os_simple/config/Port_Cfg.h
2026-02-05 18:45:56,682 - Knowledge - INFO - process ingested knowledge for /app/data/T0015/315875/b34046x/arccore-315875/boards/mpc5604b_trk/config/Fls_Cfg.h
2026-02-05 18:45:56,771 - Knowledge - INFO - Worker kw4 processing /app/data/T0015/315875/b34046x/arccore-315875/boards/generic/NvM_Cfg.c
2026-02-05 18:45:56,889 - Knowledge - INFO - Fast-tracked /app/data/T0015/315875/b34046x/arccore-315875/boards/generic/MemIf_Cfg.h (ext=.h, size=1457)
2026-02-05 18:45:56,976 - Knowledge - INFO - Fast-tracked /app/data/T0015/315875/b34046x/arccore-315875/boards/stm32_stm3210c/examples/com_simple/build_config.mk (ext=.mk, size=241)
2026-02-05 18:45:57,053 - Knowledge - INFO - Fast-tracked /app/data/T0015/315875/b34046x/arccore-315875/boards/stm32_stm3210c/examples/os_simple/config/Mcu_Cfg.c (ext=.c, size=1291)
2026-02-05 18:45:57,137 - Knowledge - INFO - Worker kw15 processing /app/data/T0015/315875/b34046x/arccore-315875/boards/generic/SchM_cfg.h
2026-02-05 18:45:57,228 - Knowledge - INFO - Worker kw5 processing /app/data/T0015/315875/b34046x/arccore-315875/boards/stm32_stm3210c/examples/com_simple/config/CanIf_SpecialPdus.h
2026-02-05 18:45:57,321 - Knowledge - INFO - Fast-tracked /app/data/T0015/315875/b34046x/arccore-315875/boards/stm32_mcbstm32/board_info.txt (ext=.txt, size=522)
2026-02-05 18:45:57,440 - Knowledge - INFO - process ingested knowledge for /app/data/T0015/315875/b34046x/arccore-315875/boards/stm32_stm3210c/examples/com_simple/config/EcuM.mk
2026-02-05 18:45:57,534 - Knowledge - INFO - process ingested knowledge for /app/data/T0015/315875/b34046x/arccore-315875/boards/mpc5516it/examples/led_rte/config/Port_Cfg.c
2026-02-05 18:45:57,643 - Knowledge - INFO - process ingested knowledge for /app/data/T0015/315875/b34046x/arccore-315875/boards/mpc5516it/examples/led_rte/config/IoHwAb_Pwm.c
2026-02-05 18:45:57,736 - Knowledge - INFO - process ingested knowledge for /app/data/T0015/315875/b34046x/arccore-315875/boards/mpc5516it/examples/led_rte/config/EcuM_PBcfg.c
2026-02-05 18:45:57,821 - Knowledge - INFO - Worker kw18 processing /app/data/T0015/315875/b34046x/arccore-315875/boards/generic/Det_Cfg.h
2026-02-05 18:45:58,140 - Knowledge - INFO - done ingest for /app/data/T0015/315875/b34046x/arccore-315875/boards/stm32_stm3210c/examples/com_simple/config/CanIf_Cfg.c
2026-02-05 18:45:58,142 - Knowledge - INFO - done ingest for /app/data/T0015/315875/b34046x/arccore-315875/boards/stm32_stm3210c/examples/com_simple/config/EcuM_PBcfg.c
2026-02-05 18:45:58,172 - Knowledge - INFO - Processing batch of 6 files
2026-02-05 18:45:58,249 - Knowledge - INFO - process ingested knowledge for /app/data/T0015/315875/b34046x/arccore-315875/boards/mpc5604b_trk/build_config.mk
2026-02-05 18:45:58,358 - Knowledge - INFO - Worker kw9 processing /app/data/T0015/315875/b34046x/arccore-315875/boards/stm32_mcbstm32/examples/os_simple/config/Mcu_Cfg.c
2026-02-05 18:45:58,444 - Knowledge - INFO - process ingested knowledge for /app/data/T0015/315875/b34046x/arccore-315875/boards/mpc5516it/examples/led_rte/config/Det_Cfg.h
2026-02-05 18:45:58,512 - Knowledge - INFO - process ingested knowledge for /app/data/T0015/315875/b34046x/arccore-315875/boards/mpc5516it/examples/os_simple/config/Dio_Cfg.h
2026-02-05 18:45:58,600 - Knowledge - INFO - process ingested knowledge for /app/data/T0015/315875/b34046x/arccore-315875/boards/mpc5604b_trk/config/Eep_Lcfg.c
2026-02-05 18:45:58,717 - Knowledge - INFO - Fast-tracked /app/data/T0015/315875/b34046x/arccore-315875/boards/generic/NvM_Cfg.c (ext=.c, size=566)
2026-02-05 18:45:58,797 - Knowledge - INFO - Worker kw7 processing /app/data/T0015/315875/b34046x/arccore-315875/boards/generic/Ea_Cfg.h
2026-02-05 18:45:58,900 - Knowledge - INFO - Worker kw20 processing /app/data/T0015/315875/b34046x/arccore-315875/boards/stm32_stm3210c/examples/com_simple/Tasks.c
2026-02-05 18:45:59,003 - Knowledge - INFO - Worker kw6 processing /app/data/T0015/315875/b34046x/arccore-315875/boards/stm32_stm3210c/examples/os_simple/config/Os_Cfg.h
2026-02-05 18:45:59,081 - Knowledge - INFO - Worker kw15 processing /app/data/T0015/315875/b34046x/arccore-315875/boards/generic/Dcm_Callout_Stubs.c
2026-02-05 18:45:59,160 - Knowledge - INFO - Fast-tracked /app/data/T0015/315875/b34046x/arccore-315875/boards/stm32_stm3210c/examples/com_simple/config/CanIf_SpecialPdus.h (ext=.h, size=535)
2026-02-05 18:45:59,229 - Knowledge - INFO - Worker kw3 processing /app/data/T0015/315875/b34046x/arccore-315875/boards/stm32_mcbstm32/build_config.mk
2026-02-05 18:45:59,636 - Knowledge - INFO - Fast-tracked /app/data/T0015/315875/b34046x/arccore-315875/boards/generic/Det_Cfg.h (ext=.h, size=1567)
2026-02-05 18:45:59,913 - Knowledge - INFO - process ingested knowledge for /app/data/T0015/315875/b34046x/arccore-315875/boards/mpc5604b_trk/examples/os_simple/config/EcuM.mk
2026-02-05 18:46:00,066 - Knowledge - INFO - Fast-tracked /app/data/T0015/315875/b34046x/arccore-315875/boards/stm32_mcbstm32/examples/os_simple/config/Mcu_Cfg.c (ext=.c, size=1232)
2026-02-05 18:46:00,457 - Knowledge - INFO - Worker kw4 processing /app/data/T0015/315875/b34046x/arccore-315875/boards/generic/Dcm_Cfg.h
2026-02-05 18:46:00,552 - Knowledge - INFO - Worker kw7 processing /app/data/T0015/315875/b34046x/arccore-315875/boards/generic/CanTp_Cfg.h
2026-02-05 18:46:00,674 - Knowledge - INFO - Worker kw20 processing /app/data/T0015/315875/b34046x/arccore-315875/boards/stm32_stm3210c/examples/os_simple/config/EcuM.mk
2026-02-05 18:46:00,752 - Knowledge - INFO - Worker kw6 processing /app/data/T0015/315875/b34046x/arccore-315875/boards/stm32_stm3210c/examples/os_simple/config/EcuM_Cfg.h
2026-02-05 18:46:00,864 - Knowledge - INFO - Fast-tracked /app/data/T0015/315875/b34046x/arccore-315875/boards/generic/Dcm_Callout_Stubs.c (ext=.c, size=1910)
2026-02-05 18:46:00,983 - Knowledge - INFO - Worker kw5 processing /app/data/T0015/315875/b34046x/arccore-315875/boards/stm32_stm3210c/examples/com_simple/config/Os_Cfg.h
2026-02-05 18:46:01,080 - Knowledge - INFO - Fast-tracked /app/data/T0015/315875/b34046x/arccore-315875/boards/stm32_mcbstm32/build_config.mk (ext=.mk, size=1310)
2026-02-05 18:46:01,183 - Knowledge - INFO - Worker kw18 processing /app/data/T0015/315875/b34046x/arccore-315875/boards/generic/Dem_LCfg.c
2026-02-05 18:46:01,352 - Knowledge - INFO - Worker kw9 processing /app/data/T0015/315875/b34046x/arccore-315875/boards/stm32_mcbstm32/examples/os_simple/config/Os_Cfg.h
2026-02-05 18:46:01,401 - Knowledge - INFO - [WEBSOCKET] Sent: Type=progress_update, Size: 292, Duration: 0ms
2026-02-05 18:46:01,427 - Knowledge - INFO - Fast-tracked /app/data/T0015/315875/b34046x/arccore-315875/boards/generic/Dcm_Cfg.h (ext=.h, size=1552)
2026-02-05 18:46:01,522 - Knowledge - INFO - Fast-tracked /app/data/T0015/315875/b34046x/arccore-315875/boards/generic/CanTp_Cfg.h (ext=.h, size=1460)
2026-02-05 18:46:01,616 - Knowledge - INFO - Fast-tracked /app/data/T0015/315875/b34046x/arccore-315875/boards/stm32_stm3210c/examples/os_simple/config/EcuM.mk (ext=.mk, size=33)
2026-02-05 18:46:01,699 - Knowledge - INFO - process ingested knowledge for /app/data/T0015/315875/b34046x/arccore-315875/boards/mpc5604b_trk/examples/os_simple/config/EcuM_PBcfg.c
2026-02-05 18:46:01,707 - Knowledge - INFO - Fast-tracked /app/data/T0015/315875/b34046x/arccore-315875/boards/stm32_stm3210c/examples/os_simple/config/EcuM_Cfg.h (ext=.h, size=1368)
2026-02-05 18:46:01,816 - Knowledge - INFO - Worker kw15 processing /app/data/T0015/315875/b34046x/arccore-315875/boards/generic/EcuM_PBcfg.c
2026-02-05 18:46:02,057 - Knowledge - INFO - Worker kw3 processing /app/data/T0015/315875/b34046x/arccore-315875/boards/stm32_mcbstm32/examples/os_simple/config/EcuM.mk
2026-02-05 18:46:02,139 - Knowledge - INFO - Fast-tracked /app/data/T0015/315875/b34046x/arccore-315875/boards/generic/Dem_LCfg.c (ext=.c, size=1668)
2026-02-05 18:46:02,265 - Knowledge - INFO - Worker kw9 processing /app/data/T0015/315875/b34046x/arccore-315875/boards/stm32_mcbstm32/examples/os_simple/config/EcuM_Cfg.h
2026-02-05 18:46:02,358 - Knowledge - INFO - [WEBSOCKET] Sent: Type=unknown, Size: ?, Duration: 956ms
2026-02-05 18:46:02,479 - Knowledge - INFO - Worker kw4 processing /app/data/T0015/315875/b34046x/arccore-315875/boards/generic/Fee_Cfg.h
2026-02-05 18:46:02,572 - Knowledge - INFO - Worker kw7 processing /app/data/T0015/315875/b34046x/arccore-315875/boards/generic/Dem_Cfg.h
2026-02-05 18:46:02,620 - Knowledge - INFO - [kw16] Queue=169, InProgress=0, PendingWorkers=20/20, Completed=863/1086 (79.5%)
2026-02-05 18:46:02,649 - Knowledge - INFO - Worker kw20 processing /app/data/T0015/315875/b34046x/arccore-315875/boards/stm32_stm3210c/examples/os_simple/config/EcuM_PBcfg.c
2026-02-05 18:46:02,833 - Knowledge - INFO - Worker kw6 processing /app/data/T0015/315875/b34046x/arccore-315875/boards/stm32_stm3210c/examples/os_simple/build_config.mk
2026-02-05 18:46:02,910 - Knowledge - INFO - Worker kw15 processing /app/data/T0015/315875/b34046x/arccore-315875/boards/generic/Dem_IntErrId.h
2026-02-05 18:46:02,918 - Knowledge - INFO - process ingested knowledge for /app/data/T0015/315875/b34046x/arccore-315875/boards/mpc5604b_trk/examples/os_simple/config/Os_Cfg.c
2026-02-05 18:46:03,019 - Knowledge - INFO - Fast-tracked /app/data/T0015/315875/b34046x/arccore-315875/boards/stm32_mcbstm32/examples/os_simple/config/EcuM.mk (ext=.mk, size=33)
2026-02-05 18:46:03,088 - Knowledge - INFO - Worker kw18 processing /app/data/T0015/315875/b34046x/arccore-315875/boards/generic/Mcu_Arc_Cfg.c
2026-02-05 18:46:03,170 - Knowledge - INFO - Fast-tracked /app/data/T0015/315875/b34046x/arccore-315875/boards/stm32_mcbstm32/examples/os_simple/config/EcuM_Cfg.h (ext=.h, size=1368)
2026-02-05 18:46:03,268 - Knowledge - INFO - Progress: 79.3% | Files: 863/1086 | Rate: 1.66 files/sec | Queue: 169
2026-02-05 18:46:03,268 - Knowledge - INFO - [kw14] Queue=169, InProgress=0, PendingWorkers=20/20, Completed=863/1086 (79.5%)
2026-02-05 18:46:03,271 - Knowledge - INFO - [kw1] Queue=169, InProgress=0, PendingWorkers=20/20, Completed=864/1086 (79.6%)
2026-02-05 18:46:03,271 - Knowledge - INFO - [kw12] Queue=169, InProgress=0, PendingWorkers=20/20, Completed=864/1086 (79.6%)
2026-02-05 18:46:03,271 - Knowledge - INFO - [kw8] Queue=169, InProgress=0, PendingWorkers=20/20, Completed=864/1086 (79.6%)
2026-02-05 18:46:03,271 - Knowledge - INFO - [kw2] Queue=169, InProgress=0, PendingWorkers=20/20, Completed=864/1086 (79.6%)
2026-02-05 18:46:03,272 - Knowledge - INFO - [kw10] Queue=169, InProgress=0, PendingWorkers=20/20, Completed=864/1086 (79.6%)
2026-02-05 18:46:03,303 - Knowledge - INFO - Processing batch of 6 files
2026-02-05 18:46:03,303 - Knowledge - INFO - Processing batch of 6 files
2026-02-05 18:46:03,379 - Knowledge - INFO - Fast-tracked /app/data/T0015/315875/b34046x/arccore-315875/boards/generic/Fee_Cfg.h (ext=.h, size=716)
2026-02-05 18:46:03,506 - Knowledge - INFO - Worker kw7 processing /app/data/T0015/315875/b34046x/arccore-315875/boards/generic/Mcu_Arc_Cfg.h
2026-02-05 18:46:03,587 - Knowledge - INFO - Batch sizing: calculated=5, max_allowed=10, queue=169, active_workers=20/20
2026-02-05 18:46:03,752 - Knowledge - INFO - Fast-tracked /app/data/T0015/315875/b34046x/arccore-315875/boards/stm32_stm3210c/examples/os_simple/build_config.mk (ext=.mk, size=257)
2026-02-05 18:46:03,835 - Knowledge - INFO - Fast-tracked /app/data/T0015/315875/b34046x/arccore-315875/boards/generic/SchM_cfg.h (small file (2848 bytes))
2026-02-05 18:46:03,921 - Knowledge - INFO - process ingested knowledge for /app/data/T0015/315875/b34046x/arccore-315875/boards/mpc5604b_trk/examples/os_simple/config/Det_Cfg.h
2026-02-05 18:46:04,028 - Knowledge - INFO - Worker kw3 processing /app/data/T0015/315875/b34046x/arccore-315875/boards/stm32_mcbstm32/examples/os_simple/config/EcuM_PBcfg.c
2026-02-05 18:46:04,110 - Knowledge - INFO - Fast-tracked /app/data/T0015/315875/b34046x/arccore-315875/boards/generic/Mcu_Arc_Cfg.c (ext=.c, size=1165)
2026-02-05 18:46:04,187 - Knowledge - INFO - Worker kw9 processing /app/data/T0015/315875/b34046x/arccore-315875/boards/stm32_mcbstm32/examples/os_simple/build_config.mk
2026-02-05 18:46:04,276 - Knowledge - INFO - [kw13] Queue=169, InProgress=0, PendingWorkers=20/20, Completed=864/1086 (79.6%)
2026-02-05 18:46:04,398 - Knowledge - INFO - Batch sizing: calculated=5, max_allowed=10, queue=169, active_workers=20/20
2026-02-05 18:46:04,475 - Knowledge - INFO - Batch sizing: calculated=5, max_allowed=10, queue=169, active_workers=20/20
2026-02-05 18:46:04,580 - Knowledge - INFO - Batch sizing: calculated=5, max_allowed=10, queue=169, active_workers=20/20
2026-02-05 18:46:04,685 - Knowledge - INFO - Batch sizing: calculated=5, max_allowed=10, queue=169, active_workers=20/20
2026-02-05 18:46:04,767 - Knowledge - INFO - Batch sizing: calculated=5, max_allowed=10, queue=169, active_workers=20/20
2026-02-05 18:46:04,870 - Knowledge - INFO - Batch sizing: calculated=5, max_allowed=10, queue=169, active_workers=20/20
2026-02-05 18:46:04,943 - Knowledge - INFO - process ingested knowledge for /app/data/T0015/315875/b34046x/arccore-315875/boards/stm32_stm3210c/examples/com_simple/config/Mcu_Cfg.h
2026-02-05 18:46:05,022 - Knowledge - INFO - process ingested knowledge for /app/data/T0015/315875/b34046x/arccore-315875/boards/stm32_stm3210c/examples/com_simple/config/PduR_Cfg.h
2026-02-05 18:46:05,105 - Knowledge - INFO - Worker kw4 processing /app/data/T0015/315875/b34046x/arccore-315875/boards/generic/Fee_Memory_Cfg.h
2026-02-05 18:46:05,225 - Knowledge - INFO - Fast-tracked /app/data/T0015/315875/b34046x/arccore-315875/boards/generic/Mcu_Arc_Cfg.h (ext=.h, size=1311)
2026-02-05 18:46:05,313 - Knowledge - INFO - Async storing batch of 6 embeddings
2026-02-05 18:46:05,487 - Knowledge - INFO - Fast-tracked /app/data/T0015/315875/b34046x/arccore-315875/boards/stm32_stm3210c/examples/com_simple/Tasks.c (small file (2756 bytes))
2026-02-05 18:46:05,543 - Knowledge - INFO - Fast-tracked /app/data/T0015/315875/b34046x/arccore-315875/boards/generic/EcuM_PBcfg.c (small file (2543 bytes))
2026-02-05 18:46:05,652 - Knowledge - INFO - process ingested knowledge for /app/data/T0015/315875/b34046x/arccore-315875/boards/mpc5604b_trk/examples/os_simple/config/Mcu_Cfg.h
2026-02-05 18:46:05,773 - Knowledge - INFO - Worker kw3 processing /app/data/T0015/315875/b34046x/arccore-315875/boards/stm32_mcbstm32/examples/os_simple/config/Os_Cfg.c
2026-02-05 18:46:05,840 - Knowledge - INFO - Worker kw18 processing /app/data/T0015/315875/b34046x/arccore-315875/boards/generic/NvM_Cfg.h
2026-02-05 18:46:05,918 - Knowledge - INFO - Fast-tracked /app/data/T0015/315875/b34046x/arccore-315875/boards/stm32_stm3210c/examples/com_simple/config/PduR_PbCfg.c (small file (2192 bytes))
2026-02-05 18:46:05,925 - Knowledge - INFO - Fast-tracked /app/data/T0015/315875/b34046x/arccore-315875/boards/stm32_mcbstm32/examples/os_simple/build_config.mk (ext=.mk, size=241)
2026-02-05 18:46:06,013 - Knowledge - INFO - Batch sizing: calculated=5, max_allowed=10, queue=169, active_workers=20/20
2026-02-05 18:46:06,129 - Knowledge - INFO - Async storing batch of 6 embeddings
2026-02-05 18:46:06,207 - Knowledge - INFO - Async storing batch of 6 embeddings
2026-02-05 18:46:06,319 - Knowledge - INFO - Async storing batch of 6 embeddings
2026-02-05 18:46:06,438 - Knowledge - INFO - Async storing batch of 6 embeddings
2026-02-05 18:46:06,488 - Knowledge - INFO - Fast-tracked /app/data/T0015/315875/b34046x/arccore-315875/boards/stm32_stm3210c/examples/os_simple/config/Os_Cfg.h (small file (2974 bytes))
2026-02-05 18:46:06,553 - Knowledge - INFO - Async storing batch of 6 embeddings
2026-02-05 18:46:06,661 - Knowledge - INFO - Async storing batch of 6 embeddings
2026-02-05 18:46:06,733 - Knowledge - INFO - process ingested knowledge for /app/data/T0015/315875/b34046x/arccore-315875/boards/stm32_stm3210c/examples/com_simple/config/Port_Cfg.h
2026-02-05 18:46:06,823 - Knowledge - INFO - process ingested knowledge for /app/data/T0015/315875/b34046x/arccore-315875/boards/stm32_stm3210c/examples/com_simple/config/Com_Cfg.h
2026-02-05 18:46:06,942 - Knowledge - INFO - Fast-tracked /app/data/T0015/315875/b34046x/arccore-315875/boards/generic/Fee_Memory_Cfg.h (ext=.h, size=502)
2026-02-05 18:46:07,132 - Knowledge - INFO - Worker kw16 processing /app/data/T0015/315875/b34046x/arccore-315875/boards/ti_tms570ls/board_info.txt
2026-02-05 18:46:07,347 - Knowledge - INFO - Fast-tracked /app/data/T0015/315875/b34046x/arccore-315875/boards/generic/Dem_IntErrId.h (small file (2108 bytes))
2026-02-05 18:46:07,421 - Knowledge - INFO - process ingested knowledge for /app/data/T0015/315875/b34046x/arccore-315875/boards/mpc5604b_trk/examples/os_simple/config/Mcu_Cfg.c
2026-02-05 18:46:07,579 - Knowledge - INFO - Fast-tracked /app/data/T0015/315875/b34046x/arccore-315875/boards/generic/NvM_Cfg.h (ext=.h, size=1261)
2026-02-05 18:46:07,697 - Knowledge - INFO - Fast-tracked /app/data/T0015/315875/b34046x/arccore-315875/boards/stm32_stm3210c/examples/com_simple/config/Os_Cfg.h (small file (2870 bytes))
2026-02-05 18:46:07,766 - Knowledge - INFO - Fast-tracked /app/data/T0015/315875/b34046x/arccore-315875/boards/stm32_mcbstm32/examples/os_simple/config/Os_Cfg.h (small file (2974 bytes))
2026-02-05 18:46:07,850 - Knowledge - INFO - Async storing batch of 6 embeddings
2026-02-05 18:46:07,930 - Knowledge - INFO - Worker kw14 processing /app/data/T0015/315875/b34046x/arccore-315875/boards/ti_tms570ls/examples/rte_simple/config/Dio_Lcfg.c
2026-02-05 18:46:08,012 - Knowledge - INFO - Worker kw1 processing /app/data/T0015/315875/b34046x/arccore-315875/boards/ti_tms570ls/examples/rte_simple/config/Os_Cfg.c
2026-02-05 18:46:08,086 - Knowledge - INFO - Worker kw12 processing /app/data/T0015/315875/b34046x/arccore-315875/boards/ti_tms570ls/examples/rte_simple/config/Rte_Type.h
2026-02-05 18:46:08,171 - Knowledge - INFO - Worker kw8 processing /app/data/T0015/315875/b34046x/arccore-315875/boards/ti_tms570ls/examples/rte_simple/config/CanIf_Cfg.h
2026-02-05 18:46:08,249 - Knowledge - INFO - Async storage completed for 6 embeddings
2026-02-05 18:46:08,335 - Knowledge - INFO - Worker kw2 processing /app/data/T0015/315875/b34046x/arccore-315875/boards/ti_tms570ls/examples/rte_simple/config/Rte_Logger2_Internal.h
2026-02-05 18:46:08,416 - Knowledge - INFO - Worker kw10 processing /app/data/T0015/315875/b34046x/arccore-315875/boards/ti_tms570ls/examples/rte_simple/config/Rte_Data.c
2026-02-05 18:46:08,494 - Knowledge - INFO - process ingested knowledge for /app/data/T0015/315875/b34046x/arccore-315875/boards/stm32_stm3210c/examples/com_simple/config/CanIf_Cfg.h
2026-02-05 18:46:08,608 - Knowledge - INFO - process ingested knowledge for /app/data/T0015/315875/b34046x/arccore-315875/boards/stm32_stm3210c/examples/com_simple/config/EcuM_PBcfg.c
2026-02-05 18:46:08,783 - Knowledge - INFO - Fast-tracked /app/data/T0015/315875/b34046x/arccore-315875/boards/ti_tms570ls/board_info.txt (ext=.txt, size=157)
2026-02-05 18:46:08,852 - Knowledge - INFO - Async storage completed for 6 embeddings
2026-02-05 18:46:09,061 - Knowledge - INFO - Async storage completed for 6 embeddings
2026-02-05 18:46:09,138 - Knowledge - INFO - Async storage completed for 6 embeddings
2026-02-05 18:46:09,228 - Knowledge - INFO - Async storage completed for 6 embeddings
2026-02-05 18:46:09,313 - Knowledge - INFO - Worker kw13 processing /app/data/T0015/315875/b34046x/arccore-315875/boards/ti_tms570ls/examples/rte_simple/config/Rte_Logger2.c
2026-02-05 18:46:09,401 - Knowledge - INFO - Fast-tracked /app/data/T0015/315875/b34046x/arccore-315875/boards/ti_tms570ls/examples/rte_simple/config/Dio_Lcfg.c (ext=.c, size=737)
2026-02-05 18:46:09,511 - Knowledge - INFO - Worker kw1 processing /app/data/T0015/315875/b34046x/arccore-315875/boards/ti_tms570ls/examples/rte_simple/config/Det_Cfg.h
2026-02-05 18:46:09,595 - Knowledge - INFO - Worker kw12 processing /app/data/T0015/315875/b34046x/arccore-315875/boards/ti_tms570ls/examples/rte_simple/config/Rte_Data.h
2026-02-05 18:46:09,608 - Knowledge - INFO - Async storage completed for 6 embeddings
2026-02-05 18:46:09,628 - Knowledge - INFO - [kw17] Queue=129, InProgress=0, PendingWorkers=20/20, Completed=864/1086 (79.6%)
2026-02-05 18:46:09,713 - Knowledge - INFO - Fast-tracked /app/data/T0015/315875/b34046x/arccore-315875/boards/ti_tms570ls/examples/rte_simple/config/CanIf_Cfg.h (ext=.h, size=1876)
2026-02-05 18:46:09,879 - Knowledge - INFO - Fast-tracked /app/data/T0015/315875/b34046x/arccore-315875/boards/ti_tms570ls/examples/rte_simple/config/Rte_Logger2_Internal.h (ext=.h, size=479)
2026-02-05 18:46:09,950 - Knowledge - INFO - Fast-tracked /app/data/T0015/315875/b34046x/arccore-315875/boards/ti_tms570ls/examples/rte_simple/config/Rte_Data.c (ext=.c, size=569)
2026-02-05 18:46:10,052 - Knowledge - INFO - process ingested knowledge for /app/data/T0015/315875/b34046x/arccore-315875/boards/stm32_stm3210c/examples/com_simple/config/Com_PbCfg.h
2026-02-05 18:46:10,139 - Knowledge - INFO - process ingested knowledge for /app/data/T0015/315875/b34046x/arccore-315875/boards/stm32_stm3210c/examples/com_simple/config/Os_Cfg.c
2026-02-05 18:46:10,243 - Knowledge - INFO - Worker kw16 processing /app/data/T0015/315875/b34046x/arccore-315875/boards/ti_tms570ls/build_config.mk
2026-02-05 18:46:10,361 - Knowledge - INFO - Processing batch of 6 files
2026-02-05 18:46:10,443 - Knowledge - INFO - Processing batch of 6 files
2026-02-05 18:46:10,620 - Knowledge - INFO - Processing batch of 5 files
2026-02-05 18:46:10,660 - Knowledge - INFO - Fast-tracked /app/data/T0015/315875/b34046x/arccore-315875/boards/ti_tms570ls/examples/rte_simple/config/Rte_Logger2.c (ext=.c, size=579)
2026-02-05 18:46:10,748 - Knowledge - INFO - Worker kw14 processing /app/data/T0015/315875/b34046x/arccore-315875/boards/ti_tms570ls/examples/rte_simple/config/Com_Cfg.h
2026-02-05 18:46:10,852 - Knowledge - INFO - Fast-tracked /app/data/T0015/315875/b34046x/arccore-315875/boards/ti_tms570ls/examples/rte_simple/config/Det_Cfg.h (ext=.h, size=1120)
2026-02-05 18:46:10,937 - Knowledge - INFO - Fast-tracked /app/data/T0015/315875/b34046x/arccore-315875/boards/ti_tms570ls/examples/rte_simple/config/Rte_Data.h (ext=.h, size=745)
2026-02-05 18:46:11,126 - Knowledge - INFO - Async storage completed for 6 embeddings
2026-02-05 18:46:11,127 - Knowledge - INFO - Batch sizing: calculated=5, max_allowed=10, queue=129, active_workers=20/20
2026-02-05 18:46:11,209 - Knowledge - INFO - Worker kw8 processing /app/data/T0015/315875/b34046x/arccore-315875/boards/ti_tms570ls/examples/rte_simple/config/Com_PbCfg.h
2026-02-05 18:46:11,284 - Knowledge - INFO - Worker kw2 processing /app/data/T0015/315875/b34046x/arccore-315875/boards/ti_tms570ls/examples/rte_simple/config/Dio_Cfg.h
2026-02-05 18:46:11,399 - Knowledge - INFO - Worker kw10 processing /app/data/T0015/315875/b34046x/arccore-315875/boards/ti_tms570ls/examples/rte_simple/config/Mcu_Cfg.c
2026-02-05 18:46:11,478 - Knowledge - INFO - process ingested knowledge for /app/data/T0015/315875/b34046x/arccore-315875/boards/stm32_stm3210c/examples/com_simple/config/Can_Lcfg.c
2026-02-05 18:46:11,560 - Knowledge - INFO - process ingested knowledge for /app/data/T0015/315875/b34046x/arccore-315875/boards/stm32_stm3210c/examples/com_simple/config/Det_Cfg.h
2026-02-05 18:46:11,640 - Knowledge - INFO - Fast-tracked /app/data/T0015/315875/b34046x/arccore-315875/boards/ti_tms570ls/build_config.mk (ext=.mk, size=1083)
2026-02-05 18:46:11,719 - Knowledge - INFO - process ingested knowledge for /app/data/T0015/315875/b34046x/arccore-315875/boards/generic/Dcm_LCfg.c
2026-02-05 18:46:11,818 - Knowledge - INFO - process ingested knowledge for /app/data/T0015/315875/b34046x/arccore-315875/boards/generic/Dem_IntEvtId.h
2026-02-05 18:46:11,959 - Knowledge - INFO - process ingested knowledge for /app/data/T0015/315875/b34046x/arccore-315875/boards/stm32_mcbstm32/examples/os_simple/config/Mcu_Cfg.h
2026-02-05 18:46:12,102 - Knowledge - INFO - Worker kw13 processing /app/data/T0015/315875/b34046x/arccore-315875/boards/ti_tms570ls/examples/rte_simple/config/CanIf_SpecialPdus.h
2026-02-05 18:46:12,195 - Knowledge - INFO - Fast-tracked /app/data/T0015/315875/b34046x/arccore-315875/boards/ti_tms570ls/examples/rte_simple/config/Com_Cfg.h (ext=.h, size=1143)
2026-02-05 18:46:12,262 - Knowledge - INFO - Async storage completed for 6 embeddings
2026-02-05 18:46:12,267 - Knowledge - INFO - Worker kw1 processing /app/data/T0015/315875/b34046x/arccore-315875/boards/ti_tms570ls/examples/rte_simple/config/Rte_Logger2.h
2026-02-05 18:46:12,401 - Knowledge - INFO - Worker kw12 processing /app/data/T0015/315875/b34046x/arccore-315875/boards/ti_tms570ls/examples/rte_simple/config/Mcu_Cfg.h
2026-02-05 18:46:12,622 - Knowledge - INFO - Async storing batch of 6 embeddings
2026-02-05 18:46:12,699 - Knowledge - INFO - Async storage completed for 6 embeddings
2026-02-05 18:46:12,748 - Knowledge - INFO - Fast-tracked /app/data/T0015/315875/b34046x/arccore-315875/boards/ti_tms570ls/examples/rte_simple/config/Com_PbCfg.h (ext=.h, size=990)
2026-02-05 18:46:12,831 - Knowledge - INFO - Fast-tracked /app/data/T0015/315875/b34046x/arccore-315875/boards/ti_tms570ls/examples/rte_simple/config/Dio_Cfg.h (ext=.h, size=1116)
2026-02-05 18:46:12,920 - Knowledge - INFO - Fast-tracked /app/data/T0015/315875/b34046x/arccore-315875/boards/ti_tms570ls/examples/rte_simple/config/Mcu_Cfg.c (ext=.c, size=1032)
2026-02-05 18:46:12,998 - Knowledge - INFO - process ingested knowledge for /app/data/T0015/315875/b34046x/arccore-315875/boards/stm32_stm3210c/examples/com_simple/config/CanIf_Cfg.c
2026-02-05 18:46:13,084 - Knowledge - INFO - process ingested knowledge for /app/data/T0015/315875/b34046x/arccore-315875/boards/stm32_stm3210c/examples/com_simple/config/PduR_PbCfg.h
2026-02-05 18:46:13,193 - Knowledge - INFO - Worker kw16 processing /app/data/T0015/315875/b34046x/arccore-315875/boards/ti_tms570ls/examples/rte_simple/config/EcuM.mk
2026-02-05 18:46:13,278 - Knowledge - INFO - process ingested knowledge for /app/data/T0015/315875/b34046x/arccore-315875/boards/generic/Fee_Cfg.c
2026-02-05 18:46:13,367 - Knowledge - INFO - process ingested knowledge for /app/data/T0015/315875/b34046x/arccore-315875/boards/generic/Ea_Lcfg.c
2026-02-05 18:46:13,483 - Knowledge - INFO - process ingested knowledge for /app/data/T0015/315875/b34046x/arccore-315875/boards/stm32_mcbstm32/examples/os_simple/config/Mcu_Cfg.c
2026-02-05 18:46:13,600 - Knowledge - INFO - Fast-tracked /app/data/T0015/315875/b34046x/arccore-315875/boards/ti_tms570ls/examples/rte_simple/config/CanIf_SpecialPdus.h (ext=.h, size=531)
2026-02-05 18:46:13,691 - Knowledge - INFO - Worker kw14 processing /app/data/T0015/315875/b34046x/arccore-315875/boards/ti_tms570ls/examples/rte_simple/config/EcuM_PBcfg.c
2026-02-05 18:46:13,969 - Knowledge - INFO - [LLM_CALL] Completed: Com_PbCfg.c:chunk1, Duration: 10701ms, PromptTokens: 8570, CompletionTokens: 204, Cost: $0.00094
2026-02-05 18:46:13,969 - Knowledge - INFO - Fast-tracked /app/data/T0015/315875/b34046x/arccore-315875/boards/ti_tms570ls/examples/rte_simple/config/Rte_Logger2.h (ext=.h, size=470)
2026-02-05 18:46:14,065 - Knowledge - INFO - Fast-tracked /app/data/T0015/315875/b34046x/arccore-315875/boards/ti_tms570ls/examples/rte_simple/config/Mcu_Cfg.h (ext=.h, size=955)
2026-02-05 18:46:14,151 - Knowledge - INFO - Worker kw17 processing /app/data/T0015/315875/b34046x/arccore-315875/boards/ti_tms570ls/examples/rte_simple/config/Os_Cfg.h
2026-02-05 18:46:14,369 - Knowledge - INFO - Worker kw8 processing /app/data/T0015/315875/b34046x/arccore-315875/boards/ti_tms570ls/examples/rte_simple/config/Rte_Calculator_Internal.h
2026-02-05 18:46:14,504 - Knowledge - INFO - Worker kw2 processing /app/data/T0015/315875/b34046x/arccore-315875/boards/ti_tms570ls/examples/rte_simple/config/Rte.mk
2026-02-05 18:46:14,619 - Knowledge - INFO - Worker kw10 processing /app/data/T0015/315875/b34046x/arccore-315875/boards/ti_tms570ls/examples/rte_simple/config/Port_Cfg.c
2026-02-05 18:46:14,970 - Knowledge - INFO - Fast-tracked /app/data/T0015/315875/b34046x/arccore-315875/boards/ti_tms570ls/examples/rte_simple/config/EcuM.mk (ext=.mk, size=69)
2026-02-05 18:46:15,105 - Knowledge - INFO - process ingested knowledge for /app/data/T0015/315875/b34046x/arccore-315875/boards/generic/SchM_cfg.h
2026-02-05 18:46:15,439 - Knowledge - INFO - process ingested knowledge for /app/data/T0015/315875/b34046x/arccore-315875/boards/generic/Det_Cfg.h
2026-02-05 18:46:15,440 - Knowledge - INFO - process ingested knowledge for /app/data/T0015/315875/b34046x/arccore-315875/boards/stm32_mcbstm32/examples/os_simple/config/Os_Cfg.h
2026-02-05 18:46:15,509 - Knowledge - INFO - Worker kw13 processing /app/data/T0015/315875/b34046x/arccore-315875/boards/ti_tms570ls/examples/rte_simple/config/Rte_Tester_Internal.h
2026-02-05 18:46:15,613 - Knowledge - INFO - Worker kw14 processing /app/data/T0015/315875/b34046x/arccore-315875/boards/ti_tms570ls/examples/rte_simple/config/Rte_Logger_Internal.h
2026-02-05 18:46:15,703 - Knowledge - INFO - done ingest for /app/data/T0015/315875/b34046x/arccore-315875/boards/stm32_stm3210c/examples/com_simple/config/Com_PbCfg.c
2026-02-05 18:46:15,725 - Knowledge - INFO - [LLM_CALL] Completed: Os_Cfg.c:chunk1, Duration: 5324ms, PromptTokens: 3068, CompletionTokens: 305, Cost: $0.00043
2026-02-05 18:46:15,813 - Knowledge - INFO - Worker kw1 processing /app/data/T0015/315875/b34046x/arccore-315875/boards/ti_tms570ls/examples/rte_simple/config/Rte_Tester.c
2026-02-05 18:46:15,897 - Knowledge - INFO - Worker kw12 processing /app/data/T0015/315875/b34046x/arccore-315875/boards/ti_tms570ls/examples/rte_simple/config/Port_Cfg.h
2026-02-05 18:46:16,012 - Knowledge - INFO - Worker kw17 processing /app/data/T0015/315875/b34046x/arccore-315875/boards/ti_tms570ls/examples/rte_simple/config/Rte_Tester.h
2026-02-05 18:46:16,140 - Knowledge - INFO - Fast-tracked /app/data/T0015/315875/b34046x/arccore-315875/boards/ti_tms570ls/examples/rte_simple/config/Rte_Calculator_Internal.h (ext=.h, size=491)
2026-02-05 18:46:16,222 - Knowledge - INFO - Fast-tracked /app/data/T0015/315875/b34046x/arccore-315875/boards/ti_tms570ls/examples/rte_simple/config/Rte.mk (ext=.mk, size=147)
2026-02-05 18:46:16,325 - Knowledge - INFO - Fast-tracked /app/data/T0015/315875/b34046x/arccore-315875/boards/ti_tms570ls/examples/rte_simple/config/Port_Cfg.c (ext=.c, size=703)
2026-02-05 18:46:16,425 - Knowledge - INFO - Worker kw16 processing /app/data/T0015/315875/b34046x/arccore-315875/boards/ti_tms570ls/examples/rte_simple/config/PduR_Cfg.h
2026-02-05 18:46:16,723 - Knowledge - INFO - process ingested knowledge for /app/data/T0015/315875/b34046x/arccore-315875/boards/generic/Dcm_Callout_Stubs.c
2026-02-05 18:46:16,920 - Knowledge - INFO - process ingested knowledge for /app/data/T0015/315875/b34046x/arccore-315875/boards/generic/Dem_LCfg.c
2026-02-05 18:46:16,922 - Knowledge - INFO - process ingested knowledge for /app/data/T0015/315875/b34046x/arccore-315875/boards/stm32_mcbstm32/examples/os_simple/config/EcuM_Cfg.h
2026-02-05 18:46:16,968 - Knowledge - INFO - Fast-tracked /app/data/T0015/315875/b34046x/arccore-315875/boards/ti_tms570ls/examples/rte_simple/config/Rte_Tester_Internal.h (ext=.h, size=843)
2026-02-05 18:46:17,123 - Knowledge - INFO - Fast-tracked /app/data/T0015/315875/b34046x/arccore-315875/boards/ti_tms570ls/examples/rte_simple/config/Rte_Logger_Internal.h (ext=.h, size=473)
2026-02-05 18:46:17,347 - Knowledge - INFO - done ingest for /app/data/T0015/315875/b34046x/arccore-315875/boards/stm32_stm3210c/examples/os_simple/config/Os_Cfg.c
2026-02-05 18:46:17,354 - Knowledge - INFO - [LLM_CALL] Completed: EcuM_PBcfg.c:chunk1, Duration: 9852ms, PromptTokens: 2906, CompletionTokens: 267, Cost: $0.00040
2026-02-05 18:46:17,475 - Knowledge - INFO - Fast-tracked /app/data/T0015/315875/b34046x/arccore-315875/boards/ti_tms570ls/examples/rte_simple/config/Rte_Tester.c (ext=.c, size=1720)
2026-02-05 18:46:17,644 - Knowledge - INFO - Fast-tracked /app/data/T0015/315875/b34046x/arccore-315875/boards/ti_tms570ls/examples/rte_simple/config/Port_Cfg.h (ext=.h, size=1868)
2026-02-05 18:46:17,779 - Knowledge - INFO - Fast-tracked /app/data/T0015/315875/b34046x/arccore-315875/boards/ti_tms570ls/examples/rte_simple/config/Rte_Tester.h (ext=.h, size=910)
2026-02-05 18:46:17,856 - Knowledge - INFO - Worker kw8 processing /app/data/T0015/315875/b34046x/arccore-315875/boards/ti_tms570ls/examples/rte_simple/config/Can_Lcfg.c
2026-02-05 18:46:17,931 - Knowledge - INFO - Worker kw2 processing /app/data/T0015/315875/b34046x/arccore-315875/boards/ti_tms570ls/examples/rte_simple/config/CanIf_Cfg.c
2026-02-05 18:46:18,050 - Knowledge - INFO - Worker kw10 processing /app/data/T0015/315875/b34046x/arccore-315875/boards/ti_tms570ls/examples/rte_simple/config/Rte_Calculator.c
2026-02-05 18:46:18,171 - Knowledge - INFO - Worker kw16 processing /app/data/T0015/315875/b34046x/arccore-315875/boards/ti_tms570ls/examples/rte_simple/config/Rte_Logger.h
2026-02-05 18:46:18,227 - Knowledge - INFO - process ingested knowledge for /app/data/T0015/315875/b34046x/arccore-315875/boards/generic/EcuM_PBcfg.c
2026-02-05 18:46:18,353 - Knowledge - INFO - process ingested knowledge for /app/data/T0015/315875/b34046x/arccore-315875/boards/generic/Mcu_Arc_Cfg.c
2026-02-05 18:46:18,429 - Knowledge - INFO - process ingested knowledge for /app/data/T0015/315875/b34046x/arccore-315875/boards/stm32_mcbstm32/examples/os_simple/build_config.mk
2026-02-05 18:46:18,509 - Knowledge - INFO - Worker kw13 processing /app/data/T0015/315875/b34046x/arccore-315875/boards/ti_tms570ls/examples/rte_simple/config/Rte_Logger.c
2026-02-05 18:46:18,580 - Knowledge - INFO - Worker kw14 processing /app/data/T0015/315875/b34046x/arccore-315875/boards/ti_tms570ls/examples/rte_simple/config/Rte.c
2026-02-05 18:46:18,743 - Knowledge - INFO - done ingest for /app/data/T0015/315875/b34046x/arccore-315875/boards/stm32_stm3210c/examples/os_simple/config/EcuM_PBcfg.c
2026-02-05 18:46:18,744 - Knowledge - INFO - [LLM_CALL] Completed: Port_Cfg.c:chunk1, Duration: 14402ms, PromptTokens: 7438, CompletionTokens: 220, Cost: $0.00083
2026-02-05 18:46:18,835 - Knowledge - INFO - Worker kw1 processing /app/data/T0015/315875/b34046x/arccore-315875/boards/ti_tms570ls/examples/rte_simple/config/PduR_PbCfg.h
2026-02-05 18:46:18,947 - Knowledge - INFO - Worker kw12 processing /app/data/T0015/315875/b34046x/arccore-315875/boards/ti_tms570ls/examples/rte_simple/config/Rte_Calculator.h
2026-02-05 18:46:19,040 - Knowledge - INFO - Worker kw17 processing /app/data/T0015/315875/b34046x/arccore-315875/boards/ti_tms570ls/examples/rte_simple/config/Can_Cfg.h
2026-02-05 18:46:19,129 - Knowledge - INFO - Worker kw8 processing /app/data/T0015/315875/b34046x/arccore-315875/boards/ti_tms570ls/examples/rte_simple/config/Calibration_Settings.h
2026-02-05 18:46:19,220 - Knowledge - INFO - Worker kw2 processing /app/data/T0015/315875/b34046x/arccore-315875/boards/ti_tms570ls/examples/rte_simple/config/Com_PbCfg.c
2026-02-05 18:46:19,328 - Knowledge - INFO - Fast-tracked /app/data/T0015/315875/b34046x/arccore-315875/boards/ti_tms570ls/examples/rte_simple/config/Rte_Calculator.c (ext=.c, size=423)
2026-02-05 18:46:19,406 - Knowledge - INFO - Fast-tracked /app/data/T0015/315875/b34046x/arccore-315875/boards/ti_tms570ls/examples/rte_simple/config/Rte_Logger.h (ext=.h, size=464)
2026-02-05 18:46:19,493 - Knowledge - INFO - process ingested knowledge for /app/data/T0015/315875/b34046x/arccore-315875/boards/generic/Dem_IntErrId.h
2026-02-05 18:46:19,576 - Knowledge - INFO - process ingested knowledge for /app/data/T0015/315875/b34046x/arccore-315875/boards/generic/NvM_Cfg.h
2026-02-05 18:46:19,798 - Knowledge - INFO - Fast-tracked /app/data/T0015/315875/b34046x/arccore-315875/boards/ti_tms570ls/examples/rte_simple/config/Rte_Logger.c (ext=.c, size=571)
2026-02-05 18:46:20,092 - Knowledge - INFO - done ingest for /app/data/T0015/315875/b34046x/arccore-315875/boards/stm32_stm3210c/examples/com_simple/config/Port_Cfg.c
2026-02-05 18:46:20,104 - Knowledge - INFO - [LLM_CALL] Completed: CanTp_Cfg.c:chunk1, Duration: 11403ms, PromptTokens: 4248, CompletionTokens: 351, Cost: $0.00057
2026-02-05 18:46:20,331 - Knowledge - INFO - Fast-tracked /app/data/T0015/315875/b34046x/arccore-315875/boards/ti_tms570ls/examples/rte_simple/config/PduR_PbCfg.h (ext=.h, size=1000)
2026-02-05 18:46:20,435 - Knowledge - INFO - Fast-tracked /app/data/T0015/315875/b34046x/arccore-315875/boards/ti_tms570ls/examples/rte_simple/config/Rte_Calculator.h (ext=.h, size=482)
2026-02-05 18:46:20,540 - Knowledge - INFO - Worker kw17 processing /app/data/T0015/315875/b34046x/arccore-315875/boards/ti_tms570ls/examples/rte_simple/config/EcuM_Cfg.h
2026-02-05 18:46:20,626 - Knowledge - INFO - Fast-tracked /app/data/T0015/315875/b34046x/arccore-315875/boards/ti_tms570ls/examples/rte_simple/config/Calibration_Settings.h (ext=.h, size=491)
2026-02-05 18:46:20,806 - Knowledge - INFO - Worker kw10 processing /app/data/T0015/315875/b34046x/arccore-315875/boards/ti_tms570ls/examples/rte_simple/config/PduR_PbCfg.c
2026-02-05 18:46:20,894 - Knowledge - INFO - Fast-tracked /app/data/T0015/315875/b34046x/arccore-315875/boards/ti_tms570ls/examples/rte_simple/config/PduR_Cfg.h (small file (2030 bytes))
2026-02-05 18:46:21,196 - Knowledge - INFO - Worker kw13 processing /app/data/T0015/315875/b34046x/arccore-315875/boards/ti_tms570ls/examples/rte_simple/config/Rte_Cbk.c
2026-02-05 18:46:21,359 - Knowledge - INFO - done ingest for /app/data/T0015/315875/b34046x/arccore-315875/boards/generic/CanTp_Cfg.c
2026-02-05 18:46:21,362 - Knowledge - INFO - [LLM_CALL] Completed: Ea_Cfg.h:chunk1, Duration: 14320ms, PromptTokens: 2744, CompletionTokens: 303, Cost: $0.00040
2026-02-05 18:46:21,632 - Knowledge - INFO - Fast-tracked /app/data/T0015/315875/b34046x/arccore-315875/boards/ti_tms570ls/examples/rte_simple/config/EcuM_Cfg.h (ext=.h, size=1364)
2026-02-05 18:46:21,698 - Knowledge - INFO - Fast-tracked /app/data/T0015/315875/b34046x/arccore-315875/boards/ti_tms570ls/examples/rte_simple/config/Can_Lcfg.c (small file (2159 bytes))
2026-02-05 18:46:21,854 - Knowledge - INFO - Async storage completed for 6 embeddings
2026-02-05 18:46:21,931 - Knowledge - INFO - Fast-tracked /app/data/T0015/315875/b34046x/arccore-315875/boards/ti_tms570ls/examples/rte_simple/config/Rte_Cbk.c (ext=.c, size=730)
2026-02-05 18:46:22,094 - Knowledge - INFO - done ingest for /app/data/T0015/315875/b34046x/arccore-315875/boards/generic/Ea_Cfg.h
2026-02-05 18:46:22,095 - Knowledge - INFO - done ingest for /app/data/T0015/315875/b34046x/arccore-315875/boards/stm32_mcbstm32/examples/os_simple/config/Os_Cfg.c
2026-02-05 18:46:22,096 - Knowledge - INFO - [kw19] Queue=124, InProgress=0, PendingWorkers=20/20, Completed=884/1086 (81.4%)
2026-02-05 18:46:22,096 - Knowledge - INFO - [LLM_CALL] Completed: Can_Cfg.h:chunk1, Duration: 18408ms, PromptTokens: 4010, CompletionTokens: 371, Cost: $0.00055
2026-02-05 18:46:22,185 - Knowledge - INFO - Worker kw17 processing /app/data/T0015/315875/b34046x/arccore-315875/boards/ti_tms570ls/examples/rte_simple/build_config.mk
2026-02-05 18:46:22,292 - Knowledge - INFO - Async storage completed for 6 embeddings
2026-02-05 18:46:22,449 - Knowledge - INFO - Async storage completed for 6 embeddings
2026-02-05 18:46:22,714 - Knowledge - INFO - Batch sizing: calculated=5, max_allowed=10, queue=124, active_workers=20/20
2026-02-05 18:46:22,858 - Knowledge - INFO - done ingest for /app/data/T0015/315875/b34046x/arccore-315875/boards/stm32_stm3210c/examples/com_simple/config/Can_Cfg.h
2026-02-05 18:46:22,960 - Knowledge - INFO - [kw15] Queue=124, InProgress=0, PendingWorkers=20/20, Completed=888/1086 (81.8%)
2026-02-05 18:46:22,994 - Knowledge - INFO - Fast-tracked /app/data/T0015/315875/b34046x/arccore-315875/boards/ti_tms570ls/examples/rte_simple/build_config.mk (ext=.mk, size=195)
2026-02-05 18:46:23,038 - Knowledge - INFO - [LLM_CALL] Completed: Dem_Cfg.h:chunk1, Duration: 14131ms, PromptTokens: 2322, CompletionTokens: 400, Cost: $0.00039
2026-02-05 18:46:23,513 - Knowledge - INFO - Batch sizing: calculated=5, max_allowed=10, queue=124, active_workers=20/20
2026-02-05 18:46:23,690 - Knowledge - INFO - done ingest for /app/data/T0015/315875/b34046x/arccore-315875/boards/generic/Dem_Cfg.h
2026-02-05 18:46:23,691 - Knowledge - INFO - [kw9] Queue=119, InProgress=0, PendingWorkers=20/20, Completed=892/1086 (82.1%)
2026-02-05 18:46:23,691 - Knowledge - INFO - [kw18] Queue=119, InProgress=0, PendingWorkers=20/20, Completed=892/1086 (82.1%)
2026-02-05 18:46:23,691 - Knowledge - INFO - [WEBSOCKET] Sent: Type=progress_update, Size: 294, Duration: 679ms
2026-02-05 18:46:23,998 - Knowledge - INFO - Batch sizing: calculated=5, max_allowed=10, queue=119, active_workers=20/20
2026-02-05 18:46:24,091 - Knowledge - INFO - Batch sizing: calculated=5, max_allowed=10, queue=119, active_workers=20/20
2026-02-05 18:46:24,212 - Knowledge - INFO - [LLM_CALL] Completed: EcuM_PBcfg.c:chunk1, Duration: 1205ms, PromptTokens: 2904, CompletionTokens: 366, Cost: $0.00044
2026-02-05 18:46:24,526 - Knowledge - INFO - done ingest for /app/data/T0015/315875/b34046x/arccore-315875/boards/stm32_mcbstm32/examples/os_simple/config/EcuM_PBcfg.c
2026-02-05 18:46:24,529 - Knowledge - INFO - Async storing batch of 6 embeddings
2026-02-05 18:46:24,529 - Knowledge - INFO - Async storing batch of 6 embeddings
2026-02-05 18:46:24,530 - Knowledge - INFO - [WEBSOCKET] Sent: Type=unknown, Size: ?, Duration: 2433ms
2026-02-05 18:46:24,813 - Knowledge - INFO - Worker kw19 processing /app/data/T0015/315875/b34046x/arccore-315875/boards/ti_tms570ls/examples/os_simple/config/EcuM.mk
2026-02-05 18:46:24,905 - Knowledge - INFO - Worker kw15 processing /app/data/T0015/315875/b34046x/arccore-315875/boards/ti_tms570ls/examples/os_simple/config/Mcu_Cfg.c
2026-02-05 18:46:24,992 - Knowledge - INFO - Progress: 81.4% | Files: 896/1086 | Rate: 1.66 files/sec | Queue: 104
2026-02-05 18:46:24,993 - Knowledge - INFO - Async storing batch of 5 embeddings
2026-02-05 18:46:24,994 - Knowledge - INFO - Async storing batch of 6 embeddings
2026-02-05 18:46:24,995 - Knowledge - INFO - Processing batch of 5 files
2026-02-05 18:46:25,052 - Knowledge - INFO - Processing batch of 6 files
2026-02-05 18:46:25,052 - Knowledge - INFO - Processing batch of 6 files
2026-02-05 18:46:25,052 - Knowledge - INFO - Processing batch of 6 files
2026-02-05 18:46:25,058 - Knowledge - INFO - Processing batch of 5 files
2026-02-05 18:46:25,067 - Knowledge - INFO - Processing batch of 6 files
2026-02-05 18:46:25,067 - Knowledge - INFO - Processing batch of 6 files
2026-02-05 18:46:25,072 - Knowledge - INFO - Processing batch of 6 files
2026-02-05 18:46:25,072 - Knowledge - INFO - Processing batch of 5 files
2026-02-05 18:46:25,073 - Knowledge - INFO - Fast-tracked /app/data/T0015/315875/b34046x/arccore-315875/boards/ti_tms570ls/examples/os_simple/config/EcuM.mk (ext=.mk, size=37)
2026-02-05 18:46:25,156 - Knowledge - INFO - Fast-tracked /app/data/T0015/315875/b34046x/arccore-315875/boards/ti_tms570ls/examples/os_simple/config/Mcu_Cfg.c (ext=.c, size=1032)
2026-02-05 18:46:25,231 - Knowledge - INFO - [kw11] Queue=104, InProgress=0, PendingWorkers=20/20, Completed=932/1086 (85.8%)
2026-02-05 18:46:25,323 - Knowledge - INFO - Worker kw9 processing /app/data/T0015/315875/b34046x/arccore-315875/boards/mpc5668_gkit/config/Mcu_Arc_Cfg.c
2026-02-05 18:46:25,422 - Knowledge - INFO - Worker kw18 processing /app/data/T0015/315875/b34046x/arccore-315875/boards/mpc5668_gkit/config/Mcu_Arc_Cfg.h
2026-02-05 18:46:25,504 - Knowledge - INFO - process ingested knowledge for /app/data/T0015/315875/b34046x/arccore-315875/boards/ti_tms570ls/board_info.txt
2026-02-05 18:46:25,595 - Knowledge - INFO - process ingested knowledge for /app/data/T0015/315875/b34046x/arccore-315875/boards/stm32_stm3210c/examples/os_simple/config/Os_Cfg.c
2026-02-05 18:46:25,700 - Knowledge - INFO - process ingested knowledge for /app/data/T0015/315875/b34046x/arccore-315875/boards/stm32_stm3210c/examples/com_simple/config/Can_Cfg.h
2026-02-05 18:46:25,798 - Knowledge - INFO - process ingested knowledge for /app/data/T0015/315875/b34046x/arccore-315875/boards/generic/EcuM_Cfg.h
2026-02-05 18:46:25,895 - Knowledge - INFO - process ingested knowledge for /app/data/T0015/315875/b34046x/arccore-315875/boards/ti_tms570ls/examples/rte_simple/config/CanIf_Cfg.h
2026-02-05 18:46:25,980 - Knowledge - INFO - process ingested knowledge for /app/data/T0015/315875/b34046x/arccore-315875/boards/generic/CanTp_Cfg.c
2026-02-05 18:46:26,102 - Knowledge - INFO - Async storage completed for 6 embeddings
2026-02-05 18:46:26,114 - Knowledge - INFO - process ingested knowledge for /app/data/T0015/315875/b34046x/arccore-315875/boards/stm32_stm3210c/examples/com_simple/config/Com_PbCfg.c
2026-02-05 18:46:26,210 - Knowledge - INFO - process ingested knowledge for /app/data/T0015/315875/b34046x/arccore-315875/boards/generic/Crc_Cfg.h
2026-02-05 18:46:26,296 - Knowledge - INFO - process ingested knowledge for /app/data/T0015/315875/b34046x/arccore-315875/boards/ti_tms570ls/examples/rte_simple/config/Rte_Logger2.c
2026-02-05 18:46:26,415 - Knowledge - INFO - Worker kw19 processing /app/data/T0015/315875/b34046x/arccore-315875/boards/ti_tms570ls/examples/os_simple/config/EcuM_PBcfg.c
2026-02-05 18:46:26,472 - Knowledge - INFO - Async storage completed for 6 embeddings
2026-02-05 18:46:26,481 - Knowledge - INFO - Worker kw15 processing /app/data/T0015/315875/b34046x/arccore-315875/boards/ti_tms570ls/examples/os_simple/config/Os_Cfg.h
2026-02-05 18:46:26,550 - Knowledge - INFO - Batch sizing: calculated=5, max_allowed=10, queue=104, active_workers=20/20
2026-02-05 18:46:26,642 - Knowledge - INFO - Worker kw9 processing /app/data/T0015/315875/b34046x/arccore-315875/boards/mpc5668_gkit/config/Fls_Cfg.h
2026-02-05 18:46:26,741 - Knowledge - INFO - Worker kw18 processing /app/data/T0015/315875/b34046x/arccore-315875/boards/mpc5668_gkit/board_info.txt
2026-02-05 18:46:26,879 - Knowledge - INFO - process ingested knowledge for /app/data/T0015/315875/b34046x/arccore-315875/boards/ti_tms570ls/build_config.mk
2026-02-05 18:46:26,991 - Knowledge - INFO - process ingested knowledge for /app/data/T0015/315875/b34046x/arccore-315875/boards/stm32_stm3210c/examples/os_simple/config/Mcu_Cfg.h
2026-02-05 18:46:27,079 - Knowledge - INFO - process ingested knowledge for /app/data/T0015/315875/b34046x/arccore-315875/boards/stm32_stm3210c/examples/com_simple/config/EcuM_Cfg.h
2026-02-05 18:46:27,159 - Knowledge - INFO - process ingested knowledge for /app/data/T0015/315875/b34046x/arccore-315875/boards/stm32_mcbstm32/board_info.txt
2026-02-05 18:46:27,268 - Knowledge - INFO - process ingested knowledge for /app/data/T0015/315875/b34046x/arccore-315875/boards/ti_tms570ls/examples/rte_simple/config/Com_PbCfg.h
2026-02-05 18:46:27,346 - Knowledge - INFO - process ingested knowledge for /app/data/T0015/315875/b34046x/arccore-315875/boards/generic/Calibration_Settings.h
2026-02-05 18:46:27,535 - Knowledge - INFO - process ingested knowledge for /app/data/T0015/315875/b34046x/arccore-315875/boards/stm32_stm3210c/examples/com_simple/config/Mcu_Cfg.c
2026-02-05 18:46:27,637 - Knowledge - INFO - process ingested knowledge for /app/data/T0015/315875/b34046x/arccore-315875/boards/generic/MemIf_Cfg.h
2026-02-05 18:46:27,724 - Knowledge - INFO - process ingested knowledge for /app/data/T0015/315875/b34046x/arccore-315875/boards/ti_tms570ls/examples/rte_simple/config/CanIf_SpecialPdus.h
2026-02-05 18:46:27,825 - Knowledge - INFO - Worker kw19 processing /app/data/T0015/315875/b34046x/arccore-315875/boards/ti_tms570ls/examples/os_simple/config/Os_Cfg.c
2026-02-05 18:46:27,976 - Knowledge - INFO - Worker kw15 processing /app/data/T0015/315875/b34046x/arccore-315875/boards/ti_tms570ls/examples/os_simple/config/EcuM_Cfg.h
2026-02-05 18:46:28,065 - Knowledge - INFO - Async storing batch of 6 embeddings
2026-02-05 18:46:28,151 - Knowledge - INFO - Worker kw9 processing /app/data/T0015/315875/b34046x/arccore-315875/boards/mpc5668_gkit/config/Fls_Cfg.c
2026-02-05 18:46:28,238 - Knowledge - INFO - Fast-tracked /app/data/T0015/315875/b34046x/arccore-315875/boards/mpc5668_gkit/board_info.txt (ext=.txt, size=641)
2026-02-05 18:46:28,356 - Knowledge - INFO - process ingested knowledge for /app/data/T0015/315875/b34046x/arccore-315875/boards/ti_tms570ls/examples/rte_simple/config/EcuM.mk
2026-02-05 18:46:28,431 - Knowledge - INFO - process ingested knowledge for /app/data/T0015/315875/b34046x/arccore-315875/boards/stm32_stm3210c/examples/os_simple/config/Mcu_Cfg.c
2026-02-05 18:46:28,503 - Knowledge - INFO - process ingested knowledge for /app/data/T0015/315875/b34046x/arccore-315875/boards/stm32_stm3210c/examples/com_simple/build_config.mk
2026-02-05 18:46:28,584 - Knowledge - INFO - process ingested knowledge for /app/data/T0015/315875/b34046x/arccore-315875/boards/stm32_mcbstm32/build_config.mk
2026-02-05 18:46:28,664 - Knowledge - INFO - process ingested knowledge for /app/data/T0015/315875/b34046x/arccore-315875/boards/ti_tms570ls/examples/rte_simple/config/Rte_Calculator_Internal.h
2026-02-05 18:46:28,778 - Knowledge - INFO - process ingested knowledge for /app/data/T0015/315875/b34046x/arccore-315875/boards/generic/NvM_Cfg.c
2026-02-05 18:46:28,878 - Knowledge - INFO - process ingested knowledge for /app/data/T0015/315875/b34046x/arccore-315875/boards/stm32_stm3210c/examples/com_simple/config/Port_Cfg.c
2026-02-05 18:46:28,891 - Knowledge - INFO - Async storage completed for 6 embeddings
2026-02-05 18:46:28,974 - Knowledge - INFO - process ingested knowledge for /app/data/T0015/315875/b34046x/arccore-315875/boards/generic/Ea_Cfg.h
2026-02-05 18:46:29,117 - Knowledge - INFO - process ingested knowledge for /app/data/T0015/315875/b34046x/arccore-315875/boards/ti_tms570ls/examples/rte_simple/config/Rte_Tester_Internal.h
2026-02-05 18:46:29,211 - Knowledge - INFO - Worker kw19 processing /app/data/T0015/315875/b34046x/arccore-315875/boards/ti_tms570ls/examples/os_simple/config/Det_Cfg.h
2026-02-05 18:46:29,283 - Knowledge - INFO - Fast-tracked /app/data/T0015/315875/b34046x/arccore-315875/boards/ti_tms570ls/examples/os_simple/config/EcuM_Cfg.h (ext=.h, size=1364)
2026-02-05 18:46:29,365 - Knowledge - INFO - Worker kw11 processing /app/data/T0015/315875/b34046x/arccore-315875/boards/mpc5668_gkit/examples/os_simple/config/EcuM_PBcfg.c
2026-02-05 18:46:29,469 - Knowledge - INFO - Worker kw9 processing /app/data/T0015/315875/b34046x/arccore-315875/boards/mpc5668_gkit/config/Wdg_Cfg.h
2026-02-05 18:46:29,583 - Knowledge - INFO - Worker kw18 processing /app/data/T0015/315875/b34046x/arccore-315875/boards/mpc5668_gkit/boot_info.mk
2026-02-05 18:46:29,623 - Knowledge - INFO - Async storage completed for 6 embeddings
2026-02-05 18:46:29,662 - Knowledge - INFO - process ingested knowledge for /app/data/T0015/315875/b34046x/arccore-315875/boards/ti_tms570ls/examples/rte_simple/config/PduR_Cfg.h
2026-02-05 18:46:29,734 - Knowledge - INFO - process ingested knowledge for /app/data/T0015/315875/b34046x/arccore-315875/boards/stm32_stm3210c/examples/os_simple/config/Os_Cfg.h
2026-02-05 18:46:29,784 - Knowledge - INFO - Async storage completed for 6 embeddings
2026-02-05 18:46:29,834 - Knowledge - INFO - process ingested knowledge for /app/data/T0015/315875/b34046x/arccore-315875/boards/stm32_stm3210c/examples/com_simple/Tasks.c
2026-02-05 18:46:29,958 - Knowledge - INFO - process ingested knowledge for /app/data/T0015/315875/b34046x/arccore-315875/boards/stm32_mcbstm32/examples/os_simple/config/EcuM.mk
2026-02-05 18:46:30,039 - Knowledge - INFO - process ingested knowledge for /app/data/T0015/315875/b34046x/arccore-315875/boards/ti_tms570ls/examples/rte_simple/config/Can_Lcfg.c
2026-02-05 18:46:30,145 - Knowledge - INFO - process ingested knowledge for /app/data/T0015/315875/b34046x/arccore-315875/boards/generic/Dcm_Cfg.h
2026-02-05 18:46:30,227 - Knowledge - INFO - process ingested knowledge for /app/data/T0015/315875/b34046x/arccore-315875/boards/stm32_stm3210c/examples/com_simple/config/PduR_PbCfg.c
2026-02-05 18:46:30,370 - Knowledge - INFO - Async storage completed for 6 embeddings
2026-02-05 18:46:30,384 - Knowledge - INFO - process ingested knowledge for /app/data/T0015/315875/b34046x/arccore-315875/boards/generic/CanTp_Cfg.h
2026-02-05 18:46:30,460 - Knowledge - INFO - process ingested knowledge for /app/data/T0015/315875/b34046x/arccore-315875/boards/ti_tms570ls/examples/rte_simple/config/Rte_Logger.c
2026-02-05 18:46:30,549 - Knowledge - INFO - Fast-tracked /app/data/T0015/315875/b34046x/arccore-315875/boards/ti_tms570ls/examples/os_simple/config/Det_Cfg.h (ext=.h, size=1120)
2026-02-05 18:46:30,629 - Knowledge - INFO - Worker kw15 processing /app/data/T0015/315875/b34046x/arccore-315875/boards/ti_tms570ls/examples/os_simple/build_config.mk
2026-02-05 18:46:30,711 - Knowledge - INFO - Worker kw11 processing /app/data/T0015/315875/b34046x/arccore-315875/boards/mpc5668_gkit/examples/os_simple/config/Os_Cfg.c
2026-02-05 18:46:30,787 - Knowledge - INFO - Fast-tracked /app/data/T0015/315875/b34046x/arccore-315875/boards/mpc5668_gkit/config/Wdg_Cfg.h (ext=.h, size=1350)
2026-02-05 18:46:30,900 - Knowledge - INFO - Fast-tracked /app/data/T0015/315875/b34046x/arccore-315875/boards/mpc5668_gkit/boot_info.mk (ext=.mk, size=101)
2026-02-05 18:46:31,068 - Knowledge - INFO - process ingested knowledge for /app/data/T0015/315875/b34046x/arccore-315875/boards/ti_tms570ls/examples/rte_simple/config/Rte_Logger.h
2026-02-05 18:46:31,161 - Knowledge - INFO - process ingested knowledge for /app/data/T0015/315875/b34046x/arccore-315875/boards/stm32_stm3210c/examples/os_simple/config/EcuM_Cfg.h
2026-02-05 18:46:31,361 - Knowledge - INFO - process ingested knowledge for /app/data/T0015/315875/b34046x/arccore-315875/boards/stm32_stm3210c/examples/os_simple/config/EcuM.mk
2026-02-05 18:46:31,447 - Knowledge - INFO - process ingested knowledge for /app/data/T0015/315875/b34046x/arccore-315875/boards/stm32_mcbstm32/examples/os_simple/config/EcuM_PBcfg.c
2026-02-05 18:46:31,534 - Knowledge - INFO - process ingested knowledge for /app/data/T0015/315875/b34046x/arccore-315875/boards/ti_tms570ls/examples/rte_simple/config/Calibration_Settings.h
2026-02-05 18:46:31,609 - Knowledge - INFO - process ingested knowledge for /app/data/T0015/315875/b34046x/arccore-315875/boards/generic/Fee_Cfg.h
2026-02-05 18:46:31,715 - Knowledge - INFO - process ingested knowledge for /app/data/T0015/315875/b34046x/arccore-315875/boards/stm32_stm3210c/examples/com_simple/config/CanIf_SpecialPdus.h
2026-02-05 18:46:31,945 - Knowledge - INFO - process ingested knowledge for /app/data/T0015/315875/b34046x/arccore-315875/boards/generic/Dem_Cfg.h
2026-02-05 18:46:32,060 - Knowledge - INFO - process ingested knowledge for /app/data/T0015/315875/b34046x/arccore-315875/boards/ti_tms570ls/examples/rte_simple/config/Rte_Cbk.c
2026-02-05 18:46:32,073 - Knowledge - INFO - [LLM_CALL] Completed: Os_Cfg.c:chunk1, Duration: 9126ms, PromptTokens: 3862, CompletionTokens: 301, Cost: $0.00051
2026-02-05 18:46:32,184 - Knowledge - INFO - Worker kw19 processing /app/data/T0015/315875/b34046x/arccore-315875/boards/ti_tms570ls/examples/os_simple/config/Mcu_Cfg.h
2026-02-05 18:46:32,408 - Knowledge - INFO - Fast-tracked /app/data/T0015/315875/b34046x/arccore-315875/boards/ti_tms570ls/examples/os_simple/build_config.mk (ext=.mk, size=195)
2026-02-05 18:46:32,472 - Knowledge - INFO - Worker kw11 processing /app/data/T0015/315875/b34046x/arccore-315875/boards/mpc5668_gkit/examples/os_simple/config/Det_Cfg.h
2026-02-05 18:46:32,618 - Knowledge - INFO - Worker kw9 processing /app/data/T0015/315875/b34046x/arccore-315875/boards/mpc5668_gkit/config/Dma_Cfg.h
2026-02-05 18:46:32,809 - Knowledge - INFO - Worker kw18 processing /app/data/T0015/315875/b34046x/arccore-315875/boards/mpc5668_gkit/build_config.mk
2026-02-05 18:46:33,406 - Knowledge - INFO - process ingested knowledge for /app/data/T0015/315875/b34046x/arccore-315875/boards/stm32_stm3210c/examples/os_simple/build_config.mk
2026-02-05 18:46:33,424 - Knowledge - INFO - process ingested knowledge for /app/data/T0015/315875/b34046x/arccore-315875/boards/stm32_mcbstm32/examples/os_simple/config/Os_Cfg.c
2026-02-05 18:46:33,439 - Knowledge - INFO - process ingested knowledge for /app/data/T0015/315875/b34046x/arccore-315875/boards/stm32_stm3210c/examples/os_simple/config/EcuM_PBcfg.c
2026-02-05 18:46:34,035 - Knowledge - INFO - process ingested knowledge for /app/data/T0015/315875/b34046x/arccore-315875/boards/generic/Fee_Memory_Cfg.h
2026-02-05 18:46:34,042 - Knowledge - INFO - process ingested knowledge for /app/data/T0015/315875/b34046x/arccore-315875/boards/stm32_stm3210c/examples/com_simple/config/Os_Cfg.h
2026-02-05 18:46:34,101 - Knowledge - INFO - done ingest for /app/data/T0015/315875/b34046x/arccore-315875/boards/ti_tms570ls/examples/rte_simple/config/Os_Cfg.c
2026-02-05 18:46:34,103 - Knowledge - INFO - [LLM_CALL] Completed: PduR_PbCfg.c:chunk1, Duration: 10412ms, PromptTokens: 3038, CompletionTokens: 241, Cost: $0.00040
2026-02-05 18:46:34,253 - Knowledge - INFO - Fast-tracked /app/data/T0015/315875/b34046x/arccore-315875/boards/ti_tms570ls/examples/os_simple/config/Mcu_Cfg.h (ext=.h, size=955)
2026-02-05 18:46:34,433 - Knowledge - INFO - Worker kw15 processing /app/data/T0015/315875/b34046x/arccore-315875/boards/mpc5668_gkit/config/Dma_Cfg.c
2026-02-05 18:46:34,450 - Knowledge - INFO - process ingested knowledge for /app/data/T0015/315875/b34046x/arccore-315875/boards/generic/Mcu_Arc_Cfg.h
2026-02-05 18:46:34,611 - Knowledge - INFO - Fast-tracked /app/data/T0015/315875/b34046x/arccore-315875/boards/mpc5668_gkit/examples/os_simple/config/Det_Cfg.h (ext=.h, size=1121)
2026-02-05 18:46:34,667 - Knowledge - INFO - Fast-tracked /app/data/T0015/315875/b34046x/arccore-315875/boards/mpc5668_gkit/config/Dma_Cfg.h (ext=.h, size=1087)
2026-02-05 18:46:34,804 - Knowledge - INFO - Fast-tracked /app/data/T0015/315875/b34046x/arccore-315875/boards/mpc5668_gkit/build_config.mk (ext=.mk, size=876)
2026-02-05 18:46:35,734 - Knowledge - INFO - done ingest for /app/data/T0015/315875/b34046x/arccore-315875/boards/ti_tms570ls/examples/rte_simple/config/PduR_PbCfg.c
2026-02-05 18:46:35,737 - Knowledge - INFO - [LLM_CALL] Completed: Rte_Type.h:chunk1, Duration: 12784ms, PromptTokens: 3746, CompletionTokens: 566, Cost: $0.00060
2026-02-05 18:46:35,985 - Knowledge - INFO - Fast-tracked /app/data/T0015/315875/b34046x/arccore-315875/boards/ti_tms570ls/examples/os_simple/config/Os_Cfg.h (small file (2970 bytes))
2026-02-05 18:46:36,144 - Knowledge - INFO - Worker kw11 processing /app/data/T0015/315875/b34046x/arccore-315875/boards/mpc5668_gkit/examples/os_simple/config/Mcu_Cfg.h
2026-02-05 18:46:36,354 - Knowledge - INFO - Worker kw18 processing /app/data/T0015/315875/b34046x/arccore-315875/boards/mpc5668_gkit/examples/os_simple/config/EcuM.mk
2026-02-05 18:46:36,539 - Knowledge - INFO - done ingest for /app/data/T0015/315875/b34046x/arccore-315875/boards/ti_tms570ls/examples/rte_simple/config/Rte_Type.h
2026-02-05 18:46:36,540 - Knowledge - INFO - [LLM_CALL] Completed: CanIf_Cfg.c:chunk1, Duration: 13599ms, PromptTokens: 4508, CompletionTokens: 265, Cost: $0.00056
2026-02-05 18:46:36,629 - Knowledge - INFO - Fast-tracked /app/data/T0015/315875/b34046x/arccore-315875/boards/mpc5668_gkit/config/Dma_Cfg.c (small file (2200 bytes))
2026-02-05 18:46:36,702 - Knowledge - INFO - Fast-tracked /app/data/T0015/315875/b34046x/arccore-315875/boards/mpc5668_gkit/examples/os_simple/config/Mcu_Cfg.h (ext=.h, size=996)
2026-02-05 18:46:36,790 - Knowledge - INFO - Fast-tracked /app/data/T0015/315875/b34046x/arccore-315875/boards/mpc5668_gkit/examples/os_simple/config/EcuM.mk (ext=.mk, size=37)
2026-02-05 18:46:36,967 - Knowledge - INFO - done ingest for /app/data/T0015/315875/b34046x/arccore-315875/boards/ti_tms570ls/examples/rte_simple/config/CanIf_Cfg.c
2026-02-05 18:46:36,968 - Knowledge - INFO - done ingest for /app/data/T0015/315875/b34046x/arccore-315875/boards/ti_tms570ls/examples/rte_simple/config/EcuM_PBcfg.c
2026-02-05 18:46:36,969 - Knowledge - INFO - [LLM_CALL] Completed: Can_Cfg.h:chunk1, Duration: 8156ms, PromptTokens: 4132, CompletionTokens: 305, Cost: $0.00054
2026-02-05 18:46:37,069 - Knowledge - INFO - Async storage completed for 6 embeddings
2026-02-05 18:46:37,153 - Knowledge - INFO - Worker kw11 processing /app/data/T0015/315875/b34046x/arccore-315875/boards/mpc5668_gkit/examples/os_simple/config/Mcu_Cfg.c
2026-02-05 18:46:37,248 - Knowledge - INFO - Fast-tracked /app/data/T0015/315875/b34046x/arccore-315875/boards/mpc5668_gkit/config/Mcu_Arc_Cfg.h (small file (2081 bytes))
2026-02-05 18:46:37,649 - Knowledge - INFO - done ingest for /app/data/T0015/315875/b34046x/arccore-315875/boards/ti_tms570ls/examples/rte_simple/config/Can_Cfg.h
2026-02-05 18:46:37,672 - Knowledge - INFO - [LLM_CALL] Completed: Com_PbCfg.c:chunk1, Duration: 11276ms, PromptTokens: 7616, CompletionTokens: 210, Cost: $0.00085
2026-02-05 18:46:37,886 - Knowledge - INFO - Fast-tracked /app/data/T0015/315875/b34046x/arccore-315875/boards/mpc5668_gkit/examples/os_simple/config/Mcu_Cfg.c (ext=.c, size=864)
2026-02-05 18:46:38,076 - Knowledge - INFO - Async storage completed for 6 embeddings
2026-02-05 18:46:38,264 - Knowledge - INFO - done ingest for /app/data/T0015/315875/b34046x/arccore-315875/boards/ti_tms570ls/examples/rte_simple/config/Com_PbCfg.c
2026-02-05 18:46:39,592 - Knowledge - INFO - [WEBSOCKET] Sent: Type=progress_update, Size: 294, Duration: 0ms
2026-02-05 18:46:39,593 - Knowledge - INFO - [kw8] Queue=99, InProgress=0, PendingWorkers=20/20, Completed=935/1086 (86.1%)
2026-02-05 18:46:39,814 - Knowledge - INFO - [WEBSOCKET] Sent: Type=unknown, Size: ?, Duration: 222ms
2026-02-05 18:46:39,922 - Knowledge - INFO - Batch sizing: calculated=4, max_allowed=10, queue=99, active_workers=20/20
2026-02-05 18:46:40,002 - Knowledge - INFO - Progress: 86.1% | Files: 940/1086 | Rate: 1.69 files/sec | Queue: 99
2026-02-05 18:46:40,003 - Knowledge - INFO - [LLM_CALL] Completed: Os_Cfg.h:chunk1, Duration: 15475ms, PromptTokens: 2680, CompletionTokens: 692, Cost: $0.00054
2026-02-05 18:46:40,295 - Knowledge - INFO - done ingest for /app/data/T0015/315875/b34046x/arccore-315875/boards/ti_tms570ls/examples/rte_simple/config/Os_Cfg.h
2026-02-05 18:46:40,367 - Knowledge - INFO - [kw13] Queue=99, InProgress=0, PendingWorkers=20/20, Completed=941/1086 (86.6%)
2026-02-05 18:46:40,423 - Knowledge - INFO - Async storing batch of 5 embeddings
2026-02-05 18:46:40,542 - Knowledge - INFO - [kw16] Queue=95, InProgress=0, PendingWorkers=20/20, Completed=941/1086 (86.6%)
2026-02-05 18:46:40,578 - Knowledge - INFO - Batch sizing: calculated=4, max_allowed=10, queue=99, active_workers=20/20
2026-02-05 18:46:40,692 - Knowledge - INFO - Worker kw8 processing /app/data/T0015/315875/b34046x/arccore-315875/boards/mpc5668_gkit/examples/os_simple/config/Os_Cfg.h
2026-02-05 18:46:40,712 - Knowledge - INFO - [kw6] Queue=95, InProgress=0, PendingWorkers=20/20, Completed=948/1086 (87.3%)
2026-02-05 18:46:40,774 - Knowledge - INFO - Batch sizing: calculated=4, max_allowed=10, queue=95, active_workers=20/20
2026-02-05 18:46:40,807 - Knowledge - INFO - Processing batch of 5 files
2026-02-05 18:46:40,962 - Knowledge - INFO - Worker kw8 processing /app/data/T0015/315875/b34046x/arccore-315875/boards/mpc5668_gkit/examples/os_simple/config/EcuM_Cfg.h
2026-02-05 18:46:41,055 - Knowledge - INFO - Batch sizing: calculated=4, max_allowed=10, queue=95, active_workers=20/20
2026-02-05 18:46:41,175 - Knowledge - INFO - [LLM_CALL] Completed: Rte.c:chunk1, Duration: 14217ms, PromptTokens: 3444, CompletionTokens: 857, Cost: $0.00069
2026-02-05 18:46:41,179 - Knowledge - INFO - [kw5] Queue=95, InProgress=0, PendingWorkers=20/20, Completed=956/1086 (88.0%)
2026-02-05 18:46:41,306 - Knowledge - INFO - process ingested knowledge for /app/data/T0015/315875/b34046x/arccore-315875/boards/mpc5668_gkit/config/Mcu_Arc_Cfg.h
2026-02-05 18:46:41,315 - Knowledge - INFO - Async storage completed for 6 embeddings
2026-02-05 18:46:41,393 - Knowledge - INFO - Fast-tracked /app/data/T0015/315875/b34046x/arccore-315875/boards/mpc5668_gkit/examples/os_simple/config/EcuM_Cfg.h (ext=.h, size=1371)
2026-02-05 18:46:41,593 - Knowledge - INFO - done ingest for /app/data/T0015/315875/b34046x/arccore-315875/boards/ti_tms570ls/examples/rte_simple/config/Rte.c
2026-02-05 18:46:41,597 - Knowledge - INFO - Async storing batch of 5 embeddings
2026-02-05 18:46:41,600 - Knowledge - INFO - [kw3] Queue=83, InProgress=0, PendingWorkers=20/20, Completed=961/1086 (88.5%)
2026-02-05 18:46:41,601 - Knowledge - INFO - [kw7] Queue=83, InProgress=0, PendingWorkers=20/20, Completed=961/1086 (88.5%)
2026-02-05 18:46:41,602 - Knowledge - INFO - Async storing batch of 6 embeddings
2026-02-05 18:46:41,602 - Knowledge - INFO - Async storing batch of 5 embeddings
2026-02-05 18:46:41,602 - Knowledge - INFO - [WEBSOCKET] Sent: Type=progress_update, Size: 294, Duration: 0ms
2026-02-05 18:46:41,706 - Knowledge - INFO - Batch sizing: calculated=4, max_allowed=10, queue=95, active_workers=20/20
2026-02-05 18:46:41,781 - Knowledge - INFO - process ingested knowledge for /app/data/T0015/315875/b34046x/arccore-315875/boards/mpc5668_gkit/board_info.txt
2026-02-05 18:46:41,998 - Knowledge - INFO - Worker kw8 processing /app/data/T0015/315875/b34046x/arccore-315875/boards/mpc5668_gkit/examples/os_simple/build_config.mk
2026-02-05 18:46:42,178 - Knowledge - INFO - Worker kw13 processing /app/data/T0015/315875/b34046x/arccore-315875/boards/hcs12_elmicro_card12/build_config.mk
2026-02-05 18:46:42,260 - Knowledge - INFO - Batch sizing: calculated=4, max_allowed=10, queue=83, active_workers=20/20
2026-02-05 18:46:42,338 - Knowledge - INFO - Batch sizing: calculated=4, max_allowed=10, queue=83, active_workers=20/20
2026-02-05 18:46:42,427 - Knowledge - INFO - Worker kw6 processing /app/data/T0015/315875/b34046x/arccore-315875/boards/hcs12_elmicro_card12/examples/os_simple/config/EcuM_Cfg.h
2026-02-05 18:46:42,533 - Knowledge - INFO - Worker kw16 processing /app/data/T0015/315875/b34046x/arccore-315875/boards/hcs12_elmicro_card12/examples/os_simple/config/Det_Cfg.h
2026-02-05 18:46:42,615 - Knowledge - INFO - Processing batch of 5 files
2026-02-05 18:46:42,615 - Knowledge - INFO - [WEBSOCKET] Sent: Type=unknown, Size: ?, Duration: 1013ms
2026-02-05 18:46:42,854 - Knowledge - INFO - process ingested knowledge for /app/data/T0015/315875/b34046x/arccore-315875/boards/mpc5668_gkit/boot_info.mk
2026-02-05 18:46:42,978 - Knowledge - INFO - Fast-tracked /app/data/T0015/315875/b34046x/arccore-315875/boards/mpc5668_gkit/examples/os_simple/build_config.mk (ext=.mk, size=241)
2026-02-05 18:46:43,055 - Knowledge - INFO - Fast-tracked /app/data/T0015/315875/b34046x/arccore-315875/boards/hcs12_elmicro_card12/build_config.mk (ext=.mk, size=787)
2026-02-05 18:46:43,322 - Knowledge - INFO - Fast-tracked /app/data/T0015/315875/b34046x/arccore-315875/boards/hcs12_elmicro_card12/examples/os_simple/config/EcuM_Cfg.h (ext=.h, size=1363)
2026-02-05 18:46:43,370 - Knowledge - INFO - Async storage completed for 6 embeddings
2026-02-05 18:46:43,427 - Knowledge - INFO - Fast-tracked /app/data/T0015/315875/b34046x/arccore-315875/boards/hcs12_elmicro_card12/examples/os_simple/config/Det_Cfg.h (ext=.h, size=1119)
2026-02-05 18:46:43,520 - Knowledge - INFO - process ingested knowledge for /app/data/T0015/315875/b34046x/arccore-315875/boards/ti_tms570ls/examples/rte_simple/config/Rte_Type.h
2026-02-05 18:46:43,643 - Knowledge - INFO - Progress: 88.4% | Files: 963/1086 | Rate: 1.72 files/sec | Queue: 71
2026-02-05 18:46:43,644 - Knowledge - INFO - [kw20] Queue=71, InProgress=0, PendingWorkers=20/20, Completed=963/1086 (88.7%)
2026-02-05 18:46:43,644 - Knowledge - INFO - Processing batch of 5 files
2026-02-05 18:46:43,645 - Knowledge - INFO - Processing batch of 5 files
2026-02-05 18:46:43,645 - Knowledge - INFO - Processing batch of 5 files
2026-02-05 18:46:43,646 - Knowledge - INFO - Async storing batch of 6 embeddings
2026-02-05 18:46:43,647 - Knowledge - INFO - Async storing batch of 6 embeddings
2026-02-05 18:46:43,648 - Knowledge - INFO - Async storing batch of 6 embeddings
2026-02-05 18:46:43,683 - Knowledge - INFO - Processing batch of 5 files
2026-02-05 18:46:43,690 - Knowledge - INFO - Processing batch of 5 files
2026-02-05 18:46:43,703 - Knowledge - INFO - Processing batch of 5 files
2026-02-05 18:46:43,752 - Knowledge - INFO - process ingested knowledge for /app/data/T0015/315875/b34046x/arccore-315875/boards/mpc5668_gkit/build_config.mk
2026-02-05 18:46:43,834 - Knowledge - INFO - Worker kw8 processing /app/data/T0015/315875/b34046x/arccore-315875/boards/hcs12_elmicro_card12/board_info.txt
2026-02-05 18:46:43,937 - Knowledge - INFO - Worker kw13 processing /app/data/T0015/315875/b34046x/arccore-315875/boards/hcs12_elmicro_card12/examples/os_simple/config/EcuM.mk
2026-02-05 18:46:44,047 - Knowledge - INFO - Worker kw6 processing /app/data/T0015/315875/b34046x/arccore-315875/boards/hcs12_elmicro_card12/examples/os_simple/build_config.mk
2026-02-05 18:46:44,246 - Knowledge - INFO - Worker kw16 processing /app/data/T0015/315875/b34046x/arccore-315875/boards/hcs12_elmicro_card12/examples/os_simple/config/Mcu_Cfg.h
2026-02-05 18:46:44,372 - Knowledge - INFO - process ingested knowledge for /app/data/T0015/315875/b34046x/arccore-315875/boards/ti_tms570ls/examples/rte_simple/config/Rte_Data.h
2026-02-05 18:46:44,454 - Knowledge - INFO - [kw4] Queue=71, InProgress=0, PendingWorkers=20/20, Completed=972/1086 (89.5%)
2026-02-05 18:46:44,509 - Knowledge - INFO - Async storage completed for 5 embeddings
2026-02-05 18:46:44,530 - Knowledge - INFO - Batch sizing: calculated=4, max_allowed=10, queue=71, active_workers=20/20
2026-02-05 18:46:44,632 - Knowledge - INFO - process ingested knowledge for /app/data/T0015/315875/b34046x/arccore-315875/boards/ti_tms570ls/examples/rte_simple/config/Rte_Data.c
2026-02-05 18:46:44,710 - Knowledge - INFO - process ingested knowledge for /app/data/T0015/315875/b34046x/arccore-315875/boards/ti_tms570ls/examples/rte_simple/config/Rte_Logger2_Internal.h
2026-02-05 18:46:44,795 - Knowledge - INFO - process ingested knowledge for /app/data/T0015/315875/b34046x/arccore-315875/boards/ti_tms570ls/examples/rte_simple/config/Os_Cfg.c
2026-02-05 18:46:44,941 - Knowledge - INFO - Worker kw3 processing /app/data/T0015/315875/b34046x/arccore-315875/boards/hcs12_elmicro_card12/examples/blinker/config/Det_Cfg.h
2026-02-05 18:46:45,061 - Knowledge - INFO - Worker kw7 processing /app/data/T0015/315875/b34046x/arccore-315875/boards/hcs12_elmicro_card12/examples/blinker/config/CanIf_Cfg.h
2026-02-05 18:46:45,084 - Knowledge - INFO - [LLM_CALL] Completed: Os_Cfg.c:chunk1, Duration: 3482ms, PromptTokens: 3062, CompletionTokens: 268, Cost: $0.00041
2026-02-05 18:46:45,165 - Knowledge - INFO - Worker kw5 processing /app/data/T0015/315875/b34046x/arccore-315875/boards/hcs12_elmicro_card12/examples/blinker/config/Dio_Lcfg.c
2026-02-05 18:46:45,248 - Knowledge - INFO - process ingested knowledge for /app/data/T0015/315875/b34046x/arccore-315875/boards/ti_tms570ls/examples/os_simple/config/Mcu_Cfg.c
2026-02-05 18:46:45,329 - Knowledge - INFO - process ingested knowledge for /app/data/T0015/315875/b34046x/arccore-315875/boards/ti_tms570ls/examples/rte_simple/config/Os_Cfg.h
2026-02-05 18:46:45,430 - Knowledge - INFO - process ingested knowledge for /app/data/T0015/315875/b34046x/arccore-315875/boards/ti_tms570ls/examples/rte_simple/config/Dio_Lcfg.c
2026-02-05 18:46:45,518 - Knowledge - INFO - process ingested knowledge for /app/data/T0015/315875/b34046x/arccore-315875/boards/mpc5668_gkit/examples/os_simple/config/EcuM.mk
2026-02-05 18:46:45,602 - Knowledge - INFO - Fast-tracked /app/data/T0015/315875/b34046x/arccore-315875/boards/hcs12_elmicro_card12/board_info.txt (ext=.txt, size=644)
2026-02-05 18:46:45,705 - Knowledge - INFO - Fast-tracked /app/data/T0015/315875/b34046x/arccore-315875/boards/hcs12_elmicro_card12/examples/os_simple/config/EcuM.mk (ext=.mk, size=37)
2026-02-05 18:46:45,824 - Knowledge - INFO - Fast-tracked /app/data/T0015/315875/b34046x/arccore-315875/boards/hcs12_elmicro_card12/examples/os_simple/build_config.mk (ext=.mk, size=293)
2026-02-05 18:46:45,918 - Knowledge - INFO - Fast-tracked /app/data/T0015/315875/b34046x/arccore-315875/boards/hcs12_elmicro_card12/examples/os_simple/config/Mcu_Cfg.h (ext=.h, size=963)
2026-02-05 18:46:46,031 - Knowledge - INFO - process ingested knowledge for /app/data/T0015/315875/b34046x/arccore-315875/boards/ti_tms570ls/examples/rte_simple/config/Mcu_Cfg.h
2026-02-05 18:46:46,121 - Knowledge - INFO - Batch sizing: calculated=4, max_allowed=10, queue=71, active_workers=20/20
2026-02-05 18:46:46,465 - Knowledge - INFO - process ingested knowledge for /app/data/T0015/315875/b34046x/arccore-315875/boards/ti_tms570ls/examples/rte_simple/config/Mcu_Cfg.c
2026-02-05 18:46:46,542 - Knowledge - INFO - process ingested knowledge for /app/data/T0015/315875/b34046x/arccore-315875/boards/ti_tms570ls/examples/rte_simple/config/Dio_Cfg.h
2026-02-05 18:46:46,662 - Knowledge - INFO - process ingested knowledge for /app/data/T0015/315875/b34046x/arccore-315875/boards/ti_tms570ls/examples/rte_simple/config/Det_Cfg.h
2026-02-05 18:46:46,757 - Knowledge - INFO - Fast-tracked /app/data/T0015/315875/b34046x/arccore-315875/boards/hcs12_elmicro_card12/examples/blinker/config/Det_Cfg.h (ext=.h, size=1119)
2026-02-05 18:46:46,849 - Knowledge - INFO - Fast-tracked /app/data/T0015/315875/b34046x/arccore-315875/boards/hcs12_elmicro_card12/examples/blinker/config/CanIf_Cfg.h (ext=.h, size=1800)
2026-02-05 18:46:46,932 - Knowledge - INFO - done ingest for /app/data/T0015/315875/b34046x/arccore-315875/boards/ti_tms570ls/examples/os_simple/config/Os_Cfg.c
2026-02-05 18:46:46,932 - Knowledge - INFO - Async storing batch of 6 embeddings
2026-02-05 18:46:47,045 - Knowledge - INFO - Fast-tracked /app/data/T0015/315875/b34046x/arccore-315875/boards/hcs12_elmicro_card12/examples/blinker/config/Dio_Lcfg.c (ext=.c, size=733)
2026-02-05 18:46:47,168 - Knowledge - INFO - process ingested knowledge for /app/data/T0015/315875/b34046x/arccore-315875/boards/ti_tms570ls/examples/os_simple/config/Os_Cfg.h
2026-02-05 18:46:47,258 - Knowledge - INFO - process ingested knowledge for /app/data/T0015/315875/b34046x/arccore-315875/boards/ti_tms570ls/examples/rte_simple/config/Rte_Tester.h
2026-02-05 18:46:47,350 - Knowledge - INFO - process ingested knowledge for /app/data/T0015/315875/b34046x/arccore-315875/boards/ti_tms570ls/examples/rte_simple/config/Com_Cfg.h
2026-02-05 18:46:47,576 - Knowledge - INFO - Fast-tracked /app/data/T0015/315875/b34046x/arccore-315875/boards/mpc5668_gkit/examples/os_simple/config/Os_Cfg.h (small file (2971 bytes))
2026-02-05 18:46:47,646 - Knowledge - INFO - Worker kw13 processing /app/data/T0015/315875/b34046x/arccore-315875/boards/hcs12_elmicro_card12/examples/os_simple/config/EcuM_PBcfg.c
2026-02-05 18:46:47,736 - Knowledge - INFO - Worker kw6 processing /app/data/T0015/315875/b34046x/arccore-315875/boards/hcs12_elmicro_card12/examples/blinker/config/EcuM.mk
2026-02-05 18:46:47,824 - Knowledge - INFO - done ingest for /app/data/T0015/315875/b34046x/arccore-315875/boards/mpc5668_gkit/examples/os_simple/config/Os_Cfg.c
2026-02-05 18:46:47,829 - Knowledge - INFO - Worker kw16 processing /app/data/T0015/315875/b34046x/arccore-315875/boards/hcs12_elmicro_card12/examples/os_simple/config/Mcu_Cfg.c
2026-02-05 18:46:47,932 - Knowledge - INFO - process ingested knowledge for /app/data/T0015/315875/b34046x/arccore-315875/boards/ti_tms570ls/examples/rte_simple/config/Port_Cfg.h
2026-02-05 18:46:48,108 - Knowledge - INFO - Async storing batch of 6 embeddings
2026-02-05 18:46:48,249 - Knowledge - INFO - process ingested knowledge for /app/data/T0015/315875/b34046x/arccore-315875/boards/ti_tms570ls/examples/rte_simple/config/Port_Cfg.c
2026-02-05 18:46:48,280 - Knowledge - INFO - [kw18] Queue=63, InProgress=0, PendingWorkers=20/20, Completed=972/1086 (89.5%)
2026-02-05 18:46:48,292 - Knowledge - INFO - process ingested knowledge for /app/data/T0015/315875/b34046x/arccore-315875/boards/ti_tms570ls/examples/rte_simple/config/Rte.mk
2026-02-05 18:46:48,384 - Knowledge - INFO - process ingested knowledge for /app/data/T0015/315875/b34046x/arccore-315875/boards/ti_tms570ls/examples/rte_simple/config/Rte_Logger2.h
2026-02-05 18:46:48,472 - Knowledge - INFO - Worker kw3 processing /app/data/T0015/315875/b34046x/arccore-315875/boards/hcs12_elmicro_card12/examples/blinker/config/PduR_PbCfg.h
2026-02-05 18:46:48,573 - Knowledge - INFO - Worker kw7 processing /app/data/T0015/315875/b34046x/arccore-315875/boards/hcs12_elmicro_card12/examples/blinker/config/Com_PbCfg.h
2026-02-05 18:46:48,809 - Knowledge - INFO - Worker kw20 processing /app/data/T0015/315875/b34046x/arccore-315875/boards/hcs12_elmicro_card12/examples/blinker/config/CanIf_Cfg.c
2026-02-05 18:46:48,837 - Knowledge - INFO - [LLM_CALL] Completed: EcuM_PBcfg.c:chunk1, Duration: 10372ms, PromptTokens: 2908, CompletionTokens: 255, Cost: $0.00039
2026-02-05 18:46:48,902 - Knowledge - INFO - Worker kw5 processing /app/data/T0015/315875/b34046x/arccore-315875/boards/hcs12_elmicro_card12/examples/blinker/config/Com_Cfg.h
2026-02-05 18:46:49,004 - Knowledge - INFO - process ingested knowledge for /app/data/T0015/315875/b34046x/arccore-315875/boards/ti_tms570ls/examples/os_simple/config/EcuM_Cfg.h
2026-02-05 18:46:49,083 - Knowledge - INFO - process ingested knowledge for /app/data/T0015/315875/b34046x/arccore-315875/boards/ti_tms570ls/examples/rte_simple/config/Can_Cfg.h
2026-02-05 18:46:49,168 - Knowledge - INFO - process ingested knowledge for /app/data/T0015/315875/b34046x/arccore-315875/boards/ti_tms570ls/examples/rte_simple/config/EcuM_PBcfg.c
2026-02-05 18:46:49,253 - Knowledge - INFO - Async storage completed for 5 embeddings
2026-02-05 18:46:49,370 - Knowledge - INFO - Worker kw13 processing /app/data/T0015/315875/b34046x/arccore-315875/boards/hcs12_elmicro_card12/examples/os_simple/config/Os_Cfg.c
2026-02-05 18:46:49,456 - Knowledge - INFO - Fast-tracked /app/data/T0015/315875/b34046x/arccore-315875/boards/hcs12_elmicro_card12/examples/blinker/config/EcuM.mk (ext=.mk, size=65)
2026-02-05 18:46:49,653 - Knowledge - INFO - Fast-tracked /app/data/T0015/315875/b34046x/arccore-315875/boards/hcs12_elmicro_card12/examples/os_simple/config/Mcu_Cfg.c (ext=.c, size=841)
2026-02-05 18:46:49,758 - Knowledge - INFO - process ingested knowledge for /app/data/T0015/315875/b34046x/arccore-315875/boards/ti_tms570ls/examples/rte_simple/config/Rte_Calculator.h
2026-02-05 18:46:49,834 - Knowledge - INFO - Worker kw4 processing /app/data/T0015/315875/b34046x/arccore-315875/boards/hcs12_elmicro_card12/examples/blinker/config/PduR_PbCfg.c
2026-02-05 18:46:49,917 - Knowledge - INFO - process ingested knowledge for /app/data/T0015/315875/b34046x/arccore-315875/boards/ti_tms570ls/examples/rte_simple/config/Rte_Calculator.c
2026-02-05 18:46:50,030 - Knowledge - INFO - Batch sizing: calculated=4, max_allowed=10, queue=63, active_workers=20/20
2026-02-05 18:46:50,153 - Knowledge - INFO - process ingested knowledge for /app/data/T0015/315875/b34046x/arccore-315875/boards/ti_tms570ls/examples/rte_simple/config/CanIf_Cfg.c
2026-02-05 18:46:50,262 - Knowledge - INFO - process ingested knowledge for /app/data/T0015/315875/b34046x/arccore-315875/boards/ti_tms570ls/examples/rte_simple/config/Rte_Tester.c
2026-02-05 18:46:50,354 - Knowledge - INFO - Fast-tracked /app/data/T0015/315875/b34046x/arccore-315875/boards/hcs12_elmicro_card12/examples/blinker/config/PduR_PbCfg.h (ext=.h, size=929)
2026-02-05 18:46:50,428 - Knowledge - INFO - Fast-tracked /app/data/T0015/315875/b34046x/arccore-315875/boards/hcs12_elmicro_card12/examples/blinker/config/Com_PbCfg.h (ext=.h, size=871)
2026-02-05 18:46:50,507 - Knowledge - INFO - Worker kw20 processing /app/data/T0015/315875/b34046x/arccore-315875/boards/hcs12_elmicro_card12/examples/blinker/config/Com_PbCfg.c
2026-02-05 18:46:50,587 - Knowledge - INFO - done ingest for /app/data/T0015/315875/b34046x/arccore-315875/boards/ti_tms570ls/examples/os_simple/config/EcuM_PBcfg.c
2026-02-05 18:46:50,590 - Knowledge - INFO - [LLM_CALL] Completed: Fls_Cfg.c:chunk1, Duration: 6944ms, PromptTokens: 3268, CompletionTokens: 186, Cost: $0.00040
2026-02-05 18:46:50,719 - Knowledge - INFO - Fast-tracked /app/data/T0015/315875/b34046x/arccore-315875/boards/hcs12_elmicro_card12/examples/blinker/config/Com_Cfg.h (ext=.h, size=1143)
2026-02-05 18:46:50,832 - Knowledge - INFO - process ingested knowledge for /app/data/T0015/315875/b34046x/arccore-315875/boards/ti_tms570ls/examples/os_simple/build_config.mk
2026-02-05 18:46:50,952 - Knowledge - INFO - process ingested knowledge for /app/data/T0015/315875/b34046x/arccore-315875/boards/ti_tms570ls/examples/rte_simple/config/EcuM_Cfg.h
2026-02-05 18:46:51,059 - Knowledge - INFO - process ingested knowledge for /app/data/T0015/315875/b34046x/arccore-315875/boards/ti_tms570ls/examples/rte_simple/config/Rte_Logger_Internal.h
2026-02-05 18:46:51,362 - Knowledge - INFO - Worker kw6 processing /app/data/T0015/315875/b34046x/arccore-315875/boards/hcs12_elmicro_card12/examples/blinker/config/PduR_Cfg.h
2026-02-05 18:46:51,440 - Knowledge - INFO - Worker kw16 processing /app/data/T0015/315875/b34046x/arccore-315875/boards/hcs12_elmicro_card12/examples/os_simple/config/Os_Cfg.h
2026-02-05 18:46:51,589 - Knowledge - INFO - Fast-tracked /app/data/T0015/315875/b34046x/arccore-315875/boards/hcs12_elmicro_card12/examples/blinker/config/PduR_PbCfg.c (ext=.c, size=467)
2026-02-05 18:46:51,683 - Knowledge - INFO - process ingested knowledge for /app/data/T0015/315875/b34046x/arccore-315875/boards/ti_tms570ls/examples/rte_simple/config/PduR_PbCfg.c
2026-02-05 18:46:51,908 - Knowledge - INFO - process ingested knowledge for /app/data/T0015/315875/b34046x/arccore-315875/boards/ti_tms570ls/examples/rte_simple/config/Com_PbCfg.c
2026-02-05 18:46:51,999 - Knowledge - INFO - process ingested knowledge for /app/data/T0015/315875/b34046x/arccore-315875/boards/ti_tms570ls/examples/rte_simple/config/PduR_PbCfg.h
2026-02-05 18:46:52,035 - Knowledge - INFO - Worker kw3 processing /app/data/T0015/315875/b34046x/arccore-315875/boards/hcs12_elmicro_card12/examples/blinker/config/Mcu_Cfg.h
2026-02-05 18:46:52,123 - Knowledge - INFO - Worker kw7 processing /app/data/T0015/315875/b34046x/arccore-315875/boards/hcs12_elmicro_card12/examples/blinker/config/Can_Lcfg.c
2026-02-05 18:46:52,239 - Knowledge - INFO - Worker kw20 processing /app/data/T0015/315875/b34046x/arccore-315875/boards/hcs12_elmicro_card12/examples/blinker/config/Mcu_Cfg.c
2026-02-05 18:46:52,465 - Knowledge - INFO - done ingest for /app/data/T0015/315875/b34046x/arccore-315875/boards/mpc5668_gkit/config/Fls_Cfg.c
2026-02-05 18:46:52,465 - Knowledge - INFO - done ingest for /app/data/T0015/315875/b34046x/arccore-315875/boards/mpc5668_gkit/examples/os_simple/config/EcuM_PBcfg.c
2026-02-05 18:46:52,466 - Knowledge - INFO - Async storing batch of 5 embeddings
2026-02-05 18:46:52,466 - Knowledge - INFO - [kw12] Queue=59, InProgress=0, PendingWorkers=20/20, Completed=975/1086 (89.8%)
2026-02-05 18:46:52,508 - Knowledge - INFO - Processing batch of 4 files
2026-02-05 18:46:52,519 - Knowledge - INFO - Processing batch of 5 files
2026-02-05 18:46:52,552 - Knowledge - INFO - Worker kw5 processing /app/data/T0015/315875/b34046x/arccore-315875/boards/hcs12_elmicro_card12/examples/blinker/config/EcuM_PBcfg.c
2026-02-05 18:46:52,652 - Knowledge - INFO - process ingested knowledge for /app/data/T0015/315875/b34046x/arccore-315875/boards/mpc5668_gkit/config/Dma_Cfg.c
2026-02-05 18:46:52,738 - Knowledge - INFO - process ingested knowledge for /app/data/T0015/315875/b34046x/arccore-315875/boards/ti_tms570ls/examples/rte_simple/build_config.mk
2026-02-05 18:46:52,824 - Knowledge - INFO - process ingested knowledge for /app/data/T0015/315875/b34046x/arccore-315875/boards/ti_tms570ls/examples/rte_simple/config/Rte.c
2026-02-05 18:46:53,020 - Knowledge - INFO - Fast-tracked /app/data/T0015/315875/b34046x/arccore-315875/boards/hcs12_elmicro_card12/examples/os_simple/config/Os_Cfg.h (small file (2968 bytes))
2026-02-05 18:46:53,098 - Knowledge - INFO - Worker kw4 processing /app/data/T0015/315875/b34046x/arccore-315875/boards/hcs12_elmicro_card12/examples/blinker/config/CanIf_SpecialPdus.h
2026-02-05 18:46:53,415 - Knowledge - INFO - Fast-tracked /app/data/T0015/315875/b34046x/arccore-315875/boards/hcs12_elmicro_card12/examples/blinker/config/Mcu_Cfg.h (ext=.h, size=963)
2026-02-05 18:46:53,524 - Knowledge - INFO - Worker kw7 processing /app/data/T0015/315875/b34046x/arccore-315875/boards/hcs12_elmicro_card12/examples/blinker/config/Dio_Cfg.h
2026-02-05 18:46:53,613 - Knowledge - INFO - Fast-tracked /app/data/T0015/315875/b34046x/arccore-315875/boards/hcs12_elmicro_card12/examples/blinker/config/Mcu_Cfg.c (ext=.c, size=841)
2026-02-05 18:46:53,959 - Knowledge - INFO - Worker kw18 processing /app/data/T0015/315875/b34046x/arccore-315875/boards/hcs12_elmicro_card12/examples/blinker/config/EcuM_Cfg.h
2026-02-05 18:46:54,069 - Knowledge - INFO - Batch sizing: calculated=4, max_allowed=10, queue=59, active_workers=20/20
2026-02-05 18:46:54,210 - Knowledge - INFO - process ingested knowledge for /app/data/T0015/315875/b34046x/arccore-315875/boards/mpc5668_gkit/examples/os_simple/config/Os_Cfg.h
2026-02-05 18:46:54,305 - Knowledge - INFO - process ingested knowledge for /app/data/T0015/315875/b34046x/arccore-315875/boards/ti_tms570ls/examples/os_simple/config/EcuM.mk
2026-02-05 18:46:54,401 - Knowledge - INFO - Worker kw5 processing /app/data/T0015/315875/b34046x/arccore-315875/boards/hcs12_elmicro_card12/examples/blinker/config/Os_Cfg.c
2026-02-05 18:46:54,494 - Knowledge - INFO - [LLM_CALL] Completed: Mcu_Arc_Cfg.c:chunk1, Duration: 16838ms, PromptTokens: 4864, CompletionTokens: 473, Cost: $0.00068
2026-02-05 18:46:54,766 - Knowledge - INFO - Async storage completed for 5 embeddings
2026-02-05 18:46:54,844 - Knowledge - INFO - Fast-tracked /app/data/T0015/315875/b34046x/arccore-315875/boards/hcs12_elmicro_card12/examples/blinker/config/CanIf_SpecialPdus.h (ext=.h, size=530)
2026-02-05 18:46:54,949 - Knowledge - INFO - Worker kw3 processing /app/data/T0015/315875/b34046x/arccore-315875/boards/hcs12_elmicro_card12/examples/blinker/config/Port_Cfg.h
2026-02-05 18:46:55,029 - Knowledge - INFO - Fast-tracked /app/data/T0015/315875/b34046x/arccore-315875/boards/hcs12_elmicro_card12/examples/blinker/config/Dio_Cfg.h (ext=.h, size=1237)
2026-02-05 18:46:55,101 - Knowledge - INFO - Worker kw20 processing /app/data/T0015/315875/b34046x/arccore-315875/boards/hcs12_elmicro_card12/examples/blinker/config/Port_Cfg.c
2026-02-05 18:46:55,126 - Knowledge - INFO - Async storage completed for 5 embeddings
2026-02-05 18:46:55,176 - Knowledge - INFO - Fast-tracked /app/data/T0015/315875/b34046x/arccore-315875/boards/hcs12_elmicro_card12/examples/blinker/config/EcuM_Cfg.h (ext=.h, size=1363)
2026-02-05 18:46:55,222 - Knowledge - INFO - Async storage completed for 6 embeddings
2026-02-05 18:46:55,637 - Knowledge - INFO - process ingested knowledge for /app/data/T0015/315875/b34046x/arccore-315875/boards/mpc5668_gkit/examples/os_simple/config/EcuM_Cfg.h
2026-02-05 18:46:55,639 - Knowledge - INFO - process ingested knowledge for /app/data/T0015/315875/b34046x/arccore-315875/boards/ti_tms570ls/examples/os_simple/config/EcuM_PBcfg.c
2026-02-05 18:46:55,668 - Knowledge - INFO - done ingest for /app/data/T0015/315875/b34046x/arccore-315875/boards/mpc5668_gkit/config/Mcu_Arc_Cfg.c
2026-02-05 18:46:55,672 - Knowledge - INFO - Async storing batch of 5 embeddings
2026-02-05 18:46:55,797 - Knowledge - INFO - [WEBSOCKET] Sent: Type=progress_update, Size: 294, Duration: 0ms
2026-02-05 18:46:55,822 - Knowledge - INFO - Worker kw4 processing /app/data/T0015/315875/b34046x/arccore-315875/boards/hcs12_elmicro_card12/examples/blinker/config/Os_Cfg.h
2026-02-05 18:46:55,938 - Knowledge - INFO - [kw10] Queue=55, InProgress=0, PendingWorkers=20/20, Completed=984/1086 (90.6%)
2026-02-05 18:46:55,939 - Knowledge - INFO - [kw1] Queue=55, InProgress=0, PendingWorkers=20/20, Completed=984/1086 (90.6%)
2026-02-05 18:46:56,019 - Knowledge - INFO - Fast-tracked /app/data/T0015/315875/b34046x/arccore-315875/boards/hcs12_elmicro_card12/examples/blinker/config/Can_Lcfg.c (small file (2193 bytes))
2026-02-05 18:46:56,326 - Knowledge - INFO - Worker kw18 processing /app/data/T0015/315875/b34046x/arccore-315875/boards/hcs12_elmicro_card12/examples/blinker/example_info.txt
2026-02-05 18:46:56,517 - Knowledge - INFO - process ingested knowledge for /app/data/T0015/315875/b34046x/arccore-315875/boards/mpc5668_gkit/examples/os_simple/build_config.mk
2026-02-05 18:46:56,602 - Knowledge - INFO - process ingested knowledge for /app/data/T0015/315875/b34046x/arccore-315875/boards/ti_tms570ls/examples/os_simple/config/Os_Cfg.c
2026-02-05 18:46:56,838 - Knowledge - INFO - Worker kw12 processing /app/data/T0015/315875/b34046x/arccore-315875/boards/mpc5604p_trk/config/Dma_Cfg.c
2026-02-05 18:46:56,992 - Knowledge - INFO - [WEBSOCKET] Sent: Type=unknown, Size: ?, Duration: 1194ms
2026-02-05 18:46:57,076 - Knowledge - INFO - Worker kw4 processing /app/data/T0015/315875/b34046x/arccore-315875/boards/hcs12_elmicro_card12/examples/blinker/config/Can_Cfg.h
2026-02-05 18:46:57,183 - Knowledge - INFO - Batch sizing: calculated=4, max_allowed=10, queue=55, active_workers=20/20
2026-02-05 18:46:57,291 - Knowledge - INFO - Batch sizing: calculated=4, max_allowed=10, queue=55, active_workers=20/20
2026-02-05 18:46:57,381 - Knowledge - INFO - Async storage completed for 6 embeddings
2026-02-05 18:46:57,499 - Knowledge - INFO - Fast-tracked /app/data/T0015/315875/b34046x/arccore-315875/boards/hcs12_elmicro_card12/examples/blinker/example_info.txt (ext=.txt, size=409)
2026-02-05 18:46:57,579 - Knowledge - INFO - process ingested knowledge for /app/data/T0015/315875/b34046x/arccore-315875/boards/hcs12_elmicro_card12/board_info.txt
2026-02-05 18:46:57,695 - Knowledge - INFO - process ingested knowledge for /app/data/T0015/315875/b34046x/arccore-315875/boards/ti_tms570ls/examples/os_simple/config/Det_Cfg.h
2026-02-05 18:46:57,780 - Knowledge - INFO - Worker kw12 processing /app/data/T0015/315875/b34046x/arccore-315875/boards/mpc5604p_trk/config/Fls_Cfg.h
2026-02-05 18:46:57,881 - Knowledge - INFO - Progress: 90.4% | Files: 984/1086 | Rate: 1.71 files/sec | Queue: 55
2026-02-05 18:46:57,883 - Knowledge - INFO - [kw15] Queue=55, InProgress=0, PendingWorkers=20/20, Completed=984/1086 (90.6%)
2026-02-05 18:46:57,884 - Knowledge - INFO - [kw17] Queue=55, InProgress=0, PendingWorkers=20/20, Completed=984/1086 (90.6%)
2026-02-05 18:46:57,885 - Knowledge - INFO - [kw14] Queue=55, InProgress=0, PendingWorkers=20/20, Completed=984/1086 (90.6%)
2026-02-05 18:46:57,898 - Knowledge - INFO - [LLM_CALL] Completed: Fls_Cfg.h:chunk1, Duration: 16991ms, PromptTokens: 2860, CompletionTokens: 360, Cost: $0.00043
2026-02-05 18:46:58,315 - Knowledge - INFO - Worker kw18 processing /app/data/T0015/315875/b34046x/arccore-315875/boards/hcs12_elmicro_card12/examples/blinker/build_config.mk
2026-02-05 18:46:58,559 - Knowledge - INFO - process ingested knowledge for /app/data/T0015/315875/b34046x/arccore-315875/boards/ti_tms570ls/examples/os_simple/config/Mcu_Cfg.h
2026-02-05 18:46:58,646 - Knowledge - INFO - Worker kw12 processing /app/data/T0015/315875/b34046x/arccore-315875/boards/mpc5604p_trk/config/Eep_Lcfg.c
2026-02-05 18:46:58,733 - Knowledge - INFO - [kw2] Queue=47, InProgress=0, PendingWorkers=20/20, Completed=987/1086 (90.9%)
2026-02-05 18:46:58,854 - Knowledge - INFO - Batch sizing: calculated=4, max_allowed=10, queue=55, active_workers=20/20
2026-02-05 18:46:58,965 - Knowledge - INFO - Batch sizing: calculated=4, max_allowed=10, queue=55, active_workers=20/20
2026-02-05 18:46:59,035 - Knowledge - INFO - Batch sizing: calculated=4, max_allowed=10, queue=55, active_workers=20/20
2026-02-05 18:46:59,111 - Knowledge - INFO - done ingest for /app/data/T0015/315875/b34046x/arccore-315875/boards/mpc5668_gkit/config/Fls_Cfg.h
2026-02-05 18:46:59,113 - Knowledge - INFO - [LLM_CALL] Completed: PduR_Cfg.h:chunk1, Duration: 6174ms, PromptTokens: 3028, CompletionTokens: 59, Cost: $0.00033
2026-02-05 18:46:59,230 - Knowledge - INFO - Fast-tracked /app/data/T0015/315875/b34046x/arccore-315875/boards/hcs12_elmicro_card12/examples/blinker/build_config.mk (ext=.mk, size=295)
2026-02-05 18:46:59,402 - Knowledge - INFO - Worker kw12 processing /app/data/T0015/315875/b34046x/arccore-315875/boards/mpc5604p_trk/config/Wdg_Lcfg.c
2026-02-05 18:46:59,467 - Knowledge - INFO - Batch sizing: calculated=4, max_allowed=10, queue=47, active_workers=20/20
2026-02-05 18:46:59,725 - Knowledge - INFO - Async storage completed for 6 embeddings
2026-02-05 18:46:59,791 - Knowledge - INFO - Async storage completed for 6 embeddings
2026-02-05 18:46:59,889 - Knowledge - INFO - done ingest for /app/data/T0015/315875/b34046x/arccore-315875/boards/hcs12_elmicro_card12/examples/blinker/config/PduR_Cfg.h
2026-02-05 18:46:59,890 - Knowledge - INFO - Async storing batch of 5 embeddings
2026-02-05 18:46:59,891 - Knowledge - INFO - Async storing batch of 5 embeddings
2026-02-05 18:46:59,893 - Knowledge - INFO - [LLM_CALL] Completed: EcuM_PBcfg.c:chunk1, Duration: 4221ms, PromptTokens: 2912, CompletionTokens: 272, Cost: $0.00040
2026-02-05 18:46:59,996 - Knowledge - INFO - Worker kw18 processing /app/data/T0015/315875/b34046x/arccore-315875/boards/hcs12_elmicro_card12/examples/blinker/Tasks.c
2026-02-05 18:47:00,071 - Knowledge - INFO - Fast-tracked /app/data/T0015/315875/b34046x/arccore-315875/boards/mpc5604p_trk/config/Wdg_Lcfg.c (ext=.c, size=1429)
2026-02-05 18:47:00,514 - Knowledge - INFO - Worker kw10 processing /app/data/T0015/315875/b34046x/arccore-315875/boards/mpc5604p_trk/config/Fls_Cfg.c
2026-02-05 18:47:00,581 - Knowledge - INFO - Worker kw1 processing /app/data/T0015/315875/b34046x/arccore-315875/boards/mpc5604p_trk/board_info.txt
2026-02-05 18:47:00,703 - Knowledge - INFO - done ingest for /app/data/T0015/315875/b34046x/arccore-315875/boards/hcs12_elmicro_card12/examples/os_simple/config/EcuM_PBcfg.c
2026-02-05 18:47:00,712 - Knowledge - INFO - Async storing batch of 5 embeddings
2026-02-05 18:47:00,713 - Knowledge - INFO - Async storing batch of 5 embeddings
2026-02-05 18:47:00,715 - Knowledge - INFO - Async storing batch of 5 embeddings
2026-02-05 18:47:00,716 - Knowledge - INFO - [kw8] Queue=31, InProgress=0, PendingWorkers=20/20, Completed=991/1086 (91.3%)
2026-02-05 18:47:00,716 - Knowledge - INFO - Fast-tracked /app/data/T0015/315875/b34046x/arccore-315875/boards/hcs12_elmicro_card12/examples/blinker/config/Port_Cfg.c (small file (3016 bytes))
2026-02-05 18:47:00,717 - Knowledge - INFO - Async storing batch of 5 embeddings
2026-02-05 18:47:00,718 - Knowledge - INFO - [kw19] Queue=31, InProgress=0, PendingWorkers=20/20, Completed=993/1086 (91.4%)
2026-02-05 18:47:00,746 - Knowledge - INFO - Processing batch of 4 files
2026-02-05 18:47:00,751 - Knowledge - INFO - Processing batch of 5 files
2026-02-05 18:47:00,753 - Knowledge - INFO - Processing batch of 4 files
2026-02-05 18:47:00,756 - Knowledge - INFO - Processing batch of 4 files
2026-02-05 18:47:00,764 - Knowledge - INFO - Processing batch of 5 files
2026-02-05 18:47:00,796 - Knowledge - INFO - Fast-tracked /app/data/T0015/315875/b34046x/arccore-315875/boards/hcs12_elmicro_card12/examples/blinker/Tasks.c (small file (2516 bytes))
2026-02-05 18:47:00,879 - Knowledge - INFO - Fast-tracked /app/data/T0015/315875/b34046x/arccore-315875/boards/mpc5604p_trk/config/Dma_Cfg.c (small file (2214 bytes))
2026-02-05 18:47:00,962 - Knowledge - INFO - Worker kw10 processing /app/data/T0015/315875/b34046x/arccore-315875/boards/mpc5604p_trk/config/Wdg_Cfg.h
2026-02-05 18:47:01,100 - Knowledge - INFO - Fast-tracked /app/data/T0015/315875/b34046x/arccore-315875/boards/mpc5604p_trk/board_info.txt (ext=.txt, size=1597)
2026-02-05 18:47:01,395 - Knowledge - INFO - Worker kw15 processing /app/data/T0015/315875/b34046x/arccore-315875/boards/mpc5604p_trk/examples/os_simple/config/Os_Cfg.c
2026-02-05 18:47:01,554 - Knowledge - INFO - Worker kw17 processing /app/data/T0015/315875/b34046x/arccore-315875/boards/mpc5604p_trk/examples/os_simple/config/Os_Cfg.h
2026-02-05 18:47:01,680 - Knowledge - INFO - Worker kw14 processing /app/data/T0015/315875/b34046x/arccore-315875/boards/mpc5634m_trk/config/Fls_Cfg.h
2026-02-05 18:47:01,780 - Knowledge - INFO - [LLM_CALL] Completed: Os_Cfg.c:chunk1, Duration: 4797ms, PromptTokens: 3058, CompletionTokens: 323, Cost: $0.00044
2026-02-05 18:47:01,860 - Knowledge - INFO - Batch sizing: calculated=4, max_allowed=10, queue=31, active_workers=20/20
2026-02-05 18:47:01,938 - Knowledge - INFO - Async storage completed for 6 embeddings
2026-02-05 18:47:02,050 - Knowledge - INFO - Worker kw2 processing /app/data/T0015/315875/b34046x/arccore-315875/boards/mpc5634m_trk/config/Wdg_Cfg.h
2026-02-05 18:47:02,133 - Knowledge - INFO - Batch sizing: calculated=4, max_allowed=10, queue=31, active_workers=20/20
2026-02-05 18:47:02,241 - Knowledge - INFO - process ingested knowledge for /app/data/T0015/315875/b34046x/arccore-315875/boards/hcs12_elmicro_card12/examples/os_simple/config/Det_Cfg.h
2026-02-05 18:47:02,350 - Knowledge - INFO - process ingested knowledge for /app/data/T0015/315875/b34046x/arccore-315875/boards/mpc5668_gkit/examples/os_simple/config/EcuM_PBcfg.c
2026-02-05 18:47:02,436 - Knowledge - INFO - process ingested knowledge for /app/data/T0015/315875/b34046x/arccore-315875/boards/hcs12_elmicro_card12/examples/os_simple/config/EcuM_Cfg.h
2026-02-05 18:47:02,515 - Knowledge - INFO - process ingested knowledge for /app/data/T0015/315875/b34046x/arccore-315875/boards/hcs12_elmicro_card12/examples/blinker/config/CanIf_Cfg.h
2026-02-05 18:47:02,614 - Knowledge - INFO - process ingested knowledge for /app/data/T0015/315875/b34046x/arccore-315875/boards/mpc5668_gkit/config/Mcu_Arc_Cfg.c
2026-02-05 18:47:02,711 - Knowledge - INFO - Async storage completed for 5 embeddings
2026-02-05 18:47:02,907 - Knowledge - INFO - Fast-tracked /app/data/T0015/315875/b34046x/arccore-315875/boards/mpc5604p_trk/config/Wdg_Cfg.h (ext=.h, size=1350)
2026-02-05 18:47:02,983 - Knowledge - INFO - Worker kw1 processing /app/data/T0015/315875/b34046x/arccore-315875/boards/mpc5604p_trk/build_config.mk
2026-02-05 18:47:03,083 - Knowledge - INFO - Worker kw15 processing /app/data/T0015/315875/b34046x/arccore-315875/boards/mpc5604p_trk/examples/os_simple/config/Det_Cfg.h
2026-02-05 18:47:03,168 - Knowledge - INFO - Worker kw17 processing /app/data/T0015/315875/b34046x/arccore-315875/boards/mpc5604p_trk/examples/os_simple/config/EcuM_Cfg.h
2026-02-05 18:47:03,251 - Knowledge - INFO - Worker kw14 processing /app/data/T0015/315875/b34046x/arccore-315875/boards/mpc5634m_trk/config/Eep_Lcfg.c
2026-02-05 18:47:03,361 - Knowledge - INFO - done ingest for /app/data/T0015/315875/b34046x/arccore-315875/boards/hcs12_elmicro_card12/examples/os_simple/config/Os_Cfg.c
2026-02-05 18:47:03,363 - Knowledge - INFO - [LLM_CALL] Completed: Port_Cfg.h:chunk1, Duration: 6421ms, PromptTokens: 4348, CompletionTokens: 164, Cost: $0.00050
2026-02-05 18:47:03,651 - Knowledge - INFO - Fast-tracked /app/data/T0015/315875/b34046x/arccore-315875/boards/mpc5634m_trk/config/Wdg_Cfg.h (ext=.h, size=1350)
2026-02-05 18:47:03,841 - Knowledge - INFO - process ingested knowledge for /app/data/T0015/315875/b34046x/arccore-315875/boards/hcs12_elmicro_card12/examples/os_simple/config/Mcu_Cfg.h
2026-02-05 18:47:03,919 - Knowledge - INFO - process ingested knowledge for /app/data/T0015/315875/b34046x/arccore-315875/boards/mpc5668_gkit/examples/os_simple/config/Os_Cfg.c
2026-02-05 18:47:04,003 - Knowledge - INFO - process ingested knowledge for /app/data/T0015/315875/b34046x/arccore-315875/boards/hcs12_elmicro_card12/examples/os_simple/build_config.mk
2026-02-05 18:47:04,083 - Knowledge - INFO - process ingested knowledge for /app/data/T0015/315875/b34046x/arccore-315875/boards/hcs12_elmicro_card12/examples/blinker/config/Com_PbCfg.h
2026-02-05 18:47:04,167 - Knowledge - INFO - process ingested knowledge for /app/data/T0015/315875/b34046x/arccore-315875/boards/mpc5668_gkit/config/Fls_Cfg.h
2026-02-05 18:47:04,381 - Knowledge - INFO - Async storage completed for 6 embeddings
2026-02-05 18:47:04,385 - Knowledge - INFO - Worker kw10 processing /app/data/T0015/315875/b34046x/arccore-315875/boards/mpc5604p_trk/config/Dma_Cfg.h
2026-02-05 18:47:04,502 - Knowledge - INFO - Fast-tracked /app/data/T0015/315875/b34046x/arccore-315875/boards/mpc5604p_trk/build_config.mk (ext=.mk, size=823)
2026-02-05 18:47:04,572 - Knowledge - INFO - Fast-tracked /app/data/T0015/315875/b34046x/arccore-315875/boards/mpc5604p_trk/examples/os_simple/config/Det_Cfg.h (ext=.h, size=1122)
2026-02-05 18:47:04,655 - Knowledge - INFO - Fast-tracked /app/data/T0015/315875/b34046x/arccore-315875/boards/mpc5604p_trk/examples/os_simple/config/EcuM_Cfg.h (ext=.h, size=1362)
2026-02-05 18:47:04,753 - Knowledge - INFO - Worker kw14 processing /app/data/T0015/315875/b34046x/arccore-315875/boards/mpc5634m_trk/config/Wdg_Lcfg.c
2026-02-05 18:47:04,954 - Knowledge - INFO - done ingest for /app/data/T0015/315875/b34046x/arccore-315875/boards/hcs12_elmicro_card12/examples/blinker/config/Port_Cfg.h
2026-02-05 18:47:04,960 - Knowledge - INFO - done ingest for /app/data/T0015/315875/b34046x/arccore-315875/boards/hcs12_elmicro_card12/examples/blinker/config/EcuM_PBcfg.c
2026-02-05 18:47:04,960 - Knowledge - INFO - Async storing batch of 4 embeddings
2026-02-05 18:47:04,961 - Knowledge - INFO - Async storing batch of 5 embeddings
2026-02-05 18:47:05,004 - Knowledge - INFO - Processing batch of 4 files
2026-02-05 18:47:05,004 - Knowledge - INFO - Processing batch of 4 files
2026-02-05 18:47:05,082 - Knowledge - INFO - Worker kw2 processing /app/data/T0015/315875/b34046x/arccore-315875/boards/mpc5634m_trk/config/Dma_Cfg.h
2026-02-05 18:47:05,195 - Knowledge - INFO - process ingested knowledge for /app/data/T0015/315875/b34046x/arccore-315875/boards/hcs12_elmicro_card12/examples/os_simple/config/Mcu_Cfg.c
2026-02-05 18:47:05,271 - Knowledge - INFO - process ingested knowledge for /app/data/T0015/315875/b34046x/arccore-315875/boards/mpc5668_gkit/examples/os_simple/config/Det_Cfg.h
2026-02-05 18:47:05,393 - Knowledge - INFO - process ingested knowledge for /app/data/T0015/315875/b34046x/arccore-315875/boards/hcs12_elmicro_card12/examples/blinker/config/EcuM.mk
2026-02-05 18:47:05,491 - Knowledge - INFO - process ingested knowledge for /app/data/T0015/315875/b34046x/arccore-315875/boards/hcs12_elmicro_card12/examples/blinker/config/Can_Lcfg.c
2026-02-05 18:47:05,610 - Knowledge - INFO - process ingested knowledge for /app/data/T0015/315875/b34046x/arccore-315875/boards/mpc5668_gkit/config/Fls_Cfg.c
2026-02-05 18:47:05,802 - Knowledge - INFO - Fast-tracked /app/data/T0015/315875/b34046x/arccore-315875/boards/mpc5604p_trk/config/Dma_Cfg.h (ext=.h, size=1087)
2026-02-05 18:47:05,914 - Knowledge - INFO - Worker kw1 processing /app/data/T0015/315875/b34046x/arccore-315875/boards/mpc5604p_trk/examples/os_simple/config/EcuM.mk
2026-02-05 18:47:06,018 - Knowledge - INFO - Worker kw15 processing /app/data/T0015/315875/b34046x/arccore-315875/boards/mpc5604p_trk/examples/os_simple/config/Mcu_Cfg.h
2026-02-05 18:47:06,093 - Knowledge - INFO - Worker kw17 processing /app/data/T0015/315875/b34046x/arccore-315875/boards/mpc5604p_trk/examples/os_simple/build_config.mk
2026-02-05 18:47:06,206 - Knowledge - INFO - Fast-tracked /app/data/T0015/315875/b34046x/arccore-315875/boards/mpc5634m_trk/config/Wdg_Lcfg.c (ext=.c, size=1429)
2026-02-05 18:47:06,531 - Knowledge - INFO - Worker kw8 processing /app/data/T0015/315875/b34046x/arccore-315875/boards/mpc5634m_trk/build_config.mk
2026-02-05 18:47:06,668 - Knowledge - INFO - Worker kw19 processing /app/data/T0015/315875/b34046x/arccore-315875/boards/mpc5634m_trk/examples/os_simple/config/Det_Cfg.h
2026-02-05 18:47:06,738 - Knowledge - INFO - process ingested knowledge for /app/data/T0015/315875/b34046x/arccore-315875/boards/hcs12_elmicro_card12/build_config.mk
2026-02-05 18:47:06,791 - Knowledge - INFO - done ingest for /app/data/T0015/315875/b34046x/arccore-315875/boards/hcs12_elmicro_card12/examples/blinker/config/Os_Cfg.c
2026-02-05 18:47:06,842 - Knowledge - INFO - process ingested knowledge for /app/data/T0015/315875/b34046x/arccore-315875/boards/hcs12_elmicro_card12/examples/blinker/config/EcuM_Cfg.h
2026-02-05 18:47:06,878 - Knowledge - INFO - Processing batch of 4 files
2026-02-05 18:47:06,930 - Knowledge - INFO - [LLM_CALL] Completed: CanIf_Cfg.c:chunk1, Duration: 9976ms, PromptTokens: 3678, CompletionTokens: 253, Cost: $0.00047
2026-02-05 18:47:06,960 - Knowledge - INFO - Fast-tracked /app/data/T0015/315875/b34046x/arccore-315875/boards/mpc5634m_trk/config/Dma_Cfg.h (ext=.h, size=1962)
2026-02-05 18:47:07,028 - Knowledge - INFO - process ingested knowledge for /app/data/T0015/315875/b34046x/arccore-315875/boards/hcs12_elmicro_card12/examples/os_simple/config/Os_Cfg.h
2026-02-05 18:47:07,048 - Knowledge - INFO - Async storage completed for 5 embeddings
2026-02-05 18:47:07,123 - Knowledge - INFO - process ingested knowledge for /app/data/T0015/315875/b34046x/arccore-315875/boards/mpc5668_gkit/examples/os_simple/config/Mcu_Cfg.h
2026-02-05 18:47:07,247 - Knowledge - INFO - process ingested knowledge for /app/data/T0015/315875/b34046x/arccore-315875/boards/hcs12_elmicro_card12/examples/blinker/config/PduR_Cfg.h
2026-02-05 18:47:07,348 - Knowledge - INFO - process ingested knowledge for /app/data/T0015/315875/b34046x/arccore-315875/boards/hcs12_elmicro_card12/examples/blinker/config/Dio_Cfg.h
2026-02-05 18:47:07,431 - Knowledge - INFO - process ingested knowledge for /app/data/T0015/315875/b34046x/arccore-315875/boards/mpc5668_gkit/config/Wdg_Cfg.h
2026-02-05 18:47:07,549 - Knowledge - INFO - Worker kw10 processing /app/data/T0015/315875/b34046x/arccore-315875/boards/mpc5604p_trk/config/Eep_Cfg.h
2026-02-05 18:47:07,652 - Knowledge - INFO - Fast-tracked /app/data/T0015/315875/b34046x/arccore-315875/boards/mpc5604p_trk/examples/os_simple/config/EcuM.mk (ext=.mk, size=37)
2026-02-05 18:47:07,765 - Knowledge - INFO - Fast-tracked /app/data/T0015/315875/b34046x/arccore-315875/boards/mpc5604p_trk/examples/os_simple/config/Mcu_Cfg.h (ext=.h, size=956)
2026-02-05 18:47:07,835 - Knowledge - INFO - Fast-tracked /app/data/T0015/315875/b34046x/arccore-315875/boards/mpc5604p_trk/examples/os_simple/build_config.mk (ext=.mk, size=241)
2026-02-05 18:47:07,912 - Knowledge - INFO - Worker kw14 processing /app/data/T0015/315875/b34046x/arccore-315875/boards/mpc5634m_trk/config/Fls_Cfg.c
2026-02-05 18:47:08,000 - Knowledge - INFO - Fast-tracked /app/data/T0015/315875/b34046x/arccore-315875/boards/mpc5634m_trk/build_config.mk (ext=.mk, size=1482)
2026-02-05 18:47:08,072 - Knowledge - INFO - Fast-tracked /app/data/T0015/315875/b34046x/arccore-315875/boards/mpc5634m_trk/examples/os_simple/config/Det_Cfg.h (ext=.h, size=1122)
2026-02-05 18:47:08,169 - Knowledge - INFO - process ingested knowledge for /app/data/T0015/315875/b34046x/arccore-315875/boards/hcs12_elmicro_card12/examples/os_simple/config/EcuM.mk
2026-02-05 18:47:08,360 - Knowledge - INFO - process ingested knowledge for /app/data/T0015/315875/b34046x/arccore-315875/boards/hcs12_elmicro_card12/examples/blinker/example_info.txt
2026-02-05 18:47:08,461 - Knowledge - INFO - process ingested knowledge for /app/data/T0015/315875/b34046x/arccore-315875/boards/hcs12_elmicro_card12/examples/blinker/config/Det_Cfg.h
2026-02-05 18:47:08,532 - Knowledge - INFO - done ingest for /app/data/T0015/315875/b34046x/arccore-315875/boards/hcs12_elmicro_card12/examples/blinker/config/CanIf_Cfg.c
2026-02-05 18:47:08,532 - Knowledge - INFO - [LLM_CALL] Completed: Can_Cfg.h:chunk1, Duration: 5171ms, PromptTokens: 4144, CompletionTokens: 155, Cost: $0.00048
2026-02-05 18:47:08,623 - Knowledge - INFO - Worker kw2 processing /app/data/T0015/315875/b34046x/arccore-315875/boards/mpc5634m_trk/config/Eep_Cfg.h
2026-02-05 18:47:08,927 - Knowledge - INFO - process ingested knowledge for /app/data/T0015/315875/b34046x/arccore-315875/boards/mpc5668_gkit/examples/os_simple/config/Mcu_Cfg.c
2026-02-05 18:47:09,313 - Knowledge - INFO - Worker kw1 processing /app/data/T0015/315875/b34046x/arccore-315875/boards/mpc5604p_trk/examples/os_simple/config/EcuM_PBcfg.c
2026-02-05 18:47:09,395 - Knowledge - INFO - process ingested knowledge for /app/data/T0015/315875/b34046x/arccore-315875/boards/mpc5668_gkit/config/Dma_Cfg.h
2026-02-05 18:47:09,417 - Knowledge - INFO - Worker kw15 processing /app/data/T0015/315875/b34046x/arccore-315875/boards/mpc5604p_trk/examples/os_simple/config/Mcu_Cfg.c
2026-02-05 18:47:09,525 - Knowledge - INFO - Worker kw17 processing /app/data/T0015/315875/b34046x/arccore-315875/boards/mpc5634m_trk/config/Dma_Cfg.c
2026-02-05 18:47:09,750 - Knowledge - INFO - Worker kw8 processing /app/data/T0015/315875/b34046x/arccore-315875/boards/mpc5634m_trk/examples/os_simple/config/EcuM.mk
2026-02-05 18:47:09,851 - Knowledge - INFO - Worker kw19 processing /app/data/T0015/315875/b34046x/arccore-315875/boards/mpc5634m_trk/examples/os_simple/config/Mcu_Cfg.h
2026-02-05 18:47:09,957 - Knowledge - INFO - process ingested knowledge for /app/data/T0015/315875/b34046x/arccore-315875/boards/hcs12_elmicro_card12/examples/os_simple/config/EcuM_PBcfg.c
2026-02-05 18:47:10,070 - Knowledge - INFO - process ingested knowledge for /app/data/T0015/315875/b34046x/arccore-315875/boards/hcs12_elmicro_card12/examples/blinker/build_config.mk
2026-02-05 18:47:10,154 - Knowledge - INFO - process ingested knowledge for /app/data/T0015/315875/b34046x/arccore-315875/boards/hcs12_elmicro_card12/examples/blinker/config/PduR_PbCfg.h
2026-02-05 18:47:10,459 - Knowledge - INFO - done ingest for /app/data/T0015/315875/b34046x/arccore-315875/boards/hcs12_elmicro_card12/examples/blinker/config/Can_Cfg.h
2026-02-05 18:47:10,529 - Knowledge - INFO - [kw16] Queue=23, InProgress=0, PendingWorkers=20/20, Completed=1016/1086 (93.6%)
2026-02-05 18:47:10,536 - Knowledge - INFO - [kw7] Queue=23, InProgress=0, PendingWorkers=20/20, Completed=1016/1086 (93.6%)
2026-02-05 18:47:10,539 - Knowledge - INFO - [LLM_CALL] Completed: Com_PbCfg.c:chunk1, Duration: 10646ms, PromptTokens: 4448, CompletionTokens: 263, Cost: $0.00055
2026-02-05 18:47:10,582 - Knowledge - INFO - Worker kw2 processing /app/data/T0015/315875/b34046x/arccore-315875/boards/mpc5634m_trk/board_info.txt
2026-02-05 18:47:10,938 - Knowledge - INFO - Fast-tracked /app/data/T0015/315875/b34046x/arccore-315875/boards/mpc5604p_trk/examples/os_simple/config/Mcu_Cfg.c (ext=.c, size=922)
2026-02-05 18:47:11,038 - Knowledge - INFO - Fast-tracked /app/data/T0015/315875/b34046x/arccore-315875/boards/mpc5604p_trk/examples/os_simple/config/Os_Cfg.h (small file (2972 bytes))
2026-02-05 18:47:11,134 - Knowledge - INFO - Fast-tracked /app/data/T0015/315875/b34046x/arccore-315875/boards/mpc5634m_trk/examples/os_simple/config/EcuM.mk (ext=.mk, size=37)
2026-02-05 18:47:11,220 - Knowledge - INFO - Fast-tracked /app/data/T0015/315875/b34046x/arccore-315875/boards/mpc5634m_trk/examples/os_simple/config/Mcu_Cfg.h (ext=.h, size=942)
2026-02-05 18:47:11,537 - Knowledge - INFO - process ingested knowledge for /app/data/T0015/315875/b34046x/arccore-315875/boards/hcs12_elmicro_card12/examples/os_simple/config/Os_Cfg.c
2026-02-05 18:47:11,538 - Knowledge - INFO - process ingested knowledge for /app/data/T0015/315875/b34046x/arccore-315875/boards/hcs12_elmicro_card12/examples/blinker/Tasks.c
2026-02-05 18:47:11,538 - Knowledge - INFO - process ingested knowledge for /app/data/T0015/315875/b34046x/arccore-315875/boards/hcs12_elmicro_card12/examples/blinker/config/Mcu_Cfg.h
2026-02-05 18:47:11,730 - Knowledge - INFO - Batch sizing: calculated=4, max_allowed=10, queue=23, active_workers=20/20
2026-02-05 18:47:11,822 - Knowledge - INFO - Batch sizing: calculated=4, max_allowed=10, queue=23, active_workers=20/20
2026-02-05 18:47:11,973 - Knowledge - INFO - done ingest for /app/data/T0015/315875/b34046x/arccore-315875/boards/hcs12_elmicro_card12/examples/blinker/config/Com_PbCfg.c
2026-02-05 18:47:11,974 - Knowledge - INFO - [WEBSOCKET] Sent: Type=progress_update, Size: 296, Duration: 1448ms
2026-02-05 18:47:12,118 - Knowledge - INFO - Fast-tracked /app/data/T0015/315875/b34046x/arccore-315875/boards/mpc5634m_trk/board_info.txt (ext=.txt, size=1842)
2026-02-05 18:47:12,421 - Knowledge - INFO - Fast-tracked /app/data/T0015/315875/b34046x/arccore-315875/boards/mpc5604p_trk/config/Eep_Cfg.h (small file (0 bytes))
2026-02-05 18:47:12,491 - Knowledge - INFO - Worker kw8 processing /app/data/T0015/315875/b34046x/arccore-315875/boards/mpc5634m_trk/examples/os_simple/config/EcuM_PBcfg.c
2026-02-05 18:47:12,617 - Knowledge - INFO - Worker kw19 processing /app/data/T0015/315875/b34046x/arccore-315875/boards/mpc5634m_trk/examples/os_simple/config/Mcu_Cfg.c
2026-02-05 18:47:13,044 - Knowledge - INFO - process ingested knowledge for /app/data/T0015/315875/b34046x/arccore-315875/boards/hcs12_elmicro_card12/examples/blinker/config/Port_Cfg.h
2026-02-05 18:47:13,411 - Knowledge - INFO - [LLM_CALL] Completed: Os_Cfg.h:chunk1, Duration: 12696ms, PromptTokens: 2634, CompletionTokens: 551, Cost: $0.00048
2026-02-05 18:47:13,518 - Knowledge - INFO - [kw11] Queue=15, InProgress=0, PendingWorkers=20/20, Completed=1018/1086 (93.7%)
2026-02-05 18:47:13,518 - Knowledge - INFO - [kw9] Queue=15, InProgress=0, PendingWorkers=20/20, Completed=1018/1086 (93.7%)
2026-02-05 18:47:13,519 - Knowledge - INFO - Fast-tracked /app/data/T0015/315875/b34046x/arccore-315875/boards/mpc5634m_trk/config/Eep_Cfg.h (small file (0 bytes))
2026-02-05 18:47:13,600 - Knowledge - INFO - Async storage completed for 5 embeddings
2026-02-05 18:47:13,696 - Knowledge - INFO - Worker kw8 processing /app/data/T0015/315875/b34046x/arccore-315875/boards/mpc5634m_trk/examples/os_simple/config/Os_Cfg.c
2026-02-05 18:47:13,788 - Knowledge - INFO - Fast-tracked /app/data/T0015/315875/b34046x/arccore-315875/boards/mpc5634m_trk/examples/os_simple/config/Mcu_Cfg.c (ext=.c, size=864)
2026-02-05 18:47:13,990 - Knowledge - INFO - done ingest for /app/data/T0015/315875/b34046x/arccore-315875/boards/hcs12_elmicro_card12/examples/blinker/config/Os_Cfg.h
2026-02-05 18:47:13,991 - Knowledge - INFO - Async storing batch of 4 embeddings
2026-02-05 18:47:13,992 - Knowledge - INFO - Async storing batch of 4 embeddings
2026-02-05 18:47:13,993 - Knowledge - INFO - [WEBSOCKET] Sent: Type=unknown, Size: ?, Duration: 3467ms
2026-02-05 18:47:14,103 - Knowledge - INFO - Batch sizing: calculated=4, max_allowed=10, queue=15, active_workers=20/20
2026-02-05 18:47:14,181 - Knowledge - INFO - Batch sizing: calculated=4, max_allowed=10, queue=15, active_workers=20/20
2026-02-05 18:47:14,263 - Knowledge - INFO - Async storage completed for 5 embeddings
2026-02-05 18:47:14,566 - Knowledge - INFO - Worker kw19 processing /app/data/T0015/315875/b34046x/arccore-315875/boards/mpc5634m_trk/examples/os_simple/config/Os_Cfg.h
2026-02-05 18:47:14,769 - Knowledge - INFO - Worker kw16 processing /app/data/T0015/315875/b34046x/arccore-315875/boards/mpc5634m_trk/examples/os_simple/config/EcuM_Cfg.h
2026-02-05 18:47:14,844 - Knowledge - INFO - Worker kw7 processing /app/data/T0015/315875/b34046x/arccore-315875/examples/rte_simple/rte_simple.mk
2026-02-05 18:47:14,957 - Knowledge - INFO - Progress: 93.6% | Files: 1019/1086 | Rate: 1.73 files/sec | Queue: 15
2026-02-05 18:47:14,957 - Knowledge - INFO - [LLM_CALL] Completed: Eep_Lcfg.c:chunk1, Duration: 0ms, PromptTokens: 2822, CompletionTokens: 275, Cost: $0.00039
2026-02-05 18:47:15,362 - Knowledge - INFO - Fast-tracked /app/data/T0015/315875/b34046x/arccore-315875/boards/mpc5634m_trk/examples/os_simple/config/Os_Cfg.h (small file (2972 bytes))
2026-02-05 18:47:15,437 - Knowledge - INFO - Fast-tracked /app/data/T0015/315875/b34046x/arccore-315875/boards/mpc5634m_trk/examples/os_simple/config/EcuM_Cfg.h (ext=.h, size=1362)
2026-02-05 18:47:15,540 - Knowledge - INFO - Async storage completed for 5 embeddings
2026-02-05 18:47:15,553 - Knowledge - INFO - Fast-tracked /app/data/T0015/315875/b34046x/arccore-315875/examples/rte_simple/rte_simple.mk (ext=.mk, size=127)
2026-02-05 18:47:15,645 - Knowledge - INFO - [kw6] Queue=7, InProgress=0, PendingWorkers=20/20, Completed=1020/1086 (93.9%)
2026-02-05 18:47:15,714 - Knowledge - INFO - done ingest for /app/data/T0015/315875/b34046x/arccore-315875/boards/mpc5604p_trk/config/Eep_Lcfg.c
2026-02-05 18:47:15,719 - Knowledge - INFO - Async storing batch of 5 embeddings
2026-02-05 18:47:15,719 - Knowledge - INFO - Async storing batch of 5 embeddings
2026-02-05 18:47:15,721 - Knowledge - INFO - [kw13] Queue=7, InProgress=0, PendingWorkers=20/20, Completed=1020/1086 (93.9%)
2026-02-05 18:47:15,722 - Knowledge - INFO - [kw18] Queue=7, InProgress=0, PendingWorkers=20/20, Completed=1020/1086 (93.9%)
2026-02-05 18:47:15,722 - Knowledge - INFO - [kw3] Queue=7, InProgress=0, PendingWorkers=20/20, Completed=1020/1086 (93.9%)
2026-02-05 18:47:15,781 - Knowledge - INFO - Processing batch of 4 files
2026-02-05 18:47:15,782 - Knowledge - INFO - Processing batch of 4 files
2026-02-05 18:47:15,783 - Knowledge - INFO - Processing batch of 4 files
2026-02-05 18:47:15,787 - Knowledge - INFO - Processing batch of 4 files
2026-02-05 18:47:15,823 - Knowledge - INFO - Async storage completed for 5 embeddings
2026-02-05 18:47:15,901 - Knowledge - INFO - Worker kw16 processing /app/data/T0015/315875/b34046x/arccore-315875/boards/mpc5634m_trk/examples/os_simple/build_config.mk
2026-02-05 18:47:16,064 - Knowledge - INFO - Worker kw7 processing /app/data/T0015/315875/b34046x/arccore-315875/examples/rte_simple/Logger.c
2026-02-05 18:47:16,145 - Knowledge - INFO - Batch sizing: calculated=4, max_allowed=10, queue=7, active_workers=20/20
2026-02-05 18:47:16,147 - Knowledge - INFO - Async storage completed for 5 embeddings
2026-02-05 18:47:16,302 - Knowledge - INFO - Async storage completed for 5 embeddings
2026-02-05 18:47:16,418 - Knowledge - INFO - Worker kw11 processing /app/data/T0015/315875/b34046x/arccore-315875/examples/rte_simple/Calculator.c
2026-02-05 18:47:16,452 - Knowledge - INFO - [LLM_CALL] Completed: Fls_Cfg.h:chunk1, Duration: 5948ms, PromptTokens: 2836, CompletionTokens: 339, Cost: $0.00042
2026-02-05 18:47:16,550 - Knowledge - INFO - Worker kw9 processing /app/data/T0015/315875/b34046x/arccore-315875/drivers/serial_dbg_winidea.h
2026-02-05 18:47:16,644 - Knowledge - INFO - Batch sizing: calculated=4, max_allowed=10, queue=7, active_workers=20/20
2026-02-05 18:47:16,711 - Knowledge - INFO - Batch sizing: calculated=4, max_allowed=10, queue=7, active_workers=20/20
2026-02-05 18:47:16,840 - Knowledge - INFO - Batch sizing: calculated=4, max_allowed=10, queue=7, active_workers=20/20
2026-02-05 18:47:16,984 - Knowledge - INFO - process ingested knowledge for /app/data/T0015/315875/b34046x/arccore-315875/boards/mpc5634m_trk/config/Wdg_Cfg.h
2026-02-05 18:47:17,078 - Knowledge - INFO - process ingested knowledge for /app/data/T0015/315875/b34046x/arccore-315875/boards/hcs12_elmicro_card12/examples/blinker/config/Dio_Lcfg.c
2026-02-05 18:47:17,152 - Knowledge - INFO - process ingested knowledge for /app/data/T0015/315875/b34046x/arccore-315875/boards/hcs12_elmicro_card12/examples/blinker/config/PduR_PbCfg.c
2026-02-05 18:47:17,274 - Knowledge - INFO - process ingested knowledge for /app/data/T0015/315875/b34046x/arccore-315875/boards/hcs12_elmicro_card12/examples/blinker/config/CanIf_Cfg.c
2026-02-05 18:47:17,493 - Knowledge - INFO - Fast-tracked /app/data/T0015/315875/b34046x/arccore-315875/boards/mpc5634m_trk/examples/os_simple/build_config.mk (ext=.mk, size=241)
2026-02-05 18:47:17,577 - Knowledge - INFO - Fast-tracked /app/data/T0015/315875/b34046x/arccore-315875/examples/rte_simple/Logger.c (ext=.c, size=316)
2026-02-05 18:47:17,928 - Knowledge - INFO - Fast-tracked /app/data/T0015/315875/b34046x/arccore-315875/examples/rte_simple/Calculator.c (ext=.c, size=240)
2026-02-05 18:47:18,037 - Knowledge - INFO - done ingest for /app/data/T0015/315875/b34046x/arccore-315875/boards/mpc5604p_trk/config/Fls_Cfg.h
2026-02-05 18:47:18,037 - Knowledge - INFO - [LLM_CALL] Completed: Fls_Cfg.c:chunk1, Duration: 7562ms, PromptTokens: 3156, CompletionTokens: 223, Cost: $0.00040
2026-02-05 18:47:18,154 - Knowledge - INFO - Fast-tracked /app/data/T0015/315875/b34046x/arccore-315875/drivers/serial_dbg_winidea.h (ext=.h, size=954)
2026-02-05 18:47:18,669 - Knowledge - INFO - process ingested knowledge for /app/data/T0015/315875/b34046x/arccore-315875/boards/mpc5634m_trk/config/Dma_Cfg.h
2026-02-05 18:47:18,750 - Knowledge - INFO - process ingested knowledge for /app/data/T0015/315875/b34046x/arccore-315875/boards/hcs12_elmicro_card12/examples/blinker/config/Com_Cfg.h
2026-02-05 18:47:18,830 - Knowledge - INFO - process ingested knowledge for /app/data/T0015/315875/b34046x/arccore-315875/boards/hcs12_elmicro_card12/examples/blinker/config/CanIf_SpecialPdus.h
2026-02-05 18:47:18,918 - Knowledge - INFO - process ingested knowledge for /app/data/T0015/315875/b34046x/arccore-315875/boards/hcs12_elmicro_card12/examples/blinker/config/Com_PbCfg.c
2026-02-05 18:47:19,037 - Knowledge - INFO - Worker kw16 processing /app/data/T0015/315875/b34046x/arccore-315875/rte/rte.c
2026-02-05 18:47:19,114 - Knowledge - INFO - Worker kw7 processing /app/data/T0015/315875/b34046x/arccore-315875/examples/rte_simple/rte_simple.c
2026-02-05 18:47:19,209 - Knowledge - INFO - Worker kw11 processing /app/data/T0015/315875/b34046x/arccore-315875/examples/system_hooks.c
2026-02-05 18:47:19,376 - Knowledge - INFO - done ingest for /app/data/T0015/315875/b34046x/arccore-315875/boards/mpc5604p_trk/config/Fls_Cfg.c
2026-02-05 18:47:19,388 - Knowledge - INFO - Async storing batch of 4 embeddings
2026-02-05 18:47:19,390 - Knowledge - INFO - [LLM_CALL] Completed: Dma_Cfg.c:chunk1, Duration: 5982ms, PromptTokens: 2878, CompletionTokens: 118, Cost: $0.00034
2026-02-05 18:47:19,399 - Knowledge - INFO - Async storing batch of 4 embeddings
2026-02-05 18:47:19,453 - Knowledge - INFO - Worker kw9 processing /app/data/T0015/315875/b34046x/arccore-315875/drivers/serial_dbg_noice.c
2026-02-05 18:47:19,548 - Knowledge - INFO - process ingested knowledge for /app/data/T0015/315875/b34046x/arccore-315875/boards/mpc5634m_trk/config/Eep_Cfg.h
2026-02-05 18:47:19,629 - Knowledge - INFO - process ingested knowledge for /app/data/T0015/315875/b34046x/arccore-315875/boards/hcs12_elmicro_card12/examples/blinker/config/EcuM_PBcfg.c
2026-02-05 18:47:19,739 - Knowledge - INFO - process ingested knowledge for /app/data/T0015/315875/b34046x/arccore-315875/boards/hcs12_elmicro_card12/examples/blinker/config/Os_Cfg.h
2026-02-05 18:47:19,846 - Knowledge - INFO - process ingested knowledge for /app/data/T0015/315875/b34046x/arccore-315875/boards/hcs12_elmicro_card12/examples/blinker/config/Mcu_Cfg.c
2026-02-05 18:47:19,959 - Knowledge - INFO - Fast-tracked /app/data/T0015/315875/b34046x/arccore-315875/rte/rte.c (ext=.c, size=1820)
2026-02-05 18:47:20,045 - Knowledge - INFO - Fast-tracked /app/data/T0015/315875/b34046x/arccore-315875/examples/rte_simple/rte_simple.c (ext=.c, size=1680)
2026-02-05 18:47:20,125 - Knowledge - INFO - Worker kw11 processing /app/data/T0015/315875/b34046x/arccore-315875/examples/os_simple/os_simple.c
2026-02-05 18:47:20,332 - Knowledge - INFO - Worker kw6 processing /app/data/T0015/315875/b34046x/arccore-315875/drivers/Adc_Internal.h
2026-02-05 18:47:20,409 - Knowledge - INFO - done ingest for /app/data/T0015/315875/b34046x/arccore-315875/boards/mpc5634m_trk/config/Dma_Cfg.c
2026-02-05 18:47:20,528 - Knowledge - INFO - Processing batch of 4 files
2026-02-05 18:47:20,531 - Knowledge - INFO - Worker kw13 processing /app/data/T0015/315875/b34046x/arccore-315875/drivers/serial_dbg_winidea.c
2026-02-05 18:47:20,557 - Knowledge - INFO - Processing batch of 4 files
2026-02-05 18:47:20,557 - Knowledge - INFO - Processing batch of 4 files
2026-02-05 18:47:20,661 - Knowledge - INFO - Worker kw9 processing /app/data/T0015/315875/b34046x/arccore-315875/drivers/serial_dbg_t32.h
2026-02-05 18:47:20,738 - Knowledge - INFO - process ingested knowledge for /app/data/T0015/315875/b34046x/arccore-315875/boards/mpc5634m_trk/board_info.txt
2026-02-05 18:47:20,840 - Knowledge - INFO - process ingested knowledge for /app/data/T0015/315875/b34046x/arccore-315875/boards/hcs12_elmicro_card12/examples/blinker/config/Os_Cfg.c
2026-02-05 18:47:20,867 - Knowledge - INFO - Async storage completed for 5 embeddings
2026-02-05 18:47:20,923 - Knowledge - INFO - process ingested knowledge for /app/data/T0015/315875/b34046x/arccore-315875/boards/hcs12_elmicro_card12/examples/blinker/config/Can_Cfg.h
2026-02-05 18:47:21,044 - Knowledge - INFO - process ingested knowledge for /app/data/T0015/315875/b34046x/arccore-315875/boards/hcs12_elmicro_card12/examples/blinker/config/Port_Cfg.c
2026-02-05 18:47:21,059 - Knowledge - INFO - Async storage completed for 4 embeddings
2026-02-05 18:47:21,115 - Knowledge - INFO - Worker kw16 processing /app/data/T0015/315875/b34046x/arccore-315875/examples/rte_simple/Tester.c
2026-02-05 18:47:21,217 - Knowledge - INFO - Worker kw7 processing /app/data/T0015/315875/b34046x/arccore-315875/examples/rte_simple/Logger2.c
2026-02-05 18:47:21,333 - Knowledge - INFO - Worker kw11 processing /app/data/T0015/315875/b34046x/arccore-315875/examples/os_simple/example_info.txt
2026-02-05 18:47:21,426 - Knowledge - INFO - Worker kw6 processing /app/data/T0015/315875/b34046x/arccore-315875/drivers/Fls_SST25xx.c
2026-02-05 18:47:21,584 - Knowledge - INFO - Processing batch of 4 files
2026-02-05 18:47:21,603 - Knowledge - INFO - process ingested knowledge for /app/data/T0015/315875/b34046x/arccore-315875/boards/mpc5634m_trk/examples/os_simple/config/Det_Cfg.h
2026-02-05 18:47:21,652 - Knowledge - INFO - [LLM_CALL] Completed: EcuM_PBcfg.c:chunk1, Duration: 5934ms, PromptTokens: 2900, CompletionTokens: 251, Cost: $0.00039
2026-02-05 18:47:21,730 - Knowledge - INFO - Worker kw13 processing /app/data/T0015/315875/b34046x/arccore-315875/drivers/serial_dbg_noice.h
2026-02-05 18:47:21,844 - Knowledge - INFO - process ingested knowledge for /app/data/T0015/315875/b34046x/arccore-315875/boards/mpc5604p_trk/config/Dma_Cfg.c
2026-02-05 18:47:21,972 - Knowledge - INFO - process ingested knowledge for /app/data/T0015/315875/b34046x/arccore-315875/boards/mpc5604p_trk/config/Fls_Cfg.c
2026-02-05 18:47:22,060 - Knowledge - INFO - Fast-tracked /app/data/T0015/315875/b34046x/arccore-315875/drivers/serial_dbg_t32.h (ext=.h, size=938)
2026-02-05 18:47:22,738 - Knowledge - INFO - Fast-tracked /app/data/T0015/315875/b34046x/arccore-315875/examples/rte_simple/Tester.c (ext=.c, size=879)
2026-02-05 18:47:22,812 - Knowledge - INFO - Fast-tracked /app/data/T0015/315875/b34046x/arccore-315875/examples/rte_simple/Logger2.c (ext=.c, size=319)
2026-02-05 18:47:22,911 - Knowledge - INFO - Fast-tracked /app/data/T0015/315875/b34046x/arccore-315875/examples/os_simple/example_info.txt (ext=.txt, size=295)
2026-02-05 18:47:23,005 - Knowledge - INFO - Worker kw6 processing /app/data/T0015/315875/b34046x/arccore-315875/drivers/serial_dbg_t32.c
2026-02-05 18:47:23,117 - Knowledge - INFO - process ingested knowledge for /app/data/T0015/315875/b34046x/arccore-315875/boards/mpc5604p_trk/examples/os_simple/config/Os_Cfg.h
2026-02-05 18:47:23,283 - Knowledge - INFO - process ingested knowledge for /app/data/T0015/315875/b34046x/arccore-315875/boards/mpc5634m_trk/examples/os_simple/config/Mcu_Cfg.h
2026-02-05 18:47:23,358 - Knowledge - INFO - done ingest for /app/data/T0015/315875/b34046x/arccore-315875/boards/mpc5604p_trk/examples/os_simple/config/EcuM_PBcfg.c
2026-02-05 18:47:23,359 - Knowledge - INFO - [LLM_CALL] Completed: Os_Cfg.c:chunk1, Duration: 3972ms, PromptTokens: 3066, CompletionTokens: 268, Cost: $0.00041
2026-02-05 18:47:23,470 - Knowledge - INFO - Fast-tracked /app/data/T0015/315875/b34046x/arccore-315875/drivers/serial_dbg_noice.h (ext=.h, size=946)
2026-02-05 18:47:23,644 - Knowledge - INFO - process ingested knowledge for /app/data/T0015/315875/b34046x/arccore-315875/boards/mpc5604p_trk/config/Fls_Cfg.h
2026-02-05 18:47:23,742 - Knowledge - INFO - Worker kw9 processing /app/data/T0015/315875/b34046x/arccore-315875/drivers/serial_dbg_ude.c
2026-02-05 18:47:23,840 - Knowledge - INFO - process ingested knowledge for /app/data/T0015/315875/b34046x/arccore-315875/boards/mpc5604p_trk/config/Wdg_Cfg.h
2026-02-05 18:47:23,866 - Knowledge - INFO - Async storage completed for 4 embeddings
2026-02-05 18:47:23,986 - Knowledge - INFO - Async storage completed for 4 embeddings
2026-02-05 18:47:24,180 - Knowledge - INFO - Worker kw6 processing /app/data/T0015/315875/b34046x/arccore-315875/drivers/Adc_Internal.c
2026-02-05 18:47:24,306 - Knowledge - INFO - process ingested knowledge for /app/data/T0015/315875/b34046x/arccore-315875/boards/mpc5604p_trk/examples/os_simple/config/EcuM_Cfg.h
2026-02-05 18:47:24,393 - Knowledge - INFO - process ingested knowledge for /app/data/T0015/315875/b34046x/arccore-315875/boards/mpc5634m_trk/examples/os_simple/config/Mcu_Cfg.c
2026-02-05 18:47:24,571 - Knowledge - INFO - done ingest for /app/data/T0015/315875/b34046x/arccore-315875/boards/mpc5604p_trk/examples/os_simple/config/Os_Cfg.c
2026-02-05 18:47:24,628 - Knowledge - INFO - [WEBSOCKET] Sent: Type=progress_update, Size: 276, Duration: 0ms
2026-02-05 18:47:24,693 - Knowledge - INFO - Worker kw13 processing /app/data/T0015/315875/b34046x/arccore-315875/drivers/serial_dbg_ude.h
2026-02-05 18:47:24,854 - Knowledge - INFO - process ingested knowledge for /app/data/T0015/315875/b34046x/arccore-315875/boards/mpc5604p_trk/config/Eep_Lcfg.c
2026-02-05 18:47:24,970 - Knowledge - INFO - Fast-tracked /app/data/T0015/315875/b34046x/arccore-315875/drivers/serial_dbg_noice.c (small file (2931 bytes))
2026-02-05 18:47:25,151 - Knowledge - INFO - process ingested knowledge for /app/data/T0015/315875/b34046x/arccore-315875/boards/mpc5604p_trk/config/Dma_Cfg.h
2026-02-05 18:47:25,420 - Knowledge - INFO - Fast-tracked /app/data/T0015/315875/b34046x/arccore-315875/drivers/Adc_Internal.h (small file (2362 bytes))
2026-02-05 18:47:25,579 - Knowledge - INFO - process ingested knowledge for /app/data/T0015/315875/b34046x/arccore-315875/boards/mpc5604p_trk/examples/os_simple/build_config.mk
2026-02-05 18:47:25,635 - Knowledge - INFO - process ingested knowledge for /app/data/T0015/315875/b34046x/arccore-315875/boards/mpc5634m_trk/examples/os_simple/config/Os_Cfg.h
2026-02-05 18:47:25,687 - Knowledge - INFO - Fast-tracked /app/data/T0015/315875/b34046x/arccore-315875/examples/os_simple/os_simple.c (small file (2466 bytes))
2026-02-05 18:47:25,813 - Knowledge - INFO - Processing batch of 4 files
2026-02-05 18:47:25,821 - Knowledge - INFO - [LLM_CALL] Completed: Fls_Cfg.c:chunk1, Duration: 6441ms, PromptTokens: 3834, CompletionTokens: 180, Cost: $0.00046
2026-02-05 18:47:25,928 - Knowledge - INFO - Fast-tracked /app/data/T0015/315875/b34046x/arccore-315875/drivers/serial_dbg_ude.h (ext=.h, size=938)
2026-02-05 18:47:26,031 - Knowledge - INFO - process ingested knowledge for /app/data/T0015/315875/b34046x/arccore-315875/boards/mpc5604p_trk/config/Wdg_Lcfg.c
2026-02-05 18:47:26,179 - Knowledge - INFO - process ingested knowledge for /app/data/T0015/315875/b34046x/arccore-315875/boards/mpc5604p_trk/config/Eep_Cfg.h
2026-02-05 18:47:26,369 - Knowledge - INFO - process ingested knowledge for /app/data/T0015/315875/b34046x/arccore-315875/boards/mpc5634m_trk/config/Dma_Cfg.c
2026-02-05 18:47:26,560 - Knowledge - INFO - Async storage completed for 5 embeddings
2026-02-05 18:47:26,679 - Knowledge - INFO - process ingested knowledge for /app/data/T0015/315875/b34046x/arccore-315875/boards/mpc5604p_trk/board_info.txt
2026-02-05 18:47:26,803 - Knowledge - INFO - done ingest for /app/data/T0015/315875/b34046x/arccore-315875/boards/mpc5634m_trk/config/Fls_Cfg.c
2026-02-05 18:47:26,806 - Knowledge - INFO - [WEBSOCKET] Sent: Type=unknown, Size: ?, Duration: 2178ms
2026-02-05 18:47:27,319 - Knowledge - INFO - process ingested knowledge for /app/data/T0015/315875/b34046x/arccore-315875/boards/mpc5604p_trk/build_config.mk
2026-02-05 18:47:27,470 - Knowledge - INFO - Progress: 96.8% | Files: 1055/1086 | Rate: 1.75 files/sec | Queue: 0
2026-02-05 18:47:27,478 - Knowledge - INFO - done ingest for /app/data/T0015/315875/b34046x/arccore-315875/boards/mpc5634m_trk/examples/os_simple/config/EcuM_PBcfg.c
2026-02-05 18:47:27,482 - Knowledge - INFO - done ingest for /app/data/T0015/315875/b34046x/arccore-315875/boards/mpc5634m_trk/config/Eep_Lcfg.c
2026-02-05 18:47:27,662 - Knowledge - INFO - process ingested knowledge for /app/data/T0015/315875/b34046x/arccore-315875/boards/mpc5604p_trk/examples/os_simple/config/EcuM.mk
2026-02-05 18:47:27,795 - Knowledge - INFO - Processing batch of 4 files
2026-02-05 18:47:27,907 - Knowledge - INFO - done ingest for /app/data/T0015/315875/b34046x/arccore-315875/boards/mpc5634m_trk/examples/os_simple/config/Os_Cfg.c
2026-02-05 18:47:28,071 - Knowledge - INFO - Processing batch of 4 files
2026-02-05 18:47:28,125 - Knowledge - INFO - process ingested knowledge for /app/data/T0015/315875/b34046x/arccore-315875/boards/mpc5634m_trk/examples/os_simple/config/EcuM_Cfg.h
2026-02-05 18:47:28,260 - Knowledge - INFO - done ingest for /app/data/T0015/315875/b34046x/arccore-315875/boards/mpc5634m_trk/config/Fls_Cfg.h
2026-02-05 18:47:28,299 - Knowledge - INFO - process ingested knowledge for /app/data/T0015/315875/b34046x/arccore-315875/boards/mpc5604p_trk/examples/os_simple/config/EcuM_PBcfg.c
2026-02-05 18:47:28,320 - Knowledge - INFO - Processing batch of 4 files
2026-02-05 18:47:28,330 - Knowledge - INFO - Processing batch of 4 files
2026-02-05 18:47:28,374 - Knowledge - INFO - process ingested knowledge for /app/data/T0015/315875/b34046x/arccore-315875/examples/rte_simple/rte_simple.mk
2026-02-05 18:47:28,479 - Knowledge - INFO - process ingested knowledge for /app/data/T0015/315875/b34046x/arccore-315875/boards/mpc5634m_trk/examples/os_simple/build_config.mk
2026-02-05 18:47:28,733 - Knowledge - INFO - process ingested knowledge for /app/data/T0015/315875/b34046x/arccore-315875/boards/mpc5604p_trk/examples/os_simple/config/Os_Cfg.c
2026-02-05 18:47:28,748 - Knowledge - INFO - Processing batch of 4 files
2026-02-05 18:47:28,842 - Knowledge - INFO - process ingested knowledge for /app/data/T0015/315875/b34046x/arccore-315875/boards/mpc5634m_trk/build_config.mk
2026-02-05 18:47:28,952 - Knowledge - INFO - process ingested knowledge for /app/data/T0015/315875/b34046x/arccore-315875/examples/rte_simple/Logger.c
2026-02-05 18:47:29,068 - Knowledge - INFO - process ingested knowledge for /app/data/T0015/315875/b34046x/arccore-315875/rte/rte.c
2026-02-05 18:47:29,190 - Knowledge - INFO - process ingested knowledge for /app/data/T0015/315875/b34046x/arccore-315875/boards/mpc5604p_trk/examples/os_simple/config/Det_Cfg.h
2026-02-05 18:47:29,262 - Knowledge - INFO - process ingested knowledge for /app/data/T0015/315875/b34046x/arccore-315875/boards/mpc5634m_trk/config/Fls_Cfg.h
2026-02-05 18:47:29,332 - Knowledge - INFO - process ingested knowledge for /app/data/T0015/315875/b34046x/arccore-315875/boards/mpc5634m_trk/examples/os_simple/config/EcuM.mk
2026-02-05 18:47:29,415 - Knowledge - INFO - process ingested knowledge for /app/data/T0015/315875/b34046x/arccore-315875/examples/rte_simple/rte_simple.c
2026-02-05 18:47:29,518 - Knowledge - INFO - process ingested knowledge for /app/data/T0015/315875/b34046x/arccore-315875/examples/rte_simple/Tester.c
2026-02-05 18:47:29,593 - Knowledge - INFO - process ingested knowledge for /app/data/T0015/315875/b34046x/arccore-315875/boards/mpc5604p_trk/examples/os_simple/config/Mcu_Cfg.h
2026-02-05 18:47:29,679 - Knowledge - INFO - process ingested knowledge for /app/data/T0015/315875/b34046x/arccore-315875/boards/mpc5634m_trk/config/Eep_Lcfg.c
2026-02-05 18:47:29,762 - Knowledge - INFO - process ingested knowledge for /app/data/T0015/315875/b34046x/arccore-315875/boards/mpc5634m_trk/examples/os_simple/config/EcuM_PBcfg.c
2026-02-05 18:47:29,838 - Knowledge - INFO - process ingested knowledge for /app/data/T0015/315875/b34046x/arccore-315875/examples/rte_simple/Logger2.c
2026-02-05 18:47:29,988 - Knowledge - INFO - Async storage completed for 5 embeddings
2026-02-05 18:47:30,026 - Knowledge - INFO - process ingested knowledge for /app/data/T0015/315875/b34046x/arccore-315875/boards/mpc5604p_trk/examples/os_simple/config/Mcu_Cfg.c
2026-02-05 18:47:30,131 - Knowledge - INFO - process ingested knowledge for /app/data/T0015/315875/b34046x/arccore-315875/boards/mpc5634m_trk/config/Wdg_Lcfg.c
2026-02-05 18:47:30,211 - Knowledge - INFO - Async storage completed for 4 embeddings
2026-02-05 18:47:30,275 - Knowledge - INFO - process ingested knowledge for /app/data/T0015/315875/b34046x/arccore-315875/boards/mpc5634m_trk/examples/os_simple/config/Os_Cfg.c
2026-02-05 18:47:30,683 - Knowledge - INFO - process ingested knowledge for /app/data/T0015/315875/b34046x/arccore-315875/boards/mpc5634m_trk/config/Fls_Cfg.c
2026-02-05 18:47:32,115 - Knowledge - INFO - [LLM_CALL] Completed: system_hooks.c:chunk1, Duration: 7532ms, PromptTokens: 2952, CompletionTokens: 416, Cost: $0.00046
2026-02-05 18:47:32,159 - Knowledge - INFO - Async storage completed for 4 embeddings
2026-02-05 18:47:32,336 - Knowledge - INFO - done ingest for /app/data/T0015/315875/b34046x/arccore-315875/examples/system_hooks.c
2026-02-05 18:47:32,642 - Knowledge - INFO - Processing batch of 4 files
2026-02-05 18:47:32,797 - Knowledge - INFO - process ingested knowledge for /app/data/T0015/315875/b34046x/arccore-315875/examples/rte_simple/Calculator.c
2026-02-05 18:47:32,979 - Knowledge - INFO - process ingested knowledge for /app/data/T0015/315875/b34046x/arccore-315875/examples/system_hooks.c
2026-02-05 18:47:33,174 - Knowledge - INFO - process ingested knowledge for /app/data/T0015/315875/b34046x/arccore-315875/examples/os_simple/os_simple.c
2026-02-05 18:47:33,434 - Knowledge - INFO - process ingested knowledge for /app/data/T0015/315875/b34046x/arccore-315875/examples/os_simple/example_info.txt
2026-02-05 18:47:34,391 - Knowledge - INFO - [LLM_CALL] Completed: serial_dbg_winidea.c:chunk1, Duration: 6909ms, PromptTokens: 2612, CompletionTokens: 268, Cost: $0.00037
2026-02-05 18:47:34,614 - Knowledge - INFO - done ingest for /app/data/T0015/315875/b34046x/arccore-315875/drivers/serial_dbg_winidea.c
2026-02-05 18:47:34,697 - Knowledge - INFO - [LLM_CALL] Completed: serial_dbg_ude.c:chunk1, Duration: 7216ms, PromptTokens: 3772, CompletionTokens: 377, Cost: $0.00053
2026-02-05 18:47:34,911 - Knowledge - INFO - done ingest for /app/data/T0015/315875/b34046x/arccore-315875/drivers/serial_dbg_ude.c
2026-02-05 18:47:34,911 - Knowledge - INFO - [WEBSOCKET] Sent: Type=progress_update, Size: 275, Duration: 0ms
2026-02-05 18:47:35,144 - Knowledge - INFO - [WEBSOCKET] Sent: Type=unknown, Size: ?, Duration: 233ms
2026-02-05 18:47:35,321 - Knowledge - INFO - Progress: 99.0% | Files: 1077/1086 | Rate: 1.76 files/sec | Queue: 0
2026-02-05 18:47:35,388 - Knowledge - INFO - Processing batch of 3 files
2026-02-05 18:47:35,395 - Knowledge - INFO - Processing batch of 4 files
2026-02-05 18:47:35,567 - Knowledge - INFO - process ingested knowledge for /app/data/T0015/315875/b34046x/arccore-315875/drivers/serial_dbg_winidea.c
2026-02-05 18:47:35,667 - Knowledge - INFO - process ingested knowledge for /app/data/T0015/315875/b34046x/arccore-315875/drivers/serial_dbg_winidea.h
2026-02-05 18:47:35,795 - Knowledge - INFO - process ingested knowledge for /app/data/T0015/315875/b34046x/arccore-315875/drivers/serial_dbg_noice.h
2026-02-05 18:47:35,924 - Knowledge - INFO - process ingested knowledge for /app/data/T0015/315875/b34046x/arccore-315875/drivers/serial_dbg_noice.c
2026-02-05 18:47:36,022 - Knowledge - INFO - process ingested knowledge for /app/data/T0015/315875/b34046x/arccore-315875/drivers/serial_dbg_ude.h
2026-02-05 18:47:36,182 - Knowledge - INFO - process ingested knowledge for /app/data/T0015/315875/b34046x/arccore-315875/drivers/serial_dbg_t32.h
2026-02-05 18:47:36,542 - Knowledge - INFO - process ingested knowledge for /app/data/T0015/315875/b34046x/arccore-315875/drivers/serial_dbg_ude.c
2026-02-05 18:47:36,929 - Knowledge - INFO - [LLM_CALL] Completed: serial_dbg_t32.c:chunk1, Duration: 7020ms, PromptTokens: 2350, CompletionTokens: 376, Cost: $0.00039
2026-02-05 18:47:37,123 - Knowledge - INFO - done ingest for /app/data/T0015/315875/b34046x/arccore-315875/drivers/serial_dbg_t32.c
2026-02-05 18:47:37,475 - Knowledge - INFO - [LLM_CALL] Completed: Adc_Internal.c:chunk1, Duration: 6513ms, PromptTokens: 6204, CompletionTokens: 387, Cost: $0.00078
2026-02-05 18:47:37,714 - Knowledge - INFO - done ingest for /app/data/T0015/315875/b34046x/arccore-315875/drivers/Adc_Internal.c
2026-02-05 18:47:41,891 - Knowledge - INFO - [LLM_CALL] Completed: Fls_SST25xx.c:chunk1, Duration: 14411ms, PromptTokens: 16690, CompletionTokens: 756, Cost: $0.00197
2026-02-05 18:47:42,041 - Knowledge - INFO - done ingest for /app/data/T0015/315875/b34046x/arccore-315875/drivers/Fls_SST25xx.c
2026-02-05 18:47:42,256 - Knowledge - INFO - Processing batch of 4 files
2026-02-05 18:47:42,429 - Knowledge - INFO - process ingested knowledge for /app/data/T0015/315875/b34046x/arccore-315875/drivers/Adc_Internal.h
2026-02-05 18:47:42,591 - Knowledge - INFO - process ingested knowledge for /app/data/T0015/315875/b34046x/arccore-315875/drivers/Fls_SST25xx.c
2026-02-05 18:47:42,783 - Knowledge - INFO - process ingested knowledge for /app/data/T0015/315875/b34046x/arccore-315875/drivers/serial_dbg_t32.c
2026-02-05 18:47:43,017 - Knowledge - INFO - process ingested knowledge for /app/data/T0015/315875/b34046x/arccore-315875/drivers/Adc_Internal.c
2026-02-05 18:47:43,555 - Knowledge - INFO - Knowledge creation complete
2026-02-05 18:47:43,703 - Knowledge - INFO - ==================================================
2026-02-05 18:47:43,886 - Knowledge - INFO - KNOWLEDGE GRAPH GENERATION PERFORMANCE SUMMARY
2026-02-05 18:47:44,075 - Knowledge - INFO - ==================================================
2026-02-05 18:47:44,270 - Knowledge - INFO - Total processing time: 622.08 seconds (10.37 minutes)
2026-02-05 18:47:44,464 - Knowledge - INFO - Files processed: 0
2026-02-05 18:47:44,645 - Knowledge - INFO - Processing rate: 0.00 files/second
2026-02-05 18:47:44,835 - Knowledge - INFO - 
[TIME_BREAKDOWN]
2026-02-05 18:47:45,022 - Knowledge - INFO - File Reading: 0.00s (0.0%)
2026-02-05 18:47:45,191 - Knowledge - INFO - LLM Processing: 9957.61s (1600.7%)
2026-02-05 18:47:45,391 - Knowledge - INFO - MongoDB Operations: 0.00s (0.0%)
2026-02-05 18:47:45,594 - Knowledge - INFO - Redis Operations: 0.00s (0.0%)
2026-02-05 18:47:45,746 - Knowledge - INFO - WebSocket Communication: 64.01s (10.3%)
2026-02-05 18:47:45,957 - Knowledge - INFO - 
[LLM_STATS]
2026-02-05 18:47:46,098 - Knowledge - INFO - Total LLM calls: 264
2026-02-05 18:47:46,257 - Knowledge - INFO - Average LLM response time: 37718ms
2026-02-05 18:47:46,407 - Knowledge - INFO - Average prompt tokens: 5648.1
2026-02-05 18:47:46,596 - Knowledge - INFO - Average completion tokens: 529.1
2026-02-05 18:47:46,757 - Knowledge - INFO - Total prompt tokens: 1491092
2026-02-05 18:47:46,899 - Knowledge - INFO - Total completion tokens: 139678
2026-02-05 18:47:47,120 - Knowledge - INFO - Total LLM cost: $0.2050
2026-02-05 18:47:47,365 - Knowledge - INFO - 
[DATABASE_STATS]
2026-02-05 18:47:47,527 - Knowledge - INFO - MongoDB operations: 0
2026-02-05 18:47:47,706 - Knowledge - INFO - Redis operations: 0
2026-02-05 18:47:47,848 - Knowledge - INFO - 
[COMMUNICATION_STATS]
2026-02-05 18:47:48,034 - Knowledge - INFO - WebSocket messages sent: 67
2026-02-05 18:47:48,197 - Knowledge - INFO - Average message size: 146.3 bytes
2026-02-05 18:47:48,426 - Knowledge - INFO - 
[WORKER_STATS]
2026-02-05 18:47:48,598 - Knowledge - INFO - 
[FILE_TYPE_STATS]
2026-02-05 18:47:48,808 - Knowledge - INFO - 
[SLOWEST_FILES]
2026-02-05 18:47:48,965 - Knowledge - INFO - ==================================================
2026-02-05 18:47:49,136 - Knowledge - INFO - ==================================================
2026-02-05 18:47:49,321 - Knowledge - INFO - KNOWLEDGE GRAPH GENERATION PERFORMANCE SUMMARY
2026-02-05 18:47:49,482 - Knowledge - INFO - ==================================================
2026-02-05 18:47:49,636 - Knowledge - INFO - Total processing time: 627.57 seconds (10.46 minutes)
2026-02-05 18:47:49,978 - Knowledge - INFO - Files processed: 1086 of 1086
2026-02-05 18:47:50,157 - Knowledge - INFO - Processing rate: 1.73 files/second
2026-02-05 18:47:50,345 - Knowledge - INFO - WebSocket messages sent: 33
2026-02-05 18:47:50,504 - Knowledge - INFO - MongoDB operations: 1086
2026-02-05 18:47:50,668 - Knowledge - INFO - Average MongoDB ops per file: 1.00
2026-02-05 18:47:50,822 - Knowledge - INFO - LLM costs: $0.2227
2026-02-05 18:47:50,966 - Knowledge - INFO - Prompt tokens: 1634228
2026-02-05 18:47:51,140 - Knowledge - INFO - Completion tokens: 148191
2026-02-05 18:47:51,300 - Knowledge - INFO - Updating org costs, total cost: 0.22269919999999999
2026-02-05 18:47:52,594 - Knowledge - INFO - [WEBSOCKET] Sent: Type=progress_update, Size: 272, Duration: 0ms
2026-02-05 18:47:52,790 - Knowledge - INFO - Saving knowledge to Redis...
2026-02-05 18:47:53,805 - Knowledge - INFO - Knowledge saved to Redis successfully
